content_id,client_id,decline_prob,reason_code
content_aa76dcfed6e7,client_3fdba35f04,0.7627497542010486,"High Visibility, Poor CTR - Needs Better Title/Meta"
content_f713f097536a,client_3fdba35f04,0.7623355654072708,"High Visibility, Poor CTR - Needs Better Title/Meta"
content_d0e81e632d6f,client_3fdba35f04,0.7619493782457042,"High Visibility, Poor CTR - Needs Better Title/Meta"
content_b74291f8efd2,client_3fdba35f04,0.7618852921126829,"High Visibility, Poor CTR - Needs Better Title/Meta"
content_972b2512be5e,client_3fdba35f04,0.7618852921126829,"High Visibility, Poor CTR - Needs Better Title/Meta"
content_2f98c1f72872,client_3fdba35f04,0.7612450546418897,"High Visibility, Poor CTR - Needs Better Title/Meta"
content_74511860897e,client_3fdba35f04,0.7610813884193979,"High Visibility, Poor CTR - Needs Better Title/Meta"
content_0265d1ec8372,client_3fdba35f04,0.7598876762686676,General Decay - Review Content Quality
content_eb0ce218868b,client_3fdba35f04,0.7591833526648532,"High Visibility, Poor CTR - Needs Better Title/Meta"
content_33941ec34343,client_3fdba35f04,0.7587524856899063,"High Visibility, Poor CTR - Needs Better Title/Meta"
content_84bcb41f8825,client_3fdba35f04,0.7578979767148118,"High Visibility, Poor CTR - Needs Better Title/Meta"
content_2d6bc8e57b4c,client_3fdba35f04,0.7576019576365222,"High Visibility, Poor CTR - Needs Better Title/Meta"
content_799c0a43649c,client_3fdba35f04,0.7573189245490262,General Decay - Review Content Quality
content_5649f2ca6712,client_3fdba35f04,0.7570517237965713,"High Visibility, Poor CTR - Needs Better Title/Meta"
content_73f3a3c5e203,client_3fdba35f04,0.7570287897389898,"High Visibility, Poor CTR - Needs Better Title/Meta"
content_b2723b0e21a1,client_3fdba35f04,0.7567517087717505,"High Visibility, Poor CTR - Needs Better Title/Meta"
content_c71eefc9a1e1,client_3fdba35f04,0.7566146009452117,"High Visibility, Poor CTR - Needs Better Title/Meta"
content_911264ec201b,client_3fdba35f04,0.7566146009452117,"High Visibility, Poor CTR - Needs Better Title/Meta"
content_0f4c6300ffca,client_3fdba35f04,0.7566146009452117,"High Visibility, Poor CTR - Needs Better Title/Meta"
content_0279831cd5f9,client_3fdba35f04,0.7559959052114621,"High Visibility, Poor CTR - Needs Better Title/Meta"
content_9415311161be,client_3fdba35f04,0.7559049185933684,"High Visibility, Poor CTR - Needs Better Title/Meta"
content_f55fd2d8ed04,client_4e07408562,0.7557568088348658,"High Visibility, Poor CTR - Needs Better Title/Meta"
content_d06315b2b326,client_3fdba35f04,0.7553148641868755,"High Visibility, Poor CTR - Needs Better Title/Meta"
content_97ca666d19ac,client_3fdba35f04,0.7551028229643292,"High Visibility, Poor CTR - Needs Better Title/Meta"
content_3164f3076003,client_8527a891e2,0.7549652528689162,"High Visibility, Poor CTR - Needs Better Title/Meta"
content_c4a6fa4ffe22,client_e629fa6598,0.754610540583061,"High Visibility, Poor CTR - Needs Better Title/Meta"
content_26bfe1eb60fb,client_3fdba35f04,0.7545286279676201,"High Visibility, Poor CTR - Needs Better Title/Meta"
content_1d0963b56227,client_4e07408562,0.7542600357826901,"High Visibility, Poor CTR - Needs Better Title/Meta"
content_c1a9429f1310,client_3fdba35f04,0.7542382141852707,"High Visibility, Poor CTR - Needs Better Title/Meta"
content_8ba66fe8c1d3,client_3fdba35f04,0.7540087376197562,General Decay - Review Content Quality
content_ff4cad67df87,client_3fdba35f04,0.7538129213723707,General Decay - Review Content Quality
content_c6da1bbdc259,client_3fdba35f04,0.7538000402159918,General Decay - Review Content Quality
content_9cddb79b32a7,client_3fdba35f04,0.7536513683305053,"High Visibility, Poor CTR - Needs Better Title/Meta"
content_108fa3fc86a7,client_3fdba35f04,0.7536513683305053,"High Visibility, Poor CTR - Needs Better Title/Meta"
content_d788e2c18ae8,client_4ec9599fc2,0.7536141022935405,"High Visibility, Poor CTR - Needs Better Title/Meta"
content_e04eb9549989,client_3fdba35f04,0.7535439575142483,"High Visibility, Poor CTR - Needs Better Title/Meta"
content_226a0dd99858,client_3fdba35f04,0.7533433869904281,"High Visibility, Poor CTR - Needs Better Title/Meta"
content_17a337de3495,client_3fdba35f04,0.752989244901379,"High Visibility, Poor CTR - Needs Better Title/Meta"
content_278e050f4120,client_3fdba35f04,0.7528813358565672,General Decay - Review Content Quality
content_e236db43d278,client_3fdba35f04,0.7526444890961771,General Decay - Review Content Quality
content_41323965b20c,client_3fdba35f04,0.7526315011032589,"High Visibility, Poor CTR - Needs Better Title/Meta"
content_6144912b17ff,client_3fdba35f04,0.7522795625495355,"High Visibility, Poor CTR - Needs Better Title/Meta"
content_4e3394831910,client_3fdba35f04,0.7521960747684477,"High Visibility, Poor CTR - Needs Better Title/Meta"
content_65bf969d1247,client_3fdba35f04,0.7521058749964411,"High Visibility, Poor CTR - Needs Better Title/Meta"
content_dbce424a0592,client_3fdba35f04,0.7518743847203051,"High Visibility, Poor CTR - Needs Better Title/Meta"
content_b01e11168073,client_3fdba35f04,0.7517449481282903,"High Visibility, Poor CTR - Needs Better Title/Meta"
content_4d1295d31a4b,client_3fdba35f04,0.751688254036415,"High Visibility, Poor CTR - Needs Better Title/Meta"
content_05e445fa2143,client_3fdba35f04,0.751688254036415,"High Visibility, Poor CTR - Needs Better Title/Meta"
content_d2add76b0b3f,client_3fdba35f04,0.751688254036415,"High Visibility, Poor CTR - Needs Better Title/Meta"
content_46c1b521c941,client_3fdba35f04,0.751688254036415,"High Visibility, Poor CTR - Needs Better Title/Meta"
content_12913e63df31,client_3fdba35f04,0.751688254036415,"High Visibility, Poor CTR - Needs Better Title/Meta"
content_530e806b3245,client_3fdba35f04,0.751688254036415,"High Visibility, Poor CTR - Needs Better Title/Meta"
content_f97e09bba9e2,client_3fdba35f04,0.751688254036415,"High Visibility, Poor CTR - Needs Better Title/Meta"
content_7e3d9c85959b,client_4e07408562,0.751688254036415,"High Visibility, Poor CTR - Needs Better Title/Meta"
content_f8218d351ad6,client_3fdba35f04,0.751688254036415,"High Visibility, Poor CTR - Needs Better Title/Meta"
content_ad0cfc47f825,client_3fdba35f04,0.751688254036415,"High Visibility, Poor CTR - Needs Better Title/Meta"
content_b4f35d640b1c,client_3fdba35f04,0.751688254036415,"High Visibility, Poor CTR - Needs Better Title/Meta"
content_726c7e761f6a,client_3fdba35f04,0.7515789398040316,"High Visibility, Poor CTR - Needs Better Title/Meta"
content_4d76cdb3387b,client_3fdba35f04,0.7514822555372116,"High Visibility, Poor CTR - Needs Better Title/Meta"
content_04f9c8cfb061,client_3fdba35f04,0.7514822555372116,"High Visibility, Poor CTR - Needs Better Title/Meta"
content_351051794a7b,client_3fdba35f04,0.7511715747825933,General Decay - Review Content Quality
content_bb1edbf0ba6c,client_4e07408562,0.7511715747825933,"High Visibility, Poor CTR - Needs Better Title/Meta"
content_e9fa23790eea,client_3fdba35f04,0.750621076982669,"High Visibility, Poor CTR - Needs Better Title/Meta"
content_e88c269d36d5,client_3fdba35f04,0.7504565476968972,"High Visibility, Poor CTR - Needs Better Title/Meta"
content_14c1fa595bbf,client_3fdba35f04,0.7503636853170187,General Decay - Review Content Quality
content_8b12d7eb7b40,client_4e07408562,0.7502415424523066,"High Visibility, Poor CTR - Needs Better Title/Meta"
content_74d93e56c80d,client_3fdba35f04,0.7500297684695485,"High Visibility, Poor CTR - Needs Better Title/Meta"
content_69d4df8e4364,client_3fdba35f04,0.7500297684695485,"High Visibility, Poor CTR - Needs Better Title/Meta"
content_1db3db7b06c0,client_3fdba35f04,0.749851657172296,"High Visibility, Poor CTR - Needs Better Title/Meta"
content_aa8319b2944c,client_3fdba35f04,0.7498450604985116,General Decay - Review Content Quality
content_c0ef2f7a1365,client_3fdba35f04,0.7497856025664993,"High Visibility, Poor CTR - Needs Better Title/Meta"
content_2709b04eabd3,client_3fdba35f04,0.7495372188484921,"High Visibility, Poor CTR - Needs Better Title/Meta"
content_91fefd1726b3,client_3fdba35f04,0.7495372188484921,"High Visibility, Poor CTR - Needs Better Title/Meta"
content_25356349cdf1,client_3fdba35f04,0.7495372188484921,"High Visibility, Poor CTR - Needs Better Title/Meta"
content_8266feeb482d,client_3fdba35f04,0.7495372188484921,"High Visibility, Poor CTR - Needs Better Title/Meta"
content_28432c97f315,client_3fdba35f04,0.7495372188484921,"High Visibility, Poor CTR - Needs Better Title/Meta"
content_750142aace28,client_3fdba35f04,0.7495372188484921,"High Visibility, Poor CTR - Needs Better Title/Meta"
content_d829395fda44,client_3fdba35f04,0.7494603146468632,General Decay - Review Content Quality
content_de5237eb8328,client_4ec9599fc2,0.7494603146468632,General Decay - Review Content Quality
content_715643ea038f,client_3fdba35f04,0.7494603146468632,General Decay - Review Content Quality
content_9556d6ddd2db,client_3fdba35f04,0.7494603146468632,General Decay - Review Content Quality
content_dc092b2536cd,client_3fdba35f04,0.7494603146468632,General Decay - Review Content Quality
content_212e86a9fe84,client_3fdba35f04,0.7494603146468632,General Decay - Review Content Quality
content_ffef3141126f,client_3fdba35f04,0.7494603146468632,General Decay - Review Content Quality
content_05b8cc2c3df8,client_4ec9599fc2,0.7494603146468632,General Decay - Review Content Quality
content_226c9fcb5d83,client_3fdba35f04,0.7494603146468632,General Decay - Review Content Quality
content_7dcf92ab3e39,client_3fdba35f04,0.7494603146468632,General Decay - Review Content Quality
content_8f1409b2674e,client_8527a891e2,0.7494603146468632,General Decay - Review Content Quality
content_6cb1ccf2085a,client_3fdba35f04,0.7494603146468632,General Decay - Review Content Quality
content_2d35636c9425,client_3fdba35f04,0.7494603146468632,General Decay - Review Content Quality
content_6034ce79ea65,client_3fdba35f04,0.7494603146468632,General Decay - Review Content Quality
content_a662ef2af9b4,client_8527a891e2,0.7494603146468632,General Decay - Review Content Quality
content_e24e38119221,client_3fdba35f04,0.7494603146468632,General Decay - Review Content Quality
content_9412afc8a975,client_3fdba35f04,0.7494603146468632,General Decay - Review Content Quality
content_44e3f0d3acd7,client_3fdba35f04,0.7494603146468632,General Decay - Review Content Quality
content_45c21c627f79,client_3fdba35f04,0.7494603146468632,General Decay - Review Content Quality
content_2b4d3c36b724,client_3fdba35f04,0.7494603146468632,General Decay - Review Content Quality
content_1ce970a1e740,client_3fdba35f04,0.7494603146468632,General Decay - Review Content Quality
content_86444e331502,client_3fdba35f04,0.7494603146468632,General Decay - Review Content Quality
content_345ddb5d3d57,client_3fdba35f04,0.7494603146468632,General Decay - Review Content Quality
content_c5fccd229593,client_3fdba35f04,0.7494603146468632,General Decay - Review Content Quality
content_f54b8533444d,client_3fdba35f04,0.7494603146468632,General Decay - Review Content Quality
content_1c3154cc7576,client_3fdba35f04,0.7494603146468632,General Decay - Review Content Quality
content_f41fb10735e4,client_3fdba35f04,0.7494603146468632,General Decay - Review Content Quality
content_c9c5cbaa8586,client_1a6562590e,0.7494603146468632,General Decay - Review Content Quality
content_9824710082d8,client_3fdba35f04,0.7494603146468632,General Decay - Review Content Quality
content_07d5ab4b7da9,client_3fdba35f04,0.7494603146468632,General Decay - Review Content Quality
content_591e42284b84,client_3fdba35f04,0.7494603146468632,General Decay - Review Content Quality
content_e3f78ae9c001,client_3fdba35f04,0.7494603146468632,General Decay - Review Content Quality
content_ce242cbf4233,client_3fdba35f04,0.7494603146468632,General Decay - Review Content Quality
content_4f1aef683b3f,client_3fdba35f04,0.7494603146468632,"High Visibility, Poor CTR - Needs Better Title/Meta"
content_fba5eaca6a9d,client_3fdba35f04,0.7494603146468632,General Decay - Review Content Quality
content_fc46114c452e,client_4ec9599fc2,0.7494603146468632,General Decay - Review Content Quality
content_b5286cb71075,client_3fdba35f04,0.7494603146468632,General Decay - Review Content Quality
content_c7808ae5ec90,client_3fdba35f04,0.7494603146468632,General Decay - Review Content Quality
content_e89c41dd69ad,client_3fdba35f04,0.7494603146468632,General Decay - Review Content Quality
content_f6c4f4af5cac,client_3fdba35f04,0.7494603146468632,General Decay - Review Content Quality
content_19fe39ccd4df,client_3fdba35f04,0.7494603146468632,General Decay - Review Content Quality
content_05dddcace16b,client_3fdba35f04,0.7494603146468632,General Decay - Review Content Quality
content_c98e2aed873d,client_3fdba35f04,0.7494603146468632,General Decay - Review Content Quality
content_3e1c6b734991,client_3fdba35f04,0.7494603146468632,General Decay - Review Content Quality
content_113246a5f8dd,client_3fdba35f04,0.7494603146468632,General Decay - Review Content Quality
content_dcd0642decdb,client_3fdba35f04,0.7494603146468632,General Decay - Review Content Quality
content_ad118f21d1a0,client_3fdba35f04,0.7494603146468632,General Decay - Review Content Quality
content_f56e372600a7,client_3fdba35f04,0.7494603146468632,General Decay - Review Content Quality
content_97fb1f3ff6fc,client_3fdba35f04,0.7494603146468632,General Decay - Review Content Quality
content_c788b01d5b46,client_4ec9599fc2,0.7494603146468632,General Decay - Review Content Quality
content_8bac7e68dc86,client_3fdba35f04,0.7494603146468632,General Decay - Review Content Quality
content_956fa666a622,client_3fdba35f04,0.7494603146468632,General Decay - Review Content Quality
content_f419d77ee74a,client_3fdba35f04,0.7494603146468632,"High Visibility, Poor CTR - Needs Better Title/Meta"
content_66ad6ed109ff,client_3fdba35f04,0.7494603146468632,General Decay - Review Content Quality
content_ae53827c2894,client_3fdba35f04,0.7494603146468632,General Decay - Review Content Quality
content_c4e9a1686a5d,client_3fdba35f04,0.7494603146468632,General Decay - Review Content Quality
content_a0daee2036e8,client_3fdba35f04,0.7494603146468632,General Decay - Review Content Quality
content_0361d8df96e6,client_3fdba35f04,0.7494603146468632,General Decay - Review Content Quality
content_764c04089358,client_3fdba35f04,0.7494603146468632,General Decay - Review Content Quality
content_fac9e8c13f4c,client_3fdba35f04,0.7494603146468632,General Decay - Review Content Quality
content_f92cc1c6fb29,client_3fdba35f04,0.7494603146468632,General Decay - Review Content Quality
content_cbd782c11268,client_3fdba35f04,0.7494603146468632,General Decay - Review Content Quality
content_a9eb52c9800c,client_3fdba35f04,0.7494603146468632,General Decay - Review Content Quality
content_30e28ce98183,client_3fdba35f04,0.7494603146468632,General Decay - Review Content Quality
content_04d7435934f0,client_3fdba35f04,0.7494603146468632,General Decay - Review Content Quality
content_33dbb6eda775,client_3fdba35f04,0.7494603146468632,General Decay - Review Content Quality
content_6ab7fd4c71af,client_4e07408562,0.7494603146468632,General Decay - Review Content Quality
content_2d285a8495a5,client_4ec9599fc2,0.7494603146468632,General Decay - Review Content Quality
content_7e1a748d925e,client_3fdba35f04,0.7494603146468632,"High Visibility, Poor CTR - Needs Better Title/Meta"
content_0addfaf954b1,client_4ec9599fc2,0.7494603146468632,General Decay - Review Content Quality
content_ac313f093729,client_3fdba35f04,0.7494603146468632,General Decay - Review Content Quality
content_45c46ffdfc85,client_3fdba35f04,0.7494603146468632,General Decay - Review Content Quality
content_8dba22b835f8,client_3fdba35f04,0.7494603146468632,"High Visibility, Poor CTR - Needs Better Title/Meta"
content_2e9bc4a1ef83,client_3fdba35f04,0.7494603146468632,General Decay - Review Content Quality
content_6dbee08d40f8,client_3fdba35f04,0.7494603146468632,General Decay - Review Content Quality
content_4545e0f37871,client_3fdba35f04,0.7491920685930963,General Decay - Review Content Quality
content_1f7638fecdc1,client_3fdba35f04,0.7491920685930963,General Decay - Review Content Quality
content_55139d0defae,client_4e07408562,0.7491920685930963,General Decay - Review Content Quality
content_2744dcacbe42,client_3fdba35f04,0.7491920685930963,General Decay - Review Content Quality
content_9a8f08a47294,client_3fdba35f04,0.7491920685930963,General Decay - Review Content Quality
content_e0ae71489787,client_4ec9599fc2,0.7491920685930963,General Decay - Review Content Quality
content_5d8cc9246c52,client_4e07408562,0.7491920685930963,General Decay - Review Content Quality
content_1b74b27f23b9,client_3fdba35f04,0.7491920685930963,General Decay - Review Content Quality
content_bc3b77589ed3,client_3fdba35f04,0.7491920685930963,General Decay - Review Content Quality
content_a10924bced3d,client_3fdba35f04,0.7491920685930963,General Decay - Review Content Quality
content_4e658a59c333,client_3fdba35f04,0.7491920685930963,General Decay - Review Content Quality
content_81b3da3b96e0,client_3fdba35f04,0.7491920685930963,General Decay - Review Content Quality
content_861205133cbc,client_3fdba35f04,0.7491920685930963,General Decay - Review Content Quality
content_f552433bab3c,client_3fdba35f04,0.7491920685930963,General Decay - Review Content Quality
content_ffeed86ef360,client_3fdba35f04,0.7491920685930963,General Decay - Review Content Quality
content_eb343bba87f8,client_3fdba35f04,0.7491920685930963,General Decay - Review Content Quality
content_f4b91792aea4,client_3fdba35f04,0.7491016277672625,General Decay - Review Content Quality
content_9b6df29f7889,client_3fdba35f04,0.7490841950926397,"High Visibility, Poor CTR - Needs Better Title/Meta"
content_412512ea6fc3,client_3fdba35f04,0.7487671848027189,General Decay - Review Content Quality
content_6e3b3e151745,client_4ec9599fc2,0.7487559910430488,"High Visibility, Poor CTR - Needs Better Title/Meta"
content_e988c1699454,client_8527a891e2,0.7487559910430488,"High Visibility, Poor CTR - Needs Better Title/Meta"
content_bb6ebb5ec8c8,client_3fdba35f04,0.7487559910430488,"High Visibility, Poor CTR - Needs Better Title/Meta"
content_d77e888445e9,client_3fdba35f04,0.7487333151552071,"High Visibility, Poor CTR - Needs Better Title/Meta"
content_b1b612221caa,client_3fdba35f04,0.7487333151552071,"High Visibility, Poor CTR - Needs Better Title/Meta"
content_5dcd9c312d22,client_3fdba35f04,0.7487333151552071,"High Visibility, Poor CTR - Needs Better Title/Meta"
content_05fb66f99f0d,client_3fdba35f04,0.7487333151552071,"High Visibility, Poor CTR - Needs Better Title/Meta"
content_0a5e5e5f58bc,client_3fdba35f04,0.7486301670637466,"High Visibility, Poor CTR - Needs Better Title/Meta"
content_e76ac7fed711,client_3fdba35f04,0.7485501904084315,"High Visibility, Poor CTR - Needs Better Title/Meta"
content_ccf887ee3581,client_4e07408562,0.7485501904084315,"High Visibility, Poor CTR - Needs Better Title/Meta"
content_d438c03718ab,client_4ec9599fc2,0.7485501904084315,"High Visibility, Poor CTR - Needs Better Title/Meta"
content_a58f071719a3,client_3fdba35f04,0.7481119208499335,"High Visibility, Poor CTR - Needs Better Title/Meta"
content_ff8019ba021d,client_3fdba35f04,0.7481119208499335,General Decay - Review Content Quality
content_9c8f9dc24e85,client_3fdba35f04,0.7480289915513927,"High Visibility, Poor CTR - Needs Better Title/Meta"
content_ba6f9dfcbca1,client_3fdba35f04,0.7480289915513927,"High Visibility, Poor CTR - Needs Better Title/Meta"
content_de89aaff1ad4,client_3fdba35f04,0.7480289915513927,"High Visibility, Poor CTR - Needs Better Title/Meta"
content_ed7eedcedbbe,client_3fdba35f04,0.7480289915513927,"High Visibility, Poor CTR - Needs Better Title/Meta"
content_184165640010,client_3fdba35f04,0.7480289915513927,"High Visibility, Poor CTR - Needs Better Title/Meta"
content_46a1ecbb5fa5,client_3fdba35f04,0.7479536214177511,"High Visibility, Poor CTR - Needs Better Title/Meta"
content_cbbf16037e5e,client_3fdba35f04,0.7478904559056797,"High Visibility, Poor CTR - Needs Better Title/Meta"
content_4de40fdd9b03,client_3fdba35f04,0.7478435785352605,"High Visibility, Poor CTR - Needs Better Title/Meta"
content_dc121e39c6b6,client_3fdba35f04,0.747679268218191,General Decay - Review Content Quality
content_4059689bfb3f,client_3fdba35f04,0.7475539573583974,General Decay - Review Content Quality
content_2ba626fea4d6,client_8527a891e2,0.7475539573583974,General Decay - Review Content Quality
content_a7b437454458,client_3fdba35f04,0.7475539573583974,General Decay - Review Content Quality
content_87eaa1812259,client_4ec9599fc2,0.7475539573583974,General Decay - Review Content Quality
content_68976b271781,client_3fdba35f04,0.7475539573583974,General Decay - Review Content Quality
content_06378264a47d,client_3fdba35f04,0.7475539573583974,General Decay - Review Content Quality
content_f560c60ddc0c,client_3fdba35f04,0.7475539573583974,General Decay - Review Content Quality
content_76c323b9180a,client_3fdba35f04,0.7475539573583974,"High Visibility, Poor CTR - Needs Better Title/Meta"
content_7d67b997b662,client_3fdba35f04,0.7475539573583974,General Decay - Review Content Quality
content_61a49a6ae3db,client_3fdba35f04,0.7475539573583974,General Decay - Review Content Quality
content_6e795d276edb,client_3fdba35f04,0.7475539573583974,General Decay - Review Content Quality
content_b347ee0ce836,client_3fdba35f04,0.7475539573583974,General Decay - Review Content Quality
content_9d4e9f7b6e58,client_3fdba35f04,0.7475539573583974,General Decay - Review Content Quality
content_6b5196195b13,client_3fdba35f04,0.7475539573583974,General Decay - Review Content Quality
content_9de1f0e1077b,client_624b60c58c,0.7475539573583974,"High Visibility, Poor CTR - Needs Better Title/Meta"
content_f3ac2b55033f,client_3fdba35f04,0.7475539573583974,General Decay - Review Content Quality
content_f35ad69755db,client_3fdba35f04,0.7475539573583974,General Decay - Review Content Quality
content_c00005154fb7,client_3fdba35f04,0.7475539573583974,General Decay - Review Content Quality
content_761720ad15a6,client_0b918943df,0.7475539573583974,General Decay - Review Content Quality
content_66cb6a723db1,client_3fdba35f04,0.7475539573583974,General Decay - Review Content Quality
content_5aeeee0d8a7c,client_3fdba35f04,0.7475539573583974,General Decay - Review Content Quality
content_228c590ed9a3,client_d59eced1de,0.7475539573583974,General Decay - Review Content Quality
content_69212267c710,client_3fdba35f04,0.7475539573583974,General Decay - Review Content Quality
content_6af4dbfe0470,client_3fdba35f04,0.7475539573583974,General Decay - Review Content Quality
content_5f0f461171e1,client_3fdba35f04,0.7475539573583974,General Decay - Review Content Quality
content_ba60decb51d4,client_3fdba35f04,0.7475539573583974,General Decay - Review Content Quality
content_e61ce7103a05,client_3fdba35f04,0.7475539573583974,General Decay - Review Content Quality
content_ddbd23e35481,client_3fdba35f04,0.7475539573583974,General Decay - Review Content Quality
content_35fe61cd0569,client_3fdba35f04,0.7475539573583974,General Decay - Review Content Quality
content_3570c2fe1c06,client_3fdba35f04,0.7475539573583974,General Decay - Review Content Quality
content_7766ffacdcfa,client_8527a891e2,0.7475539573583974,General Decay - Review Content Quality
content_e53f7e3c81d0,client_3fdba35f04,0.7475539573583974,General Decay - Review Content Quality
content_a6ca34ee4c5e,client_4e07408562,0.7475539573583974,General Decay - Review Content Quality
content_f3b57cc4e81a,client_4ec9599fc2,0.7475539573583974,General Decay - Review Content Quality
content_1e1f3b791a48,client_3fdba35f04,0.7475539573583974,General Decay - Review Content Quality
content_edc1454fe18e,client_3fdba35f04,0.7475539573583974,General Decay - Review Content Quality
content_38901cfffb9b,client_3fdba35f04,0.7475259333238544,General Decay - Review Content Quality
content_41588db8ea1d,client_3fdba35f04,0.7475259333238544,General Decay - Review Content Quality
content_1adfff72f798,client_3fdba35f04,0.7475259333238544,General Decay - Review Content Quality
content_cba6e91030ec,client_3fdba35f04,0.7475259333238544,General Decay - Review Content Quality
content_fb9c3fb3e755,client_02d20bbd7e,0.7475259333238544,General Decay - Review Content Quality
content_931496d08885,client_3fdba35f04,0.7475259333238544,General Decay - Review Content Quality
content_dc86a0c215e4,client_3fdba35f04,0.7475259333238544,General Decay - Review Content Quality
content_0f64f57f11ee,client_3fdba35f04,0.7475160242374607,General Decay - Review Content Quality
content_2f03e29a8c2a,client_3fdba35f04,0.7475160242374607,General Decay - Review Content Quality
content_c64eead456d1,client_3fdba35f04,0.7475160242374607,General Decay - Review Content Quality
content_5fb2569dc085,client_3fdba35f04,0.7475160242374607,General Decay - Review Content Quality
content_7f407351fd9a,client_3fdba35f04,0.7475160242374607,General Decay - Review Content Quality
content_7628907d8270,client_3fdba35f04,0.7475160242374607,General Decay - Review Content Quality
content_317811cf2d95,client_3fdba35f04,0.7475160242374607,General Decay - Review Content Quality
content_6ee1588e8bcb,client_3fdba35f04,0.7475160242374607,General Decay - Review Content Quality
content_d85e106be16f,client_3fdba35f04,0.7475160242374607,General Decay - Review Content Quality
content_eb299374f25e,client_e629fa6598,0.7475160242374607,General Decay - Review Content Quality
content_e9e048372d2b,client_3fdba35f04,0.7475160242374607,General Decay - Review Content Quality
content_2f53ad6c4e4d,client_3fdba35f04,0.7475160242374607,General Decay - Review Content Quality
content_e66d477a3184,client_3fdba35f04,0.7475160242374607,General Decay - Review Content Quality
content_3a1f8b441f3b,client_3fdba35f04,0.7475160242374607,General Decay - Review Content Quality
content_b9fa0515ab1c,client_3fdba35f04,0.7475160242374607,General Decay - Review Content Quality
content_4fa4b4987157,client_3fdba35f04,0.7475160242374607,General Decay - Review Content Quality
content_be0172f50252,client_3fdba35f04,0.7475160242374607,General Decay - Review Content Quality
content_8fc87ac3a9d1,client_3fdba35f04,0.7475160242374607,General Decay - Review Content Quality
content_cae546aab87e,client_3fdba35f04,0.7475160242374607,General Decay - Review Content Quality
content_605408bfa652,client_3fdba35f04,0.7475160242374607,General Decay - Review Content Quality
content_3b3a177aa66a,client_3fdba35f04,0.7475160242374607,General Decay - Review Content Quality
content_5644cbccd141,client_3fdba35f04,0.7475160242374607,General Decay - Review Content Quality
content_76e7834fe3a7,client_624b60c58c,0.7475160242374607,General Decay - Review Content Quality
content_92ce2f850a6b,client_3fdba35f04,0.7475016088156893,"High Visibility, Poor CTR - Needs Better Title/Meta"
content_ecd0b428fcae,client_3fdba35f04,0.7474465716751465,"High Visibility, Poor CTR - Needs Better Title/Meta"
content_3f4422cf50a7,client_3fdba35f04,0.7473194998959432,"High Visibility, Poor CTR - Needs Better Title/Meta"
content_d333007c70d9,client_3fdba35f04,0.7472576872700875,General Decay - Review Content Quality
content_0543ff5f46c6,client_3fdba35f04,0.7472477781836936,General Decay - Review Content Quality
content_72f285aa5a47,client_3fdba35f04,0.7472477781836936,General Decay - Review Content Quality
content_3302e42b9b95,client_3fdba35f04,0.7472477781836936,General Decay - Review Content Quality
content_13c5a5250ee1,client_3fdba35f04,0.7472333627619223,"High Visibility, Poor CTR - Needs Better Title/Meta"
content_2230586bb0c4,client_4e07408562,0.7472333627619223,"High Visibility, Poor CTR - Needs Better Title/Meta"
content_c775042f717b,client_3fdba35f04,0.747228076296978,General Decay - Review Content Quality
content_ef6e7d7cfe15,client_8527a891e2,0.747228076296978,General Decay - Review Content Quality
content_366a5202d6c8,client_3fdba35f04,0.747228076296978,General Decay - Review Content Quality
content_6fd8fafe34fc,client_3fdba35f04,0.747228076296978,General Decay - Review Content Quality
content_6114729d5509,client_3fdba35f04,0.747228076296978,General Decay - Review Content Quality
content_700de55b1459,client_4e07408562,0.747228076296978,"High Visibility, Poor CTR - Needs Better Title/Meta"
content_1ebc155d3d9b,client_3fdba35f04,0.747228076296978,General Decay - Review Content Quality
content_53c57ef1b73f,client_4ec9599fc2,0.747228076296978,General Decay - Review Content Quality
content_7667d13ba73d,client_3fdba35f04,0.747228076296978,General Decay - Review Content Quality
content_d447a286b0ed,client_4e07408562,0.747228076296978,General Decay - Review Content Quality
content_7250ecfc53de,client_3fdba35f04,0.747228076296978,General Decay - Review Content Quality
content_cefddab1be99,client_3fdba35f04,0.747228076296978,General Decay - Review Content Quality
content_706cc509a65c,client_3fdba35f04,0.747228076296978,General Decay - Review Content Quality
content_b85fcb896a50,client_3fdba35f04,0.747228076296978,General Decay - Review Content Quality
content_55e037db63d7,client_3fdba35f04,0.747228076296978,General Decay - Review Content Quality
content_1a612db66267,client_3fdba35f04,0.7472165950651132,General Decay - Review Content Quality
content_caacd384a89e,client_3fdba35f04,0.7471432177382037,General Decay - Review Content Quality
content_e0397aea7268,client_3fdba35f04,0.7470856315914447,"High Visibility, Poor CTR - Needs Better Title/Meta"
content_9a38a54c532e,client_3fdba35f04,0.7470351152337432,General Decay - Review Content Quality
content_b005f46f2e4c,client_3fdba35f04,0.7470351152337432,General Decay - Review Content Quality
content_b893db8d7619,client_3fdba35f04,0.7469598302432108,General Decay - Review Content Quality
content_e115a063d3c8,client_3fdba35f04,0.7469598302432108,General Decay - Review Content Quality
content_2fa6a97a3c70,client_4e07408562,0.7469598302432108,General Decay - Review Content Quality
content_ca8f273a3e0a,client_4e07408562,0.7469598302432108,General Decay - Review Content Quality
content_4500346533b1,client_3fdba35f04,0.7469598302432108,General Decay - Review Content Quality
content_a16cc7d0e1da,client_3fdba35f04,0.7469598302432108,General Decay - Review Content Quality
content_1c539e7bac93,client_3fdba35f04,0.7469598302432108,General Decay - Review Content Quality
content_d6570c51c9bd,client_3fdba35f04,0.7468496337545829,"High Visibility, Poor CTR - Needs Better Title/Meta"
content_db3af57fb22d,client_3fdba35f04,0.7468496337545829,"High Visibility, Poor CTR - Needs Better Title/Meta"
content_7d6b854fc594,client_3fdba35f04,0.7468117006336462,"High Visibility, Poor CTR - Needs Better Title/Meta"
content_904e0e9b3406,client_3fdba35f04,0.7466777372100786,"High Visibility, Poor CTR - Needs Better Title/Meta"
content_2eeb978900da,client_3fdba35f04,0.7466716131781707,General Decay - Review Content Quality
content_25a763874cf0,client_3fdba35f04,0.7466716131781707,General Decay - Review Content Quality
content_846bb4dd8b44,client_8527a891e2,0.7466716131781707,General Decay - Review Content Quality
content_318957423f66,client_3fdba35f04,0.7466716131781707,General Decay - Review Content Quality
content_9734389e166a,client_3fdba35f04,0.7466716131781707,General Decay - Review Content Quality
content_4de5ac811c80,client_3fdba35f04,0.7466716131781707,General Decay - Review Content Quality
content_c0da6295519b,client_3fdba35f04,0.7466716131781707,General Decay - Review Content Quality
content_8709453f0a51,client_3fdba35f04,0.7466716131781707,General Decay - Review Content Quality
content_a246ec39a533,client_3fdba35f04,0.7465735651652203,General Decay - Review Content Quality
content_3e5ea1d9ee75,client_3fdba35f04,0.7465237526931635,"High Visibility, Poor CTR - Needs Better Title/Meta"
content_d1147e37182c,client_3fdba35f04,0.7463774627934144,General Decay - Review Content Quality
content_85e46fc5781c,client_3fdba35f04,0.7463288860692103,"High Visibility, Poor CTR - Needs Better Title/Meta"
content_50720f1c81b6,client_3fdba35f04,0.746239430260306,General Decay - Review Content Quality
content_1f3f98790021,client_e629fa6598,0.746239430260306,General Decay - Review Content Quality
content_839755102d3f,client_3fdba35f04,0.746239430260306,General Decay - Review Content Quality
content_aa19617cee61,client_3fdba35f04,0.746239430260306,General Decay - Review Content Quality
content_46fbbacc0596,client_3fdba35f04,0.746239430260306,General Decay - Review Content Quality
content_72a32e05ab83,client_3fdba35f04,0.7459672895743562,"High Visibility, Poor CTR - Needs Better Title/Meta"
content_7f2e4d6bf2a8,client_3fdba35f04,0.7459672895743562,"High Visibility, Poor CTR - Needs Better Title/Meta"
content_d9eb4a8986e7,client_3fdba35f04,0.7459672895743562,"High Visibility, Poor CTR - Needs Better Title/Meta"
content_749279cada8e,client_3fdba35f04,0.7459672895743562,"High Visibility, Poor CTR - Needs Better Title/Meta"
content_4302c4925c0f,client_3fdba35f04,0.7459672895743562,"High Visibility, Poor CTR - Needs Better Title/Meta"
content_e124b9e2b959,client_3fdba35f04,0.7459672895743562,"High Visibility, Poor CTR - Needs Better Title/Meta"
content_a73de2878d2b,client_4ec9599fc2,0.7459650240770592,"High Visibility, Poor CTR - Needs Better Title/Meta"
content_03e34dd3ecd2,client_3fdba35f04,0.7459650240770592,"High Visibility, Poor CTR - Needs Better Title/Meta"
content_dc9b33355050,client_3fdba35f04,0.7459650240770592,"High Visibility, Poor CTR - Needs Better Title/Meta"
content_2fcd98550190,client_4ec9599fc2,0.7458523465415341,General Decay - Review Content Quality
content_a834165444e6,client_3fdba35f04,0.7456195760353885,General Decay - Review Content Quality
content_3bdce54af17c,client_3fdba35f04,0.7456195760353885,General Decay - Review Content Quality
content_6b8fca253f44,client_4ec9599fc2,0.7456096669489948,General Decay - Review Content Quality
content_b43af848d94d,client_02d20bbd7e,0.7456096669489948,General Decay - Review Content Quality
content_6ca5e31fae81,client_3fdba35f04,0.7456096669489948,General Decay - Review Content Quality
content_80a7388c9224,client_3fdba35f04,0.7456096669489948,General Decay - Review Content Quality
content_9503ee04d3a8,client_3fdba35f04,0.7456096669489948,General Decay - Review Content Quality
content_ef1ba0c8d26a,client_3fdba35f04,0.7456096669489948,General Decay - Review Content Quality
content_25387a750093,client_4ec9599fc2,0.7456096669489948,General Decay - Review Content Quality
content_3fe65c176b7d,client_3fdba35f04,0.7456096669489948,General Decay - Review Content Quality
content_19b1d22f6404,client_3fdba35f04,0.7455952515272236,"High Visibility, Poor CTR - Needs Better Title/Meta"
content_740be374d84e,client_3fdba35f04,0.7455952515272236,"High Visibility, Poor CTR - Needs Better Title/Meta"
content_70187ebe61f3,client_3fdba35f04,0.7455952515272236,"High Visibility, Poor CTR - Needs Better Title/Meta"
content_f3abf132d293,client_3fdba35f04,0.7455952515272236,"High Visibility, Poor CTR - Needs Better Title/Meta"
content_be056fe8c0a9,client_3fdba35f04,0.7455816429144518,General Decay - Review Content Quality
content_dda54794e201,client_3fdba35f04,0.7455351066564916,"High Visibility, Poor CTR - Needs Better Title/Meta"
content_a95a24bd6507,client_3fdba35f04,0.7455158331717783,General Decay - Review Content Quality
content_6dd02d2e1d19,client_3fdba35f04,0.7455158331717783,General Decay - Review Content Quality
content_b1ed34e0ebc0,client_3fdba35f04,0.7455095998123347,General Decay - Review Content Quality
content_9e93722afbc5,client_3fdba35f04,0.7454399068386528,General Decay - Review Content Quality
content_fa214adce930,client_3fdba35f04,0.7454399068386528,General Decay - Review Content Quality
content_da78e7cf2410,client_3fdba35f04,0.7453795109500809,General Decay - Review Content Quality
content_7e521d1dd40a,client_3fdba35f04,0.7453217190085121,General Decay - Review Content Quality
content_a0f6691ac209,client_3fdba35f04,0.7453217190085121,General Decay - Review Content Quality
content_f410d5929700,client_3fdba35f04,0.7453217190085121,General Decay - Review Content Quality
content_197be545a64c,client_624b60c58c,0.7453217190085121,General Decay - Review Content Quality
content_2e244ff1b58f,client_624b60c58c,0.7453217190085121,General Decay - Review Content Quality
content_f0cb16433ca0,client_3fdba35f04,0.7453217190085121,General Decay - Review Content Quality
content_878d99c07768,client_3fdba35f04,0.7453217190085121,General Decay - Review Content Quality
content_a7838d5971d3,client_3fdba35f04,0.7452936949739691,General Decay - Review Content Quality
content_1fbfb27c56d0,client_3fdba35f04,0.745247154947543,"High Visibility, Poor CTR - Needs Better Title/Meta"
content_98aa0aecb1d9,client_8527a891e2,0.7452094882560157,"High Visibility, Poor CTR - Needs Better Title/Meta"
content_b1d593faf9c6,client_3fdba35f04,0.7448703081604868,"High Visibility, Poor CTR - Needs Better Title/Meta"
content_b69288c5e701,client_3fdba35f04,0.7447357765583631,"High Visibility, Poor CTR - Needs Better Title/Meta"
content_e0bd73894d47,client_4ec9599fc2,0.7447355832348382,"High Visibility, Poor CTR - Needs Better Title/Meta"
content_3f439296dade,client_3fdba35f04,0.7446977671312325,"High Visibility, Poor CTR - Needs Better Title/Meta"
content_7603a5153758,client_3fdba35f04,0.7446977671312325,"High Visibility, Poor CTR - Needs Better Title/Meta"
content_3c66f06fb378,client_624b60c58c,0.7446751873462665,"High Visibility, Poor CTR - Needs Better Title/Meta"
content_a83598e85043,client_3fdba35f04,0.7446751873462665,"High Visibility, Poor CTR - Needs Better Title/Meta"
content_f1f02f28f9e5,client_3fdba35f04,0.7445416212987331,General Decay - Review Content Quality
content_64e97fb0e71b,client_3fdba35f04,0.7445416212987331,General Decay - Review Content Quality
content_ed4122cfc053,client_3fdba35f04,0.7445416212987331,General Decay - Review Content Quality
content_a56db821c344,client_3fdba35f04,0.7445416212987331,General Decay - Review Content Quality
content_4a7f389bfe72,client_3fdba35f04,0.7444673371810712,"High Visibility, Poor CTR - Needs Better Title/Meta"
content_60b286f9ce37,client_3fdba35f04,0.7444673371810712,"High Visibility, Poor CTR - Needs Better Title/Meta"
content_cbd1a245e284,client_3fdba35f04,0.7443088040074897,"High Visibility, Poor CTR - Needs Better Title/Meta"
content_fb372b1383b1,client_3fdba35f04,0.744229956586433,"High Visibility, Poor CTR - Needs Better Title/Meta"
content_70450b1c27ae,client_3fdba35f04,0.7441260871360399,"High Visibility, Poor CTR - Needs Better Title/Meta"
content_2eca6ed1839f,client_3fdba35f04,0.7440071919104205,General Decay - Review Content Quality
content_af41d1db999a,client_3fdba35f04,0.7438372976949187,"High Visibility, Poor CTR - Needs Better Title/Meta"
content_73b70737ee63,client_3fdba35f04,0.7438372976949187,"High Visibility, Poor CTR - Needs Better Title/Meta"
content_8dfe66761cf7,client_3fdba35f04,0.743748997360016,General Decay - Review Content Quality
content_23633ac0f5ae,client_3fdba35f04,0.743748997360016,General Decay - Review Content Quality
content_b9ba13b75ccb,client_3fdba35f04,0.743675285625986,General Decay - Review Content Quality
content_afe4e344ca62,client_3fdba35f04,0.743637385443069,"High Visibility, Poor CTR - Needs Better Title/Meta"
content_aa8c0ad3a60b,client_3fdba35f04,0.7435560320263154,General Decay - Review Content Quality
content_0b6d7bdc5365,client_3fdba35f04,0.7435560320263154,General Decay - Review Content Quality
content_51985aaaf937,client_4e07408562,0.7435560320263154,General Decay - Review Content Quality
content_bd823d21e6a4,client_3fdba35f04,0.7435560320263154,General Decay - Review Content Quality
content_5cda32af644c,client_3fdba35f04,0.7435560320263154,General Decay - Review Content Quality
content_6361dad74241,client_3fdba35f04,0.7435560320263154,General Decay - Review Content Quality
content_83380dd90400,client_3fdba35f04,0.7435335495501869,General Decay - Review Content Quality
content_9b03dbbf0470,client_3fdba35f04,0.7435335495501869,General Decay - Review Content Quality
content_3d2d274ed879,client_3fdba35f04,0.7435335495501869,General Decay - Review Content Quality
content_f15f55bda4af,client_3fdba35f04,0.7435335495501869,General Decay - Review Content Quality
content_1337de8128cc,client_3fdba35f04,0.7435335495501869,General Decay - Review Content Quality
content_ad95421b57d2,client_3fdba35f04,0.7435335495501869,General Decay - Review Content Quality
content_6607847e4454,client_8527a891e2,0.7435335495501869,General Decay - Review Content Quality
content_55a1a3b15410,client_3fdba35f04,0.7433500408914577,General Decay - Review Content Quality
content_9428850c5661,client_3fdba35f04,0.7433028683066061,"High Visibility, Poor CTR - Needs Better Title/Meta"
content_c5be8daa0f8a,client_3fdba35f04,0.7431978147379474,"High Visibility, Poor CTR - Needs Better Title/Meta"
content_69cff37b8e8c,client_3fdba35f04,0.743095820702305,"High Visibility, Poor CTR - Needs Better Title/Meta"
content_f17325c5fdf0,client_3fdba35f04,0.7430355921579915,General Decay - Review Content Quality
content_fac1809db398,client_3fdba35f04,0.7430149165976576,"High Visibility, Poor CTR - Needs Better Title/Meta"
content_80856ce26978,client_3fdba35f04,0.7430149165976576,"High Visibility, Poor CTR - Needs Better Title/Meta"
content_46e394e518c1,client_3fdba35f04,0.7430014092301802,"High Visibility, Poor CTR - Needs Better Title/Meta"
content_43322b7ac25f,client_3fdba35f04,0.7429544381011746,"High Visibility, Poor CTR - Needs Better Title/Meta"
content_021bc08109a8,client_3fdba35f04,0.7428292259463725,"High Visibility, Poor CTR - Needs Better Title/Meta"
content_0af26e3d8aa4,client_3fdba35f04,0.7428292259463725,"High Visibility, Poor CTR - Needs Better Title/Meta"
content_500bd3907331,client_4e07408562,0.7428292259463725,"High Visibility, Poor CTR - Needs Better Title/Meta"
content_8a09452a22fd,client_3fdba35f04,0.7428292259463725,"High Visibility, Poor CTR - Needs Better Title/Meta"
content_468bdf208cd2,client_3fdba35f04,0.7428292259463725,"High Visibility, Poor CTR - Needs Better Title/Meta"
content_3627b5dea537,client_3fdba35f04,0.7428292259463725,"High Visibility, Poor CTR - Needs Better Title/Meta"
content_c4de3c855f68,client_3fdba35f04,0.7427441903545581,General Decay - Review Content Quality
content_deed6811cf16,client_3fdba35f04,0.7427056290457449,General Decay - Review Content Quality
content_d3875f966da4,client_4ec9599fc2,0.7426873081218812,General Decay - Review Content Quality
content_161269462ecb,client_3fdba35f04,0.7426873081218812,General Decay - Review Content Quality
content_a53aadd641c6,client_3fdba35f04,0.7426873081218812,General Decay - Review Content Quality
content_f07beb780f73,client_3fdba35f04,0.7425822825496184,"High Visibility, Poor CTR - Needs Better Title/Meta"
content_50580efbea9e,client_4ec9599fc2,0.7424882598939851,"High Visibility, Poor CTR - Needs Better Title/Meta"
content_8021933ea0f8,client_3fdba35f04,0.742305761592037,"High Visibility, Poor CTR - Needs Better Title/Meta"
content_bebfedfee490,client_3fdba35f04,0.7423001053425747,"High Visibility, Poor CTR - Needs Better Title/Meta"
content_c847746accc3,client_3fdba35f04,0.7423001053425747,"High Visibility, Poor CTR - Needs Better Title/Meta"
content_8573511e9f28,client_4e07408562,0.7420321790752693,"High Visibility, Poor CTR - Needs Better Title/Meta"
content_0d9c0ed65840,client_3fdba35f04,0.7419489589181438,General Decay - Review Content Quality
content_39af1ab6be36,client_3fdba35f04,0.7419179207916167,General Decay - Review Content Quality
content_9e4a65fb4867,client_4e07408562,0.7419179207916167,General Decay - Review Content Quality
content_1134d84101e8,client_624b60c58c,0.7419179207916167,General Decay - Review Content Quality
content_838ce89e04f2,client_624b60c58c,0.7419179207916167,General Decay - Review Content Quality
content_685d3fea9361,client_8527a891e2,0.7419179207916167,General Decay - Review Content Quality
content_b0161f95524c,client_3fdba35f04,0.7419179207916167,General Decay - Review Content Quality
content_4fc70e470460,client_4e07408562,0.7419179207916167,General Decay - Review Content Quality
content_57f8f435488c,client_3fdba35f04,0.7419179207916167,General Decay - Review Content Quality
content_c20586474460,client_3fdba35f04,0.7416936853040531,General Decay - Review Content Quality
content_7638b4f1674a,client_4e07408562,0.7415597035032487,"High Visibility, Poor CTR - Needs Better Title/Meta"
content_2802d86593a9,client_3fdba35f04,0.7415167590101305,General Decay - Review Content Quality
content_fedb41f8dd38,client_3fdba35f04,0.7415125472255926,"High Visibility, Poor CTR - Needs Better Title/Meta"
content_8517b9b89fbf,client_3fdba35f04,0.7415125472255926,"High Visibility, Poor CTR - Needs Better Title/Meta"
content_dc9b1bdd6fd2,client_3fdba35f04,0.7415048463376221,General Decay - Review Content Quality
content_6e5ba43b8097,client_3fdba35f04,0.7415048463376221,General Decay - Review Content Quality
content_593f8f3b1eec,client_3fdba35f04,0.7415048463376221,General Decay - Review Content Quality
content_7e24f3b27d73,client_8527a891e2,0.7415048463376221,General Decay - Review Content Quality
content_87b6884c70ad,client_3fdba35f04,0.7415048463376221,General Decay - Review Content Quality
content_6c8509f56acd,client_3fdba35f04,0.7415048463376221,General Decay - Review Content Quality
content_86bd04366488,client_3fdba35f04,0.7415048463376221,General Decay - Review Content Quality
content_f07655587c60,client_3fdba35f04,0.7415048463376221,General Decay - Review Content Quality
content_3297602de767,client_3fdba35f04,0.7415048463376221,General Decay - Review Content Quality
content_f9a58c1f22bf,client_3fdba35f04,0.7415048463376221,General Decay - Review Content Quality
content_3768b53eb3ef,client_3fdba35f04,0.7415048463376221,General Decay - Review Content Quality
content_735d815e2b1f,client_3fdba35f04,0.7415048463376221,General Decay - Review Content Quality
content_b88b3946f2d6,client_3fdba35f04,0.7415048463376221,General Decay - Review Content Quality
content_d33fcd939876,client_3fdba35f04,0.7415048463376221,General Decay - Review Content Quality
content_35f55b5a24e7,client_3fdba35f04,0.7415048463376221,General Decay - Review Content Quality
content_1f2a7a05e6e2,client_3fdba35f04,0.7415048463376221,General Decay - Review Content Quality
content_97717bfdadd0,client_3fdba35f04,0.7415048463376221,General Decay - Review Content Quality
content_a0404909ecca,client_3fdba35f04,0.7415048463376221,"High Visibility, Poor CTR - Needs Better Title/Meta"
content_6ca0fb020604,client_3fdba35f04,0.7415048463376221,General Decay - Review Content Quality
content_9903bd14be6c,client_3fdba35f04,0.7414931819330808,"High Visibility, Poor CTR - Needs Better Title/Meta"
content_7a78b57589c2,client_3fdba35f04,0.741425439250286,General Decay - Review Content Quality
content_1b51115391a3,client_3fdba35f04,0.7412135971878022,"High Visibility, Poor CTR - Needs Better Title/Meta"
content_77914166676c,client_3fdba35f04,0.7411219233571233,General Decay - Review Content Quality
content_0c24b80ce3ae,client_3fdba35f04,0.7410899655229107,General Decay - Review Content Quality
content_35679828d9af,client_3fdba35f04,0.7410899655229107,General Decay - Review Content Quality
content_d840a3a6302b,client_3fdba35f04,0.7410899655229107,General Decay - Review Content Quality
content_561f7440a2cb,client_3fdba35f04,0.7410899655229107,General Decay - Review Content Quality
content_7e3be2e230f5,client_4e07408562,0.7410899655229107,General Decay - Review Content Quality
content_47ec551a5024,client_3fdba35f04,0.7410899655229107,General Decay - Review Content Quality
content_20ddbdfbbd90,client_3fdba35f04,0.7410683990030569,"High Visibility, Poor CTR - Needs Better Title/Meta"
content_634468169a22,client_3fdba35f04,0.7409786049554923,"High Visibility, Poor CTR - Needs Better Title/Meta"
content_698baf785309,client_3fdba35f04,0.7409483832188148,General Decay - Review Content Quality
content_f0cedf87e792,client_3fdba35f04,0.7409483832188148,General Decay - Review Content Quality
content_89c21411d07e,client_3fdba35f04,0.7409317366596023,"High Visibility, Poor CTR - Needs Better Title/Meta"
content_88b616d8b915,client_3fdba35f04,0.7408339754166406,General Decay - Review Content Quality
content_a919ce9c0ce3,client_3fdba35f04,0.7408339754166406,General Decay - Review Content Quality
content_3b821daa65f7,client_3fdba35f04,0.7408005227338077,"High Visibility, Poor CTR - Needs Better Title/Meta"
content_41baf0722ad9,client_8527a891e2,0.7408005227338077,"High Visibility, Poor CTR - Needs Better Title/Meta"
content_7057416a1fd6,client_3fdba35f04,0.7408001529492897,"High Visibility, Poor CTR - Needs Better Title/Meta"
content_4463f504fbd5,client_3fdba35f04,0.7407529267988724,General Decay - Review Content Quality
content_b347847e81c2,client_3fdba35f04,0.7406577826050461,General Decay - Review Content Quality
content_437d3081ef18,client_3fdba35f04,0.740542847321932,"High Visibility, Poor CTR - Needs Better Title/Meta"
content_0255d506d5f2,client_3fdba35f04,0.7405016638338655,"High Visibility, Poor CTR - Needs Better Title/Meta"
content_4b44be5dc150,client_3fdba35f04,0.7402689226036487,"High Visibility, Poor CTR - Needs Better Title/Meta"
content_4932d15b0237,client_3fdba35f04,0.7402687749839006,"High Visibility, Poor CTR - Needs Better Title/Meta"
content_4044538e77a9,client_3fdba35f04,0.7402440596150004,"High Visibility, Poor CTR - Needs Better Title/Meta"
content_d85f062b576f,client_4e07408562,0.7402440596150004,"High Visibility, Poor CTR - Needs Better Title/Meta"
content_a1d401ca5286,client_3fdba35f04,0.7402320020438132,"High Visibility, Poor CTR - Needs Better Title/Meta"
content_ec257d803f69,client_4e07408562,0.7401297513332915,General Decay - Review Content Quality
content_ad6aeae9e0a0,client_4e07408562,0.7401297513332915,General Decay - Review Content Quality
content_13c1a9eecb82,client_3fdba35f04,0.7400280164756318,"High Visibility, Poor CTR - Needs Better Title/Meta"
content_adc2e42704c9,client_3fdba35f04,0.7398830486986122,"High Visibility, Poor CTR - Needs Better Title/Meta"
content_aa520cbda297,client_3fdba35f04,0.7398811438873465,"High Visibility, Poor CTR - Needs Better Title/Meta"
content_b297d4cefcee,client_3fdba35f04,0.7397873280155872,General Decay - Review Content Quality
content_0489f1b4a9a5,client_3fdba35f04,0.7397873280155872,General Decay - Review Content Quality
content_eff2b06c9941,client_4ec9599fc2,0.7397873280155872,General Decay - Review Content Quality
content_4e3db6ca9795,client_3fdba35f04,0.7397873280155872,General Decay - Review Content Quality
content_19b90bd80671,client_3fdba35f04,0.739716676879297,General Decay - Review Content Quality
content_36dd471dc460,client_8527a891e2,0.7395704650146133,General Decay - Review Content Quality
content_4101fc919060,client_8527a891e2,0.7395704650146133,General Decay - Review Content Quality
content_547f3b61fe74,client_3fdba35f04,0.7395704650146133,General Decay - Review Content Quality
content_33cde508c590,client_3fdba35f04,0.7394254277294771,"High Visibility, Poor CTR - Needs Better Title/Meta"
content_5914f0e90503,client_3fdba35f04,0.7393587853751187,General Decay - Review Content Quality
content_a025e9373add,client_3fdba35f04,0.7393313328757877,General Decay - Review Content Quality
content_55f2721bcdc2,client_3fdba35f04,0.7392662533447774,"High Visibility, Poor CTR - Needs Better Title/Meta"
content_fae4e95a4efd,client_3fdba35f04,0.7392662533447774,"High Visibility, Poor CTR - Needs Better Title/Meta"
content_b386de12835f,client_3fdba35f04,0.7392662533447774,"High Visibility, Poor CTR - Needs Better Title/Meta"
content_ba4a2b819723,client_3fdba35f04,0.7392257737999914,General Decay - Review Content Quality
content_d4c50bd49b5d,client_3fdba35f04,0.738877330079275,General Decay - Review Content Quality
content_816431f05a3b,client_3fdba35f04,0.7385919934600931,"High Visibility, Poor CTR - Needs Better Title/Meta"
content_0c72c3e22858,client_3fdba35f04,0.7385919934600931,"High Visibility, Poor CTR - Needs Better Title/Meta"
content_b26b6a6ca873,client_3fdba35f04,0.7385919934600931,"High Visibility, Poor CTR - Needs Better Title/Meta"
content_fcc4de7a9d63,client_3fdba35f04,0.7385919934600931,"High Visibility, Poor CTR - Needs Better Title/Meta"
content_09ba9280fd44,client_3fdba35f04,0.7384255442551607,General Decay - Review Content Quality
content_485367e314aa,client_3fdba35f04,0.7383868836734367,General Decay - Review Content Quality
content_4e2f2bd48cfa,client_3fdba35f04,0.738382085642904,General Decay - Review Content Quality
content_9367f26e609a,client_3fdba35f04,0.738382085642904,General Decay - Review Content Quality
content_bb83bda7fd39,client_3fdba35f04,0.7382839619510648,General Decay - Review Content Quality
content_18e207780430,client_3fdba35f04,0.7382839619510648,General Decay - Review Content Quality
content_aa11f525c308,client_3fdba35f04,0.7379066419407253,"High Visibility, Poor CTR - Needs Better Title/Meta"
content_4d9f36001f06,client_8527a891e2,0.737865651919641,"High Visibility, Poor CTR - Needs Better Title/Meta"
content_821d6ceae662,client_d59eced1de,0.7378529466925784,General Decay - Review Content Quality
content_bac21f8bd36d,client_3fdba35f04,0.7376932216410889,General Decay - Review Content Quality
content_15dae2e2bf97,client_3fdba35f04,0.7376932216410889,General Decay - Review Content Quality
content_d2789ee4b8a3,client_3fdba35f04,0.7376932216410889,General Decay - Review Content Quality
content_b41fb554d71c,client_3fdba35f04,0.7376932216410889,General Decay - Review Content Quality
content_26150c6d3662,client_3fdba35f04,0.7376932216410889,General Decay - Review Content Quality
content_be9d7d5586f9,client_3fdba35f04,0.7376752021070188,General Decay - Review Content Quality
content_39248d31458f,client_3fdba35f04,0.7375796383472504,"High Visibility, Poor CTR - Needs Better Title/Meta"
content_e95929db0a15,client_3fdba35f04,0.737546411417853,General Decay - Review Content Quality
content_185bb214cb49,client_3fdba35f04,0.7375267029425926,"High Visibility, Poor CTR - Needs Better Title/Meta"
content_b1a55167870f,client_3fdba35f04,0.7375267029425926,General Decay - Review Content Quality
content_7af68c6f2598,client_4e07408562,0.7375267029425926,General Decay - Review Content Quality
content_05eb6ae85e0e,client_4e07408562,0.7375267029425926,General Decay - Review Content Quality
content_1f9861d4a7a5,client_3fdba35f04,0.7375267029425926,"High Visibility, Poor CTR - Needs Better Title/Meta"
content_cbf7ca6e26fe,client_3fdba35f04,0.7374967411705177,General Decay - Review Content Quality
content_6e68b581ef5c,client_3fdba35f04,0.737483875701973,"High Visibility, Poor CTR - Needs Better Title/Meta"
content_f192f3938827,client_3fdba35f04,0.7374316929386745,General Decay - Review Content Quality
content_19467073543c,client_3fdba35f04,0.7374301771997454,General Decay - Review Content Quality
content_ec0a0180cc0a,client_3fdba35f04,0.7372801471870943,General Decay - Review Content Quality
content_215982bec4ef,client_3fdba35f04,0.7372801471870943,General Decay - Review Content Quality
content_89cf765e9a71,client_3fdba35f04,0.7372801471870943,General Decay - Review Content Quality
content_f2813e0b8901,client_3fdba35f04,0.7368962151426666,"High Visibility, Poor CTR - Needs Better Title/Meta"
content_800619815f32,client_8527a891e2,0.7368565702214954,General Decay - Review Content Quality
content_9367f8967d3b,client_3fdba35f04,0.7368493561019912,"High Visibility, Poor CTR - Needs Better Title/Meta"
content_f1772425d6f8,client_3fdba35f04,0.7368223793387781,"High Visibility, Poor CTR - Needs Better Title/Meta"
content_94b30ddc3c9b,client_3fdba35f04,0.7368223793387781,"High Visibility, Poor CTR - Needs Better Title/Meta"
content_4561009636c3,client_3fdba35f04,0.736563703112368,"High Visibility, Poor CTR - Needs Better Title/Meta"
content_d84fbd5e5284,client_4ec9599fc2,0.7365106551331101,General Decay - Review Content Quality
content_1151b5ae454d,client_3fdba35f04,0.736495906367348,General Decay - Review Content Quality
content_dac6074ec8c1,client_e629fa6598,0.7363688324069632,General Decay - Review Content Quality
content_d98525a144d8,client_3fdba35f04,0.7363346264543276,General Decay - Review Content Quality
content_91dfcd3ca5d7,client_4ec9599fc2,0.7363077124206724,General Decay - Review Content Quality
content_6aa43079fb0c,client_3fdba35f04,0.736155364480681,"High Visibility, Poor CTR - Needs Better Title/Meta"
content_061b51236cbd,client_3fdba35f04,0.7361248856941862,"High Visibility, Poor CTR - Needs Better Title/Meta"
content_9739b677eaa5,client_4e07408562,0.7361005863531962,"High Visibility, Poor CTR - Needs Better Title/Meta"
content_b08f0ffeed7c,client_3fdba35f04,0.7358885917078938,General Decay - Review Content Quality
content_95d32ff9e7ae,client_4e07408562,0.7358885917078938,General Decay - Review Content Quality
content_570e25c822f8,client_3fdba35f04,0.7358885917078938,General Decay - Review Content Quality
content_0e52d032d7f7,client_4e07408562,0.7358885917078938,"High Visibility, Poor CTR - Needs Better Title/Meta"
content_f30d30832c2d,client_3fdba35f04,0.7358885917078938,General Decay - Review Content Quality
content_ebbf03314e8e,client_3fdba35f04,0.7358885917078938,General Decay - Review Content Quality
content_8a71ef8e9129,client_3fdba35f04,0.7358885917078938,"High Visibility, Poor CTR - Needs Better Title/Meta"
content_484c20bb99ce,client_3fdba35f04,0.735769951973725,"High Visibility, Poor CTR - Needs Better Title/Meta"
content_790cc62d4743,client_8527a891e2,0.7353667355635549,General Decay - Review Content Quality
content_f59b35f5c0c4,client_3fdba35f04,0.7353457658640855,General Decay - Review Content Quality
content_f298719c592c,client_3fdba35f04,0.7352771300128111,General Decay - Review Content Quality
content_9ac61c04930e,client_8527a891e2,0.7351842681040793,"High Visibility, Poor CTR - Needs Better Title/Meta"
content_f6ae966277f9,client_3fdba35f04,0.7351842681040793,"High Visibility, Poor CTR - Needs Better Title/Meta"
content_ad04f610236c,client_3fdba35f04,0.7350967535543451,"High Visibility, Poor CTR - Needs Better Title/Meta"
content_feabb5319adc,client_3fdba35f04,0.7349912633858025,"High Visibility, Poor CTR - Needs Better Title/Meta"
content_50859b364bea,client_3fdba35f04,0.7349912633858025,General Decay - Review Content Quality
content_7dcd5d29a6f2,client_3fdba35f04,0.7349912633858025,General Decay - Review Content Quality
content_e100fed18d15,client_3fdba35f04,0.7349912633858025,General Decay - Review Content Quality
content_21c32d354846,client_3fdba35f04,0.7349912633858025,"High Visibility, Poor CTR - Needs Better Title/Meta"
content_bba6f490f394,client_3fdba35f04,0.7349912633858025,General Decay - Review Content Quality
content_7961db890a39,client_3fdba35f04,0.7349151239823318,"High Visibility, Poor CTR - Needs Better Title/Meta"
content_d649f582c2c8,client_3fdba35f04,0.7349151239823318,"High Visibility, Poor CTR - Needs Better Title/Meta"
content_a2267aa89fcb,client_3fdba35f04,0.7349151239823318,"High Visibility, Poor CTR - Needs Better Title/Meta"
content_20e0f68c82ce,client_3fdba35f04,0.7349151239823318,"High Visibility, Poor CTR - Needs Better Title/Meta"
content_4c787e21d590,client_e629fa6598,0.7347910625250523,General Decay - Review Content Quality
content_5f819ff7d867,client_3fdba35f04,0.7346331448905281,"High Visibility, Poor CTR - Needs Better Title/Meta"
content_5b28ee5792f9,client_3fdba35f04,0.7345739412663405,General Decay - Review Content Quality
content_ab5c80e503da,client_4e07408562,0.7343630762864852,General Decay - Review Content Quality
content_b26fe7c0fb39,client_3fdba35f04,0.7343630762864852,General Decay - Review Content Quality
content_cf357440d276,client_3fdba35f04,0.7343630762864852,General Decay - Review Content Quality
content_050b3c528b0a,client_3fdba35f04,0.734337056251048,General Decay - Review Content Quality
content_226862e9e194,client_3fdba35f04,0.734337056251048,General Decay - Review Content Quality
content_f5d5b7516980,client_3fdba35f04,0.734337056251048,General Decay - Review Content Quality
content_69fbbca765cf,client_3fdba35f04,0.734337056251048,General Decay - Review Content Quality
content_8f5b5753bbca,client_3fdba35f04,0.734337056251048,General Decay - Review Content Quality
content_3e88a0a5b386,client_3fdba35f04,0.734337056251048,General Decay - Review Content Quality
content_507818ce1cc5,client_3fdba35f04,0.734337056251048,"High Visibility, Poor CTR - Needs Better Title/Meta"
content_4273cde22c94,client_4ec9599fc2,0.734337056251048,"High Visibility, Poor CTR - Needs Better Title/Meta"
content_34910156fb59,client_3fdba35f04,0.734337056251048,General Decay - Review Content Quality
content_a5d3f2d3d9c4,client_3fdba35f04,0.734337056251048,General Decay - Review Content Quality
content_72a217799ba0,client_3fdba35f04,0.734337056251048,"High Visibility, Poor CTR - Needs Better Title/Meta"
content_67cd99db180d,client_3fdba35f04,0.734337056251048,General Decay - Review Content Quality
content_0addc0e5cbaf,client_3fdba35f04,0.734337056251048,General Decay - Review Content Quality
content_d6659f8c6d08,client_3fdba35f04,0.734337056251048,"High Visibility, Poor CTR - Needs Better Title/Meta"
content_0caa0656f301,client_3fdba35f04,0.734337056251048,General Decay - Review Content Quality
content_31589cf474b2,client_3fdba35f04,0.734337056251048,"High Visibility, Poor CTR - Needs Better Title/Meta"
content_ac66982b9aad,client_3fdba35f04,0.7340592628005369,General Decay - Review Content Quality
content_9cb90fcbdd91,client_3fdba35f04,0.7339215514912405,General Decay - Review Content Quality
content_c4003d1334e2,client_3fdba35f04,0.7339147456609557,"High Visibility, Poor CTR - Needs Better Title/Meta"
content_9769428a601c,client_3fdba35f04,0.7339147456609557,"High Visibility, Poor CTR - Needs Better Title/Meta"
content_e683922057e8,client_3fdba35f04,0.7337146694086476,General Decay - Review Content Quality
content_0f6983b01b56,client_3fdba35f04,0.7337146694086476,General Decay - Review Content Quality
content_4336310eb7f3,client_4e07408562,0.7337146694086476,General Decay - Review Content Quality
content_b398e033e752,client_3fdba35f04,0.7337146694086476,General Decay - Review Content Quality
content_1e446b05f1c5,client_3fdba35f04,0.7337146694086476,General Decay - Review Content Quality
content_763b168ba95f,client_624b60c58c,0.7337146694086476,General Decay - Review Content Quality
content_85049f660938,client_3fdba35f04,0.7337146694086476,General Decay - Review Content Quality
content_8dcc9ba9e983,client_3fdba35f04,0.7337146694086476,General Decay - Review Content Quality
content_eee58fb0c10b,client_3fdba35f04,0.7337146694086476,General Decay - Review Content Quality
content_df4e19c1a579,client_3fdba35f04,0.7337146694086476,General Decay - Review Content Quality
content_0d7f4fecb391,client_4e07408562,0.7337146694086476,General Decay - Review Content Quality
content_3918b29c9e8c,client_3fdba35f04,0.7337146694086476,General Decay - Review Content Quality
content_14ddbb9aeb0a,client_3fdba35f04,0.7337146694086476,General Decay - Review Content Quality
content_2e5369037cb1,client_3fdba35f04,0.7337146694086476,General Decay - Review Content Quality
content_70f58d5042c6,client_3fdba35f04,0.7337146694086476,General Decay - Review Content Quality
content_6eeb631ce6f1,client_3fdba35f04,0.7337146694086476,General Decay - Review Content Quality
content_b74feecbc11b,client_3fdba35f04,0.7337146694086476,General Decay - Review Content Quality
content_ea5aab1f85f6,client_3fdba35f04,0.7337146694086476,General Decay - Review Content Quality
content_83ecbfa889b8,client_3fdba35f04,0.7337146694086476,General Decay - Review Content Quality
content_49eea188f8e9,client_3fdba35f04,0.7337146694086476,General Decay - Review Content Quality
content_9fb8d521bcb4,client_3fdba35f04,0.7337146694086476,General Decay - Review Content Quality
content_bed9921d701f,client_3fdba35f04,0.7337146694086476,General Decay - Review Content Quality
content_4de400868b63,client_3fdba35f04,0.7337146694086476,General Decay - Review Content Quality
content_b9b230d52cfa,client_4e07408562,0.7337146694086476,"High Visibility, Poor CTR - Needs Better Title/Meta"
content_54bda6d2e0dd,client_3fdba35f04,0.7337146694086476,General Decay - Review Content Quality
content_a5acc618880c,client_3fdba35f04,0.7337146694086476,General Decay - Review Content Quality
content_4ad7d80e0a11,client_3fdba35f04,0.7337146694086476,General Decay - Review Content Quality
content_3db2b454b5f7,client_3fdba35f04,0.7337146694086476,General Decay - Review Content Quality
content_59f2e65c93aa,client_3fdba35f04,0.7337146694086476,General Decay - Review Content Quality
content_0a181c336e37,client_3fdba35f04,0.7337146694086476,"High Visibility, Poor CTR - Needs Better Title/Meta"
content_46f490f186e9,client_3fdba35f04,0.7337146694086476,"High Visibility, Poor CTR - Needs Better Title/Meta"
content_b7c3994aa0e8,client_3fdba35f04,0.7337146694086476,"High Visibility, Poor CTR - Needs Better Title/Meta"
content_f2da8f08d75b,client_3fdba35f04,0.7336587526826708,"High Visibility, Poor CTR - Needs Better Title/Meta"
content_5e3007609e04,client_3fdba35f04,0.7336327326472335,"High Visibility, Poor CTR - Needs Better Title/Meta"
content_0ff19c344f94,client_3fdba35f04,0.7336327326472335,"High Visibility, Poor CTR - Needs Better Title/Meta"
content_185a85d3867d,client_3fdba35f04,0.7336327326472335,"High Visibility, Poor CTR - Needs Better Title/Meta"
content_475fab63756b,client_3fdba35f04,0.7336327326472335,"High Visibility, Poor CTR - Needs Better Title/Meta"
content_ff4370afd49c,client_4e07408562,0.7336327326472335,"High Visibility, Poor CTR - Needs Better Title/Meta"
content_de66aa33332a,client_3fdba35f04,0.7336327326472335,"High Visibility, Poor CTR - Needs Better Title/Meta"
content_62e323c7fb6c,client_3fdba35f04,0.7334388312859054,"High Visibility, Poor CTR - Needs Better Title/Meta"
content_a46f157a7aa0,client_3fdba35f04,0.733332347290809,General Decay - Review Content Quality
content_1f080331fa2b,client_3fdba35f04,0.7333166739064626,"High Visibility, Poor CTR - Needs Better Title/Meta"
content_24cc5f179e3f,client_3fdba35f04,0.7332054780492174,General Decay - Review Content Quality
content_26336ef6ada4,client_4ec9599fc2,0.7331053499115301,General Decay - Review Content Quality
content_e863b58411b0,client_3fdba35f04,0.7331053499115301,General Decay - Review Content Quality
content_57726149c80f,client_3fdba35f04,0.7331053499115301,General Decay - Review Content Quality
content_3f75aadd21f4,client_3fdba35f04,0.7331053499115301,"High Visibility, Poor CTR - Needs Better Title/Meta"
content_cd31c0c1d04e,client_3fdba35f04,0.7330903006317174,General Decay - Review Content Quality
content_a817704b744d,client_3fdba35f04,0.7329249445541207,"High Visibility, Poor CTR - Needs Better Title/Meta"
content_81fa7fe2098e,client_3fdba35f04,0.732863912020167,General Decay - Review Content Quality
content_3b7c0934332e,client_3fdba35f04,0.732813140730147,"High Visibility, Poor CTR - Needs Better Title/Meta"
content_2fbc652e1c74,client_3fdba35f04,0.7328115408296394,General Decay - Review Content Quality
content_07ed396a0d74,client_3fdba35f04,0.7328115408296394,General Decay - Review Content Quality
content_8eb6dec91ada,client_4e07408562,0.7328115408296394,General Decay - Review Content Quality
content_cc088a55deca,client_8527a891e2,0.7327023142958049,General Decay - Review Content Quality
content_b835d21dac8e,client_3fdba35f04,0.732692845695365,General Decay - Review Content Quality
content_03475a5923fe,client_3fdba35f04,0.73265351913555,"High Visibility, Poor CTR - Needs Better Title/Meta"
content_3f50908209b7,client_3fdba35f04,0.7326110918573273,"High Visibility, Poor CTR - Needs Better Title/Meta"
content_bb499af42eb7,client_3fdba35f04,0.7326110918573273,"High Visibility, Poor CTR - Needs Better Title/Meta"
content_ee31908da7e5,client_e629fa6598,0.7326053360134981,General Decay - Review Content Quality
content_13fa4570b9fc,client_3fdba35f04,0.7324647893969647,"High Visibility, Poor CTR - Needs Better Title/Meta"
content_b53fc679e367,client_4e07408562,0.7323892302395472,"High Visibility, Poor CTR - Needs Better Title/Meta"
content_6596b1355bab,client_4e07408562,0.7323632102041099,"High Visibility, Poor CTR - Needs Better Title/Meta"
content_fe27d814bc22,client_3fdba35f04,0.7323632102041099,"High Visibility, Poor CTR - Needs Better Title/Meta"
content_558fd4b27659,client_3fdba35f04,0.7323632102041099,"High Visibility, Poor CTR - Needs Better Title/Meta"
content_44c47f990ae1,client_3fdba35f04,0.7323632102041099,"High Visibility, Poor CTR - Needs Better Title/Meta"
content_eb28cfe1c540,client_3fdba35f04,0.7323632102041099,"High Visibility, Poor CTR - Needs Better Title/Meta"
content_d2e4ecb28934,client_3fdba35f04,0.7323632102041099,"High Visibility, Poor CTR - Needs Better Title/Meta"
content_74be25dfb6cd,client_3fdba35f04,0.7323306670548146,General Decay - Review Content Quality
content_a13305e0bdaa,client_3fdba35f04,0.732220088145803,"High Visibility, Poor CTR - Needs Better Title/Meta"
content_8e9dc8a03242,client_3fdba35f04,0.732107217225825,"High Visibility, Poor CTR - Needs Better Title/Meta"
content_64e5060f40e8,client_3fdba35f04,0.732107217225825,"High Visibility, Poor CTR - Needs Better Title/Meta"
content_cf5b051329ac,client_3fdba35f04,0.732107217225825,"High Visibility, Poor CTR - Needs Better Title/Meta"
content_0cbc4d4326d5,client_8527a891e2,0.7320890813272761,General Decay - Review Content Quality
content_914c7f86875f,client_3fdba35f04,0.7320890813272761,General Decay - Review Content Quality
content_d3b6b4aae679,client_3fdba35f04,0.7320188910912212,General Decay - Review Content Quality
content_603c4da795bc,client_3fdba35f04,0.7317802880856388,General Decay - Review Content Quality
content_cad53a20ddd0,client_3fdba35f04,0.7317802880856388,General Decay - Review Content Quality
content_662d57b2d94d,client_3fdba35f04,0.7316462333917838,General Decay - Review Content Quality
content_07645c09399d,client_8527a891e2,0.7316388223086246,General Decay - Review Content Quality
content_39e33835267d,client_3fdba35f04,0.7316315853974742,General Decay - Review Content Quality
content_e5842c748ff0,client_3fdba35f04,0.7316315853974742,"High Visibility, Poor CTR - Needs Better Title/Meta"
content_02e093500039,client_4e07408562,0.7315870483589597,General Decay - Review Content Quality
content_b063dcd54293,client_3fdba35f04,0.7314824310587623,General Decay - Review Content Quality
content_b215e2d2edc6,client_3fdba35f04,0.7314824310587623,General Decay - Review Content Quality
content_ea9cfb4c4172,client_3fdba35f04,0.7314824310587623,General Decay - Review Content Quality
content_170f2d5fdd6f,client_3fdba35f04,0.7314824310587623,General Decay - Review Content Quality
content_1324905ea9d1,client_3fdba35f04,0.7314824310587623,General Decay - Review Content Quality
content_7ef9cd57bed6,client_3fdba35f04,0.7314824310587623,General Decay - Review Content Quality
content_dbdd5db070fc,client_3fdba35f04,0.7314824310587623,General Decay - Review Content Quality
content_b154d8d874a0,client_3fdba35f04,0.7314824310587623,General Decay - Review Content Quality
content_e9b83bea7976,client_3fdba35f04,0.7311656387185397,"High Visibility, Poor CTR - Needs Better Title/Meta"
content_010abac3f695,client_3fdba35f04,0.7311325230017247,"High Visibility, Poor CTR - Needs Better Title/Meta"
content_0e0d31bceed2,client_624b60c58c,0.7311315038645919,"High Visibility, Poor CTR - Needs Better Title/Meta"
content_8ef750ca4ac6,client_3fdba35f04,0.7310192993877531,General Decay - Review Content Quality
content_47b0990b1cc0,client_3fdba35f04,0.7309790285931154,"High Visibility, Poor CTR - Needs Better Title/Meta"
content_c927fe9b5dc7,client_4ec9599fc2,0.730906703574463,General Decay - Review Content Quality
content_a35e52961bb2,client_3fdba35f04,0.7308279199270045,General Decay - Review Content Quality
content_acea6d393210,client_3fdba35f04,0.7306727656662217,"High Visibility, Poor CTR - Needs Better Title/Meta"
content_d12432b0eab6,client_8527a891e2,0.7304853734872647,General Decay - Review Content Quality
content_9b28cf5ae4f3,client_f369cb89fc,0.730463877979422,"High Visibility, Poor CTR - Needs Better Title/Meta"
content_dc2091049b28,client_3fdba35f04,0.7304112034731203,"High Visibility, Poor CTR - Needs Better Title/Meta"
content_e50a0ff0291a,client_3fdba35f04,0.7302194295028996,General Decay - Review Content Quality
content_7820947b2365,client_3fdba35f04,0.7302023799706485,"High Visibility, Poor CTR - Needs Better Title/Meta"
content_bef108055534,client_3fdba35f04,0.730162547270223,General Decay - Review Content Quality
content_ee54a0253599,client_3fdba35f04,0.7297517048111544,General Decay - Review Content Quality
content_69996e576c9b,client_3fdba35f04,0.7296059884431834,"High Visibility, Poor CTR - Needs Better Title/Meta"
content_5d2d2a848813,client_4ec9599fc2,0.7295480497357535,General Decay - Review Content Quality
content_b83907720748,client_3fdba35f04,0.7294582836597011,"High Visibility, Poor CTR - Needs Better Title/Meta"
content_5d04886a184f,client_3fdba35f04,0.7292657142760113,"High Visibility, Poor CTR - Needs Better Title/Meta"
content_ae15b20b1fde,client_3fdba35f04,0.7290680657403342,General Decay - Review Content Quality
content_425374a1ab2a,client_3fdba35f04,0.7290103617830367,General Decay - Review Content Quality
content_acabbec056ae,client_3fdba35f04,0.7290103617830367,General Decay - Review Content Quality
content_bd6fe8d9dc9f,client_3fdba35f04,0.7289328575275249,"High Visibility, Poor CTR - Needs Better Title/Meta"
content_4ea3cf14c32f,client_8527a891e2,0.7289328575275249,"High Visibility, Poor CTR - Needs Better Title/Meta"
content_56671f997891,client_3fdba35f04,0.728755408595788,General Decay - Review Content Quality
content_4c57e9d23e92,client_3fdba35f04,0.728755408595788,General Decay - Review Content Quality
content_6677fd6c4ea5,client_4e07408562,0.728755408595788,"High Visibility, Poor CTR - Needs Better Title/Meta"
content_a9fa79e8e705,client_3fdba35f04,0.728755408595788,"High Visibility, Poor CTR - Needs Better Title/Meta"
content_f30fd6a05b0d,client_3fdba35f04,0.728755408595788,General Decay - Review Content Quality
content_4e75c45a9d83,client_3fdba35f04,0.728755408595788,General Decay - Review Content Quality
content_bcde9a32f161,client_3fdba35f04,0.728755408595788,General Decay - Review Content Quality
content_dbb4c75afccc,client_4e07408562,0.728755408595788,General Decay - Review Content Quality
content_27806249a156,client_6208ef0f77,0.7287526900318985,"High Visibility, Poor CTR - Needs Better Title/Meta"
content_0589f97047f1,client_3fdba35f04,0.7286647323222425,"High Visibility, Poor CTR - Needs Better Title/Meta"
content_3672013e1d63,client_4e07408562,0.7286647323222425,"High Visibility, Poor CTR - Needs Better Title/Meta"
content_efa286bccb24,client_3fdba35f04,0.7286393265092808,General Decay - Review Content Quality
content_569475b335ab,client_4e07408562,0.7285602719772821,General Decay - Review Content Quality
content_a30c32196ac9,client_4e07408562,0.7285063146467471,General Decay - Review Content Quality
content_8affad73b90b,client_3fdba35f04,0.728466490814864,General Decay - Review Content Quality
content_9c641fc89092,client_3fdba35f04,0.7282850481798908,General Decay - Review Content Quality
content_833697cdd9e3,client_6208ef0f77,0.728089303136138,General Decay - Review Content Quality
content_eec532e0824c,client_6208ef0f77,0.728089303136138,"High Visibility, Poor CTR - Needs Better Title/Meta"
content_724a0d3199c1,client_6208ef0f77,0.728089303136138,General Decay - Review Content Quality
content_4a46bc087129,client_6208ef0f77,0.728089303136138,General Decay - Review Content Quality
content_527beec00658,client_6208ef0f77,0.728089303136138,"High Visibility, Poor CTR - Needs Better Title/Meta"
content_e0b39e983a86,client_6208ef0f77,0.728089303136138,"High Visibility, Poor CTR - Needs Better Title/Meta"
content_99b96fc838bb,client_6208ef0f77,0.728089303136138,General Decay - Review Content Quality
content_d0fd2e1ec8f6,client_6208ef0f77,0.728089303136138,General Decay - Review Content Quality
content_98843f898048,client_6208ef0f77,0.728089303136138,General Decay - Review Content Quality
content_15b5365cc852,client_3fdba35f04,0.727733767805882,General Decay - Review Content Quality
content_959e1cc9feeb,client_3fdba35f04,0.727733767805882,General Decay - Review Content Quality
content_d8bc8fbfca08,client_3fdba35f04,0.727733767805882,General Decay - Review Content Quality
content_96f899b54f8e,client_3fdba35f04,0.727733767805882,General Decay - Review Content Quality
content_6da6968d5507,client_3fdba35f04,0.727733767805882,General Decay - Review Content Quality
content_f1923a73b444,client_e629fa6598,0.727733767805882,General Decay - Review Content Quality
content_0f256e5b0b88,client_8527a891e2,0.727733767805882,General Decay - Review Content Quality
content_fff2bc7b4763,client_3fdba35f04,0.727733767805882,General Decay - Review Content Quality
content_493a0c26b2cb,client_3fdba35f04,0.727733767805882,General Decay - Review Content Quality
content_c79f04785d81,client_4e07408562,0.7277143660693717,"High Visibility, Poor CTR - Needs Better Title/Meta"
content_abf470f378fd,client_3fdba35f04,0.7275478114462587,"High Visibility, Poor CTR - Needs Better Title/Meta"
content_53d353c3db0f,client_3fdba35f04,0.7275215735558515,"High Visibility, Poor CTR - Needs Better Title/Meta"
content_0a4fa09621d6,client_02d20bbd7e,0.7275155085364211,General Decay - Review Content Quality
content_b80d73524f2d,client_3fdba35f04,0.7274869498683681,"High Visibility, Poor CTR - Needs Better Title/Meta"
content_2605942dde18,client_6208ef0f77,0.7273849795323235,"High Visibility, Poor CTR - Needs Better Title/Meta"
content_0ff563db5034,client_6208ef0f77,0.7273849795323235,"High Visibility, Poor CTR - Needs Better Title/Meta"
content_3aa0d634a04f,client_3fdba35f04,0.7273541629171447,General Decay - Review Content Quality
content_0c0fe8411e94,client_8527a891e2,0.7272298931743795,General Decay - Review Content Quality
content_ff7c0572819d,client_3fdba35f04,0.7272266124313207,General Decay - Review Content Quality
content_f27aa3bffa47,client_4e07408562,0.7272266124313207,General Decay - Review Content Quality
content_43a71393ef81,client_3fdba35f04,0.7272266124313207,General Decay - Review Content Quality
content_ede9856ac2c2,client_3fdba35f04,0.7268175172762044,General Decay - Review Content Quality
content_e60192b8a0a9,client_624b60c58c,0.7267886720619658,General Decay - Review Content Quality
content_d3cd7dc4e850,client_3fdba35f04,0.7266129956321734,"High Visibility, Poor CTR - Needs Better Title/Meta"
content_186489efe6f4,client_6208ef0f77,0.7266016548439755,"High Visibility, Poor CTR - Needs Better Title/Meta"
content_7f6bc8a99e30,client_6208ef0f77,0.7265801682199233,"High Visibility, Poor CTR - Needs Better Title/Meta"
content_b178d2c17955,client_6208ef0f77,0.7265801682199233,General Decay - Review Content Quality
content_26e7e98c8e41,client_6208ef0f77,0.7265801682199233,"High Visibility, Poor CTR - Needs Better Title/Meta"
content_3cc7636972f7,client_6208ef0f77,0.7265801682199233,General Decay - Review Content Quality
content_8db4c406edc0,client_3fdba35f04,0.7265746199455058,"High Visibility, Poor CTR - Needs Better Title/Meta"
content_6e0e4e772f07,client_4ec9599fc2,0.7265483731544568,"High Visibility, Poor CTR - Needs Better Title/Meta"
content_97e778824a45,client_6208ef0f77,0.7264511919014391,General Decay - Review Content Quality
content_ee58be626217,client_6208ef0f77,0.7264511919014391,General Decay - Review Content Quality
content_fa53b1771cb3,client_6208ef0f77,0.7264511919014391,General Decay - Review Content Quality
content_b73f9300f5d6,client_6208ef0f77,0.7264511919014391,General Decay - Review Content Quality
content_29dce7382f54,client_6208ef0f77,0.7264511919014391,General Decay - Review Content Quality
content_34cbc27d60a5,client_6208ef0f77,0.7264511919014391,General Decay - Review Content Quality
content_ca557aec1c04,client_6208ef0f77,0.7264511919014391,General Decay - Review Content Quality
content_92a0936ba7ae,client_6208ef0f77,0.7264511919014391,General Decay - Review Content Quality
content_2b2e4f07c3c7,client_6208ef0f77,0.7264511919014391,General Decay - Review Content Quality
content_3e8fe430800d,client_6208ef0f77,0.7264511919014391,"High Visibility, Poor CTR - Needs Better Title/Meta"
content_02d39f863844,client_8722616204,0.7264511919014391,General Decay - Review Content Quality
content_653f9a9fa954,client_6208ef0f77,0.7264511919014391,General Decay - Review Content Quality
content_6da8cc871a23,client_6208ef0f77,0.7264511919014391,General Decay - Review Content Quality
content_fe3f8dbf3614,client_6208ef0f77,0.7264511919014391,General Decay - Review Content Quality
content_d362913cb9a1,client_6208ef0f77,0.7264511919014391,General Decay - Review Content Quality
content_538cc476313c,client_6208ef0f77,0.7264511919014391,"High Visibility, Poor CTR - Needs Better Title/Meta"
content_1c38d62e358d,client_6208ef0f77,0.7264511919014391,General Decay - Review Content Quality
content_46d4f4d65e1b,client_6208ef0f77,0.7264511919014391,General Decay - Review Content Quality
content_90054bb357f7,client_6208ef0f77,0.7264511919014391,General Decay - Review Content Quality
content_50b524f6408a,client_6208ef0f77,0.7264511919014391,General Decay - Review Content Quality
content_29a31bb905be,client_6208ef0f77,0.7264511919014391,General Decay - Review Content Quality
content_a695b102ab74,client_6208ef0f77,0.7264511919014391,General Decay - Review Content Quality
content_6ff59596237d,client_6208ef0f77,0.7264511919014391,General Decay - Review Content Quality
content_b85084302cd6,client_6208ef0f77,0.7264511919014391,General Decay - Review Content Quality
content_e0a40f21b886,client_6208ef0f77,0.7264511919014391,General Decay - Review Content Quality
content_b23fa9e12c1d,client_6208ef0f77,0.7264511919014391,"High Visibility, Poor CTR - Needs Better Title/Meta"
content_19d803fb49d8,client_6208ef0f77,0.7264511919014391,General Decay - Review Content Quality
content_29cb7bdffdc0,client_6208ef0f77,0.7264511919014391,General Decay - Review Content Quality
content_663501db3ed4,client_6208ef0f77,0.7264511919014391,General Decay - Review Content Quality
content_767829faf820,client_6208ef0f77,0.7264511919014391,General Decay - Review Content Quality
content_558003e14599,client_6208ef0f77,0.7264511919014391,General Decay - Review Content Quality
content_8e329558bb9e,client_6208ef0f77,0.7264511919014391,General Decay - Review Content Quality
content_2785084a0602,client_6208ef0f77,0.7264511919014391,General Decay - Review Content Quality
content_f1f37c77af18,client_6208ef0f77,0.7264511919014391,General Decay - Review Content Quality
content_28f952afeb50,client_6208ef0f77,0.7264511919014391,General Decay - Review Content Quality
content_7fe00d0ebbbd,client_624b60c58c,0.7264511919014391,General Decay - Review Content Quality
content_6682d96cd67d,client_6208ef0f77,0.7264511919014391,General Decay - Review Content Quality
content_bd6b3cb3b2d5,client_6208ef0f77,0.7264511919014391,General Decay - Review Content Quality
content_d740043b7a38,client_6208ef0f77,0.7264511919014391,General Decay - Review Content Quality
content_f5e4028499d1,client_6208ef0f77,0.7264511919014391,"High Visibility, Poor CTR - Needs Better Title/Meta"
content_591340797e81,client_6208ef0f77,0.7264511919014391,General Decay - Review Content Quality
content_b287d8d3e0ce,client_6208ef0f77,0.7264511919014391,General Decay - Review Content Quality
content_686750b32ae6,client_3fdba35f04,0.7263522775473359,"High Visibility, Poor CTR - Needs Better Title/Meta"
content_0f48c28e52b6,client_3fdba35f04,0.72634935891489,General Decay - Review Content Quality
content_24e64303de4d,client_3fdba35f04,0.7263109941740659,"High Visibility, Poor CTR - Needs Better Title/Meta"
content_ad74712c2add,client_3fdba35f04,0.7263039628526278,General Decay - Review Content Quality
content_c2dfd56f7149,client_4e07408562,0.7263028407378624,General Decay - Review Content Quality
content_705f068125f0,client_3fdba35f04,0.7263028407378624,General Decay - Review Content Quality
content_43aa170d2d60,client_3fdba35f04,0.7263028407378624,General Decay - Review Content Quality
content_545260b3ff7d,client_3fdba35f04,0.7263025902284653,General Decay - Review Content Quality
content_b5e108e2dff5,client_3fdba35f04,0.7262867942616242,"High Visibility, Poor CTR - Needs Better Title/Meta"
content_08f4fab82371,client_3fdba35f04,0.7261496157311611,"High Visibility, Poor CTR - Needs Better Title/Meta"
content_e9ffc798e3e1,client_6208ef0f77,0.7260381174474446,General Decay - Review Content Quality
content_6d6a4ec00ac2,client_6208ef0f77,0.7260381174474446,General Decay - Review Content Quality
content_c8a83147ff7d,client_6208ef0f77,0.7260381174474446,General Decay - Review Content Quality
content_6d427519db99,client_6208ef0f77,0.7260381174474446,General Decay - Review Content Quality
content_6ba3d3f12eb0,client_6208ef0f77,0.7260381174474446,General Decay - Review Content Quality
content_30c4de0d324d,client_6208ef0f77,0.7260381174474446,General Decay - Review Content Quality
content_727ff68ce113,client_6208ef0f77,0.7260381174474446,General Decay - Review Content Quality
content_9f2c402e0d39,client_6208ef0f77,0.7260381174474446,General Decay - Review Content Quality
content_2ec160d7d49c,client_6208ef0f77,0.7260381174474446,General Decay - Review Content Quality
content_f548487c7b11,client_6208ef0f77,0.7260381174474446,General Decay - Review Content Quality
content_bb34f88bf166,client_6208ef0f77,0.7260381174474446,General Decay - Review Content Quality
content_192c8fc0d00e,client_6208ef0f77,0.7260381174474446,General Decay - Review Content Quality
content_f876921d2dbc,client_6208ef0f77,0.7260381174474446,"High Visibility, Poor CTR - Needs Better Title/Meta"
content_ff8f723f3107,client_6208ef0f77,0.7260381174474446,General Decay - Review Content Quality
content_767cc011faae,client_6208ef0f77,0.7260381174474446,General Decay - Review Content Quality
content_a02ef01ed5c4,client_6208ef0f77,0.7260381174474446,General Decay - Review Content Quality
content_82e31928d1dc,client_6208ef0f77,0.7260381174474446,General Decay - Review Content Quality
content_6f763b4e08bc,client_6208ef0f77,0.7260381174474446,General Decay - Review Content Quality
content_cff972f369ce,client_6208ef0f77,0.7260381174474446,General Decay - Review Content Quality
content_5cf59ced39ac,client_6208ef0f77,0.7260381174474446,General Decay - Review Content Quality
content_7dfbe7e91195,client_6208ef0f77,0.7260381174474446,"High Visibility, Poor CTR - Needs Better Title/Meta"
content_45db32ece022,client_6208ef0f77,0.7260381174474446,General Decay - Review Content Quality
content_2f18c5cd36d8,client_6208ef0f77,0.7260381174474446,General Decay - Review Content Quality
content_64d6fb2cd883,client_6208ef0f77,0.7260381174474446,General Decay - Review Content Quality
content_e2f7d7d52240,client_6208ef0f77,0.7260381174474446,General Decay - Review Content Quality
content_eb3404dc33dc,client_6208ef0f77,0.7260381174474446,"High Visibility, Poor CTR - Needs Better Title/Meta"
content_3481f996bd95,client_6208ef0f77,0.7260381174474446,General Decay - Review Content Quality
content_d4fdf16d277d,client_6208ef0f77,0.7260381174474446,General Decay - Review Content Quality
content_379599977362,client_6208ef0f77,0.7260381174474446,General Decay - Review Content Quality
content_276f32464c5f,client_6208ef0f77,0.7260381174474446,General Decay - Review Content Quality
content_3bee99d0b455,client_6208ef0f77,0.7260381174474446,General Decay - Review Content Quality
content_3a994e99fbfe,client_6208ef0f77,0.7260381174474446,General Decay - Review Content Quality
content_ca560ef92c17,client_6208ef0f77,0.7260381174474446,General Decay - Review Content Quality
content_5d293f50e6e3,client_6208ef0f77,0.7260381174474446,General Decay - Review Content Quality
content_f344ebbfbffd,client_6208ef0f77,0.7260381174474446,"High Visibility, Poor CTR - Needs Better Title/Meta"
content_9bc2a8fa52c2,client_6208ef0f77,0.7260381174474446,General Decay - Review Content Quality
content_d09c5d7487e5,client_6208ef0f77,0.7260381174474446,General Decay - Review Content Quality
content_2c3b20f68843,client_6208ef0f77,0.7260381174474446,"High Visibility, Poor CTR - Needs Better Title/Meta"
content_0e9eaef2491a,client_6208ef0f77,0.7260381174474446,General Decay - Review Content Quality
content_6454c6573f65,client_6208ef0f77,0.7260381174474446,General Decay - Review Content Quality
content_5daabd0e31f3,client_6208ef0f77,0.7260381174474446,General Decay - Review Content Quality
content_3d71412c6f25,client_6208ef0f77,0.7260381174474446,"High Visibility, Poor CTR - Needs Better Title/Meta"
content_7740cc96029b,client_6208ef0f77,0.7260381174474446,General Decay - Review Content Quality
content_8854986f3027,client_6208ef0f77,0.7260381174474446,General Decay - Review Content Quality
content_123807db2a80,client_6208ef0f77,0.7260381174474446,"High Visibility, Poor CTR - Needs Better Title/Meta"
content_5120d702f216,client_6208ef0f77,0.7260381174474446,General Decay - Review Content Quality
content_81b3a26a1ef6,client_6208ef0f77,0.7260381174474446,General Decay - Review Content Quality
content_c2813124047c,client_6208ef0f77,0.7260381174474446,General Decay - Review Content Quality
content_31a47b2335d2,client_6208ef0f77,0.7260381174474446,General Decay - Review Content Quality
content_47bf2873f61d,client_6208ef0f77,0.7260381174474446,General Decay - Review Content Quality
content_72eadcc7f193,client_6208ef0f77,0.7260381174474446,"High Visibility, Poor CTR - Needs Better Title/Meta"
content_b6b5c2907abe,client_6208ef0f77,0.7260381174474446,General Decay - Review Content Quality
content_baeafaf1b31b,client_6208ef0f77,0.7260381174474446,General Decay - Review Content Quality
content_36b409dd47f4,client_6208ef0f77,0.7260381174474446,General Decay - Review Content Quality
content_0260224a5a30,client_6208ef0f77,0.7260381174474446,General Decay - Review Content Quality
content_d79f6edd401d,client_6208ef0f77,0.7260381174474446,General Decay - Review Content Quality
content_ab19c4527afd,client_6208ef0f77,0.7260381174474446,General Decay - Review Content Quality
content_9f07d226c892,client_6208ef0f77,0.7260381174474446,General Decay - Review Content Quality
content_cd60e1bb8058,client_6208ef0f77,0.7260381174474446,General Decay - Review Content Quality
content_1c545f16219a,client_6208ef0f77,0.7260381174474446,General Decay - Review Content Quality
content_c2b44ae04515,client_6208ef0f77,0.7260381174474446,General Decay - Review Content Quality
content_1100bd1bcf09,client_6208ef0f77,0.7260381174474446,General Decay - Review Content Quality
content_372fbd7e5ed4,client_6208ef0f77,0.7260381174474446,General Decay - Review Content Quality
content_e3f3c936e42a,client_6208ef0f77,0.7260381174474446,General Decay - Review Content Quality
content_305bcf425951,client_6208ef0f77,0.7260381174474446,General Decay - Review Content Quality
content_859c14901cf9,client_6208ef0f77,0.7260381174474446,General Decay - Review Content Quality
content_faed35c8b372,client_6208ef0f77,0.7260381174474446,"High Visibility, Poor CTR - Needs Better Title/Meta"
content_2e47aaeed913,client_6208ef0f77,0.7260381174474446,General Decay - Review Content Quality
content_cbcbb97ac631,client_6208ef0f77,0.7260381174474446,"High Visibility, Poor CTR - Needs Better Title/Meta"
content_153ef301d30a,client_6208ef0f77,0.7260381174474446,General Decay - Review Content Quality
content_2a9117c556f8,client_6208ef0f77,0.7260381174474446,General Decay - Review Content Quality
content_8bf0c1e5b9e5,client_6208ef0f77,0.7260381174474446,"High Visibility, Poor CTR - Needs Better Title/Meta"
content_cd3e816c670d,client_6208ef0f77,0.7260381174474446,General Decay - Review Content Quality
content_effa21786d15,client_6208ef0f77,0.7260381174474446,General Decay - Review Content Quality
content_1eebdcbead2d,client_6208ef0f77,0.7260381174474446,General Decay - Review Content Quality
content_fe9e5d4c8546,client_6208ef0f77,0.7260381174474446,"High Visibility, Poor CTR - Needs Better Title/Meta"
content_f52808689d2c,client_6208ef0f77,0.7260381174474446,"High Visibility, Poor CTR - Needs Better Title/Meta"
content_79a5a52721ed,client_6208ef0f77,0.7260381174474446,General Decay - Review Content Quality
content_5755b6b5100d,client_6208ef0f77,0.7260381174474446,General Decay - Review Content Quality
content_88cd6a49a254,client_6208ef0f77,0.7260381174474446,General Decay - Review Content Quality
content_7d8636a3a342,client_6208ef0f77,0.7260381174474446,General Decay - Review Content Quality
content_531feecc6fed,client_6208ef0f77,0.7260381174474446,General Decay - Review Content Quality
content_90509007b432,client_6208ef0f77,0.7260381174474446,"High Visibility, Poor CTR - Needs Better Title/Meta"
content_f0f503c88cee,client_6208ef0f77,0.7260381174474446,General Decay - Review Content Quality
content_4b254381379e,client_6208ef0f77,0.7260381174474446,General Decay - Review Content Quality
content_654f4b8bf560,client_6208ef0f77,0.7260381174474446,General Decay - Review Content Quality
content_8117003483cb,client_6208ef0f77,0.7260381174474446,General Decay - Review Content Quality
content_1d55dca71704,client_6208ef0f77,0.7260381174474446,General Decay - Review Content Quality
content_f479df887950,client_6208ef0f77,0.7260381174474446,General Decay - Review Content Quality
content_abb92f4dd510,client_6208ef0f77,0.7260381174474446,General Decay - Review Content Quality
content_3527865bc7ce,client_6208ef0f77,0.7260381174474446,General Decay - Review Content Quality
content_f20dfe158db9,client_6208ef0f77,0.7260381174474446,General Decay - Review Content Quality
content_015296651b56,client_6208ef0f77,0.7260381174474446,General Decay - Review Content Quality
content_81ad16d35dbb,client_6208ef0f77,0.7260381174474446,General Decay - Review Content Quality
content_970fc0c59c69,client_6208ef0f77,0.7260381174474446,General Decay - Review Content Quality
content_2d914d050b1e,client_6208ef0f77,0.7260381174474446,General Decay - Review Content Quality
content_fe6500cb76b5,client_6208ef0f77,0.7260381174474446,General Decay - Review Content Quality
content_5245c89bb64a,client_6208ef0f77,0.7260381174474446,General Decay - Review Content Quality
content_09dcd32f2afb,client_6208ef0f77,0.7260381174474446,General Decay - Review Content Quality
content_2c1ceaa1dfd7,client_6208ef0f77,0.7260381174474446,General Decay - Review Content Quality
content_4b8ed4249329,client_6208ef0f77,0.7260381174474446,General Decay - Review Content Quality
content_d0c56b71f78e,client_6208ef0f77,0.7260381174474446,General Decay - Review Content Quality
content_1145e63f878f,client_6208ef0f77,0.7260381174474446,"High Visibility, Poor CTR - Needs Better Title/Meta"
content_0375ff924ffe,client_6208ef0f77,0.7260381174474446,General Decay - Review Content Quality
content_1d474cb3fb52,client_6208ef0f77,0.7260381174474446,General Decay - Review Content Quality
content_59a82d932aa7,client_6208ef0f77,0.7260381174474446,General Decay - Review Content Quality
content_df5cd60fe5be,client_6208ef0f77,0.7260381174474446,General Decay - Review Content Quality
content_3cd58a4a2731,client_8527a891e2,0.7258900964402027,"High Visibility, Poor CTR - Needs Better Title/Meta"
content_c148e44db30d,client_8527a891e2,0.7257592010994065,General Decay - Review Content Quality
content_494a0d492834,client_3fdba35f04,0.7257592010994065,General Decay - Review Content Quality
content_e70e0c5f76e3,client_3fdba35f04,0.7257592010994065,General Decay - Review Content Quality
content_f14d1dd58226,client_8527a891e2,0.7257592010994065,General Decay - Review Content Quality
content_866a6f5de5e2,client_4e07408562,0.7257592010994065,General Decay - Review Content Quality
content_7be1f9930cea,client_6208ef0f77,0.7257468682976247,"High Visibility, Poor CTR - Needs Better Title/Meta"
content_bf84f3c7b54b,client_6208ef0f77,0.7257468682976247,"High Visibility, Poor CTR - Needs Better Title/Meta"
content_b5d6346b5ad5,client_6208ef0f77,0.7257468682976247,"High Visibility, Poor CTR - Needs Better Title/Meta"
content_a259ba53812e,client_6208ef0f77,0.7257468682976247,"High Visibility, Poor CTR - Needs Better Title/Meta"
content_f39a7d9ceafb,client_6208ef0f77,0.7257468682976247,"High Visibility, Poor CTR - Needs Better Title/Meta"
content_a2ae912ed682,client_3fdba35f04,0.7257160516824459,General Decay - Review Content Quality
content_268910e38131,client_8527a891e2,0.7257160516824459,General Decay - Review Content Quality
content_ad33c5bc53c1,client_3fdba35f04,0.7257160516824459,General Decay - Review Content Quality
content_6540a09c04c2,client_3fdba35f04,0.725566017254891,General Decay - Review Content Quality
content_dba1bbc29b4e,client_3fdba35f04,0.7255015294559967,General Decay - Review Content Quality
content_0de6c381c68c,client_3fdba35f04,0.7255015294559967,General Decay - Review Content Quality
content_d1f32bcc19d3,client_3fdba35f04,0.7255015294559967,General Decay - Review Content Quality
content_18d31e3024fc,client_6208ef0f77,0.7253337938436302,"High Visibility, Poor CTR - Needs Better Title/Meta"
content_63c954de8b7d,client_6208ef0f77,0.7253337938436302,"High Visibility, Poor CTR - Needs Better Title/Meta"
content_b8545cf96378,client_6208ef0f77,0.7253337938436302,"High Visibility, Poor CTR - Needs Better Title/Meta"
content_cabbc09b17ac,client_6208ef0f77,0.7253337938436302,"High Visibility, Poor CTR - Needs Better Title/Meta"
content_7c52db89e3f2,client_6208ef0f77,0.7253337938436302,"High Visibility, Poor CTR - Needs Better Title/Meta"
content_ae9e5bc4750c,client_6208ef0f77,0.7253337938436302,"High Visibility, Poor CTR - Needs Better Title/Meta"
content_32d0eece1c67,client_6208ef0f77,0.7253337938436302,"High Visibility, Poor CTR - Needs Better Title/Meta"
content_c6cd225e679e,client_6208ef0f77,0.7253337938436302,"High Visibility, Poor CTR - Needs Better Title/Meta"
content_48817886a12a,client_6208ef0f77,0.7253337938436302,"High Visibility, Poor CTR - Needs Better Title/Meta"
content_02c32f789281,client_6208ef0f77,0.7253337938436302,"High Visibility, Poor CTR - Needs Better Title/Meta"
content_42836d250249,client_6208ef0f77,0.7253337938436302,"High Visibility, Poor CTR - Needs Better Title/Meta"
content_fab09a452add,client_6208ef0f77,0.7253337938436302,"High Visibility, Poor CTR - Needs Better Title/Meta"
content_a73bf100cb11,client_6208ef0f77,0.7253337938436302,"High Visibility, Poor CTR - Needs Better Title/Meta"
content_aa6cb9d42da5,client_6208ef0f77,0.7253337938436302,"High Visibility, Poor CTR - Needs Better Title/Meta"
content_0e0d2cf4dd26,client_3fdba35f04,0.7253151668400288,General Decay - Review Content Quality
content_aa793f09535f,client_3fdba35f04,0.7252517992971727,"High Visibility, Poor CTR - Needs Better Title/Meta"
content_28a161c4e8c5,client_6208ef0f77,0.72511060564596,"High Visibility, Poor CTR - Needs Better Title/Meta"
content_65a9f75083de,client_3fdba35f04,0.7250984313369618,"High Visibility, Poor CTR - Needs Better Title/Meta"
content_971e2a5035bc,client_6208ef0f77,0.7249724628427717,"High Visibility, Poor CTR - Needs Better Title/Meta"
content_e2d06fb19616,client_6208ef0f77,0.7249420569852246,"High Visibility, Poor CTR - Needs Better Title/Meta"
content_7ca4a97abb4f,client_6208ef0f77,0.7249420569852246,General Decay - Review Content Quality
content_46f1b9204d8e,client_6208ef0f77,0.7249420569852246,General Decay - Review Content Quality
content_fba6fecbad0a,client_6208ef0f77,0.7249420569852246,General Decay - Review Content Quality
content_d847396d336c,client_6208ef0f77,0.7249420569852246,General Decay - Review Content Quality
content_d545008ead8a,client_6208ef0f77,0.7249420569852246,General Decay - Review Content Quality
content_617cfde73274,client_6208ef0f77,0.7249420569852246,"High Visibility, Poor CTR - Needs Better Title/Meta"
content_34f4b1c432ae,client_6208ef0f77,0.7249420569852246,General Decay - Review Content Quality
content_3041c11ba857,client_3fdba35f04,0.7247047222752123,General Decay - Review Content Quality
content_6d14ab4f1454,client_3fdba35f04,0.7246556235480862,"High Visibility, Poor CTR - Needs Better Title/Meta"
content_1f97c2c8f517,client_4e07408562,0.7246556235480862,"High Visibility, Poor CTR - Needs Better Title/Meta"
content_4b37e072572c,client_3fdba35f04,0.7246556235480862,"High Visibility, Poor CTR - Needs Better Title/Meta"
content_0beb22756a9b,client_6208ef0f77,0.7245289825312301,General Decay - Review Content Quality
content_df9864e83b3a,client_6208ef0f77,0.7245289825312301,"High Visibility, Poor CTR - Needs Better Title/Meta"
content_9108219331ba,client_6208ef0f77,0.7245289825312301,General Decay - Review Content Quality
content_20e8b946359f,client_6208ef0f77,0.7245289825312301,"High Visibility, Poor CTR - Needs Better Title/Meta"
content_977c89e877d4,client_6208ef0f77,0.7245289825312301,General Decay - Review Content Quality
content_d7b226a8d87e,client_6208ef0f77,0.7245289825312301,General Decay - Review Content Quality
content_812e9767c288,client_6208ef0f77,0.7245289825312301,General Decay - Review Content Quality
content_32b4741035dc,client_6208ef0f77,0.7245289825312301,"High Visibility, Poor CTR - Needs Better Title/Meta"
content_0ca8d80c764d,client_6208ef0f77,0.7245289825312301,General Decay - Review Content Quality
content_01c85c6f8b6d,client_6208ef0f77,0.7245289825312301,"High Visibility, Poor CTR - Needs Better Title/Meta"
content_8e0ec8b9b8da,client_6208ef0f77,0.7245289825312301,General Decay - Review Content Quality
content_a8fcdf9f6bfb,client_6208ef0f77,0.7245289825312301,General Decay - Review Content Quality
content_944993ae046e,client_6208ef0f77,0.7245289825312301,General Decay - Review Content Quality
content_20b9074bc197,client_6208ef0f77,0.7245289825312301,General Decay - Review Content Quality
content_72496874f806,client_4ec9599fc2,0.7245233390319583,Stale & Low CTR - Needs Content Update
content_384b06d9d970,client_6208ef0f77,0.7245168105784303,General Decay - Review Content Quality
content_a6045100d027,client_6208ef0f77,0.7245168105784303,General Decay - Review Content Quality
content_c6fb8b50fef7,client_6208ef0f77,0.7245168105784303,General Decay - Review Content Quality
content_ea951685b185,client_6208ef0f77,0.7245168105784303,General Decay - Review Content Quality
content_d8020ed269ef,client_6208ef0f77,0.7243594247906614,"High Visibility, Poor CTR - Needs Better Title/Meta"
content_c7aa05f01834,client_3fdba35f04,0.724238527900134,General Decay - Review Content Quality
content_8eda489266b2,client_3fdba35f04,0.7241246979593318,"High Visibility, Poor CTR - Needs Better Title/Meta"
content_598fc61cbd75,client_6208ef0f77,0.7241037361244358,General Decay - Review Content Quality
content_26d5ff7f5ae9,client_6208ef0f77,0.7241037361244358,General Decay - Review Content Quality
content_812deb81a810,client_6208ef0f77,0.7241037361244358,General Decay - Review Content Quality
content_84d2c62f16c9,client_6208ef0f77,0.7241037361244358,General Decay - Review Content Quality
content_9cb6ddfddd5e,client_6208ef0f77,0.7241037361244358,General Decay - Review Content Quality
content_906555aa3214,client_6208ef0f77,0.7241037361244358,General Decay - Review Content Quality
content_0ae3c180d412,client_6208ef0f77,0.7241037361244358,General Decay - Review Content Quality
content_b86ac81ef83b,client_6208ef0f77,0.7241037361244358,General Decay - Review Content Quality
content_bc9ddb3bddff,client_6208ef0f77,0.7241037361244358,General Decay - Review Content Quality
content_c11a8facf1ad,client_6208ef0f77,0.7241037361244358,General Decay - Review Content Quality
content_bd84855a4cd1,client_6208ef0f77,0.7241037361244358,General Decay - Review Content Quality
content_9f967aa864c9,client_6208ef0f77,0.7241037361244358,General Decay - Review Content Quality
content_454e2d10afb8,client_6208ef0f77,0.7241037361244358,General Decay - Review Content Quality
content_b78963b99889,client_6208ef0f77,0.7241037361244358,General Decay - Review Content Quality
content_fb0779ae50a6,client_6208ef0f77,0.7241037361244358,General Decay - Review Content Quality
content_ae51d0aef898,client_6208ef0f77,0.7241037361244358,General Decay - Review Content Quality
content_2e86b8f3e531,client_6208ef0f77,0.7241037361244358,General Decay - Review Content Quality
content_29b37642c22a,client_6208ef0f77,0.7238246589274157,"High Visibility, Poor CTR - Needs Better Title/Meta"
content_1d3ca44f94c1,client_6208ef0f77,0.7238246589274157,"High Visibility, Poor CTR - Needs Better Title/Meta"
content_aad3ae9caf56,client_6208ef0f77,0.7238246589274157,"High Visibility, Poor CTR - Needs Better Title/Meta"
content_7f47408edf2d,client_3fdba35f04,0.7237628769275319,General Decay - Review Content Quality
content_e23e08154491,client_3fdba35f04,0.7237422056355078,"High Visibility, Poor CTR - Needs Better Title/Meta"
content_bd8ee28396cf,client_3fdba35f04,0.7237422056355078,"High Visibility, Poor CTR - Needs Better Title/Meta"
content_5887fd3d2bbf,client_3fdba35f04,0.7237140074667968,General Decay - Review Content Quality
content_2aa32d8bd261,client_6208ef0f77,0.7237045126753463,General Decay - Review Content Quality
content_c515dbd8d7b3,client_6208ef0f77,0.7237045126753463,General Decay - Review Content Quality
content_2d14b344651b,client_3fdba35f04,0.7236704042688419,"High Visibility, Poor CTR - Needs Better Title/Meta"
content_d8b2ef7e6761,client_3fdba35f04,0.7235671481329878,General Decay - Review Content Quality
content_5f7bb3448ce0,client_3fdba35f04,0.7233584980655579,"High Visibility, Poor CTR - Needs Better Title/Meta"
content_9558f7d085c2,client_19581e27de,0.7232687660202813,"High Visibility, Poor CTR - Needs Better Title/Meta"
content_c00a98c048de,client_4ec9599fc2,0.7232658944158087,General Decay - Review Content Quality
content_f02e5fb77bc3,client_3fdba35f04,0.7231882657414112,"High Visibility, Poor CTR - Needs Better Title/Meta"
content_567fa7db5bdf,client_3fdba35f04,0.7231474945508358,General Decay - Review Content Quality
content_6a38de8106c1,client_4ec9599fc2,0.7230557889790927,General Decay - Review Content Quality
content_6c7f71ab52fe,client_6208ef0f77,0.7230001890715319,"High Visibility, Poor CTR - Needs Better Title/Meta"
content_e15ede72712d,client_6208ef0f77,0.7229361320549724,"High Visibility, Poor CTR - Needs Better Title/Meta"
content_4ba3e8955c14,client_6208ef0f77,0.7229361320549724,"High Visibility, Poor CTR - Needs Better Title/Meta"
content_f6b68ed6150e,client_6208ef0f77,0.7229361320549724,"High Visibility, Poor CTR - Needs Better Title/Meta"
content_130e3b3763cb,client_3fdba35f04,0.7229328098860822,"High Visibility, Poor CTR - Needs Better Title/Meta"
content_a8bf1f7f472e,client_3fdba35f04,0.7229296431007074,General Decay - Review Content Quality
content_510559cd6193,client_3fdba35f04,0.7229296431007074,General Decay - Review Content Quality
content_07ce98c6085a,client_4ec9599fc2,0.7228297850585912,Stale & Low CTR - Needs Content Update
content_617bb194934b,client_6208ef0f77,0.7228172330608874,General Decay - Review Content Quality
content_7ee9645faeeb,client_6208ef0f77,0.7228172330608874,General Decay - Review Content Quality
content_9fbdfaedd41c,client_6208ef0f77,0.7228172330608874,General Decay - Review Content Quality
content_98d18ca1a690,client_3fdba35f04,0.7228076809461454,"High Visibility, Poor CTR - Needs Better Title/Meta"
content_bf280a7215bb,client_6208ef0f77,0.7227602802690773,"High Visibility, Poor CTR - Needs Better Title/Meta"
content_d086e01b904b,client_3fdba35f04,0.7226830475775314,"High Visibility, Poor CTR - Needs Better Title/Meta"
content_9aacd531b1b7,client_3fdba35f04,0.7226830475775314,"High Visibility, Poor CTR - Needs Better Title/Meta"
content_9d52d957232b,client_3fdba35f04,0.7226830475775314,"High Visibility, Poor CTR - Needs Better Title/Meta"
content_38b1acb9a0d1,client_3fdba35f04,0.7226830475775314,"High Visibility, Poor CTR - Needs Better Title/Meta"
content_a4a6f6b82ae9,client_3fdba35f04,0.7226830475775314,"High Visibility, Poor CTR - Needs Better Title/Meta"
content_b6e4aed827fc,client_3fdba35f04,0.7226390008041915,General Decay - Review Content Quality
content_10471d12a8d5,client_3fdba35f04,0.722627593951564,"High Visibility, Poor CTR - Needs Better Title/Meta"
content_3643544dc1fc,client_6208ef0f77,0.7225946012082213,General Decay - Review Content Quality
content_c00ffd41bce7,client_6208ef0f77,0.7225946012082213,General Decay - Review Content Quality
content_6f745f5c255d,client_624b60c58c,0.7225311705880141,General Decay - Review Content Quality
content_b097f82390f2,client_3fdba35f04,0.7223709626094074,General Decay - Review Content Quality
content_a6223ddfe9ae,client_6208ef0f77,0.7221129094570728,"High Visibility, Poor CTR - Needs Better Title/Meta"
content_8f2559c3bc1b,client_6208ef0f77,0.7220664014406476,General Decay - Review Content Quality
content_fd2ba4d006ba,client_8722616204,0.7220664014406476,General Decay - Review Content Quality
content_f27a68e7ae11,client_6208ef0f77,0.7220664014406476,General Decay - Review Content Quality
content_4e9270064c84,client_6208ef0f77,0.7220664014406476,General Decay - Review Content Quality
content_e193494bafc7,client_6208ef0f77,0.7220664014406476,"High Visibility, Poor CTR - Needs Better Title/Meta"
content_440d894b5ba6,client_3fdba35f04,0.7220359605393035,General Decay - Review Content Quality
content_b7be7f157e1e,client_3fdba35f04,0.721973365225688,"High Visibility, Poor CTR - Needs Better Title/Meta"
content_05e2d8b3d171,client_6208ef0f77,0.7219634483095677,General Decay - Review Content Quality
content_0de2942858f6,client_6208ef0f77,0.7219634483095677,General Decay - Review Content Quality
content_ccff95512640,client_8722616204,0.7219634483095677,General Decay - Review Content Quality
content_4cb94780a8e6,client_3fdba35f04,0.721943069462153,General Decay - Review Content Quality
content_6e26ac717e96,client_6208ef0f77,0.721908363888853,"High Visibility, Poor CTR - Needs Better Title/Meta"
content_7388fb24ce43,client_3fdba35f04,0.7218443912755369,"High Visibility, Poor CTR - Needs Better Title/Meta"
content_d6370f8e5dd8,client_6208ef0f77,0.7218249577481244,"High Visibility, Poor CTR - Needs Better Title/Meta"
content_2234e76a4c48,client_6208ef0f77,0.7218249577481244,"High Visibility, Poor CTR - Needs Better Title/Meta"
content_2aa2be227319,client_6208ef0f77,0.7218249577481244,"High Visibility, Poor CTR - Needs Better Title/Meta"
content_f57df93d1a2a,client_6208ef0f77,0.7218249577481244,"High Visibility, Poor CTR - Needs Better Title/Meta"
content_f3e0490c923e,client_6208ef0f77,0.7218249577481244,"High Visibility, Poor CTR - Needs Better Title/Meta"
content_ec010b308ac0,client_6208ef0f77,0.7218249577481244,"High Visibility, Poor CTR - Needs Better Title/Meta"
content_7f97baafd883,client_3fdba35f04,0.7217497656559234,General Decay - Review Content Quality
content_136ad3ae062b,client_6208ef0f77,0.7216533269866531,"High Visibility, Poor CTR - Needs Better Title/Meta"
content_e2d83f6a4cb2,client_6208ef0f77,0.7216533269866531,General Decay - Review Content Quality
content_d52251d98ddc,client_6208ef0f77,0.7216533269866531,General Decay - Review Content Quality
content_0c0dc1068177,client_6208ef0f77,0.7216533269866531,General Decay - Review Content Quality
content_ac7abb97aa53,client_6208ef0f77,0.7216533269866531,General Decay - Review Content Quality
content_bd899aaea75e,client_6208ef0f77,0.7216533269866531,General Decay - Review Content Quality
content_348ae7c4bcde,client_6208ef0f77,0.7216533269866531,General Decay - Review Content Quality
content_ca2daf2ba5a4,client_6208ef0f77,0.7216533269866531,General Decay - Review Content Quality
content_8becc61fda2a,client_6208ef0f77,0.7216533269866531,General Decay - Review Content Quality
content_4964e18e0a61,client_6208ef0f77,0.7216533269866531,General Decay - Review Content Quality
content_3051582f4482,client_6208ef0f77,0.7216533269866531,General Decay - Review Content Quality
content_1052cb379f1d,client_6208ef0f77,0.7216533269866531,General Decay - Review Content Quality
content_9886dfd39c85,client_6208ef0f77,0.7216533269866531,General Decay - Review Content Quality
content_ada14261cf93,client_6208ef0f77,0.7216533269866531,General Decay - Review Content Quality
content_80b6ccf16567,client_6208ef0f77,0.7216533269866531,General Decay - Review Content Quality
content_aa3a0529afaa,client_6208ef0f77,0.7216533269866531,General Decay - Review Content Quality
content_4756e19d6527,client_6208ef0f77,0.7216533269866531,"High Visibility, Poor CTR - Needs Better Title/Meta"
content_b5c54fdb83ab,client_6208ef0f77,0.7216533269866531,General Decay - Review Content Quality
content_e7eb94e121b9,client_6208ef0f77,0.7216533269866531,General Decay - Review Content Quality
content_1b892c40e087,client_6208ef0f77,0.7216533269866531,General Decay - Review Content Quality
content_5ca04eea22fa,client_6208ef0f77,0.7216533269866531,General Decay - Review Content Quality
content_70fc95cfe18b,client_6208ef0f77,0.7216533269866531,General Decay - Review Content Quality
content_93fa8bbba34b,client_6208ef0f77,0.7216533269866531,General Decay - Review Content Quality
content_854806ef5830,client_3fdba35f04,0.7215345019488787,General Decay - Review Content Quality
content_53854b72b1cf,client_6208ef0f77,0.7213620778368331,"High Visibility, Poor CTR - Needs Better Title/Meta"
content_92927ac474ba,client_6208ef0f77,0.7213080981446727,General Decay - Review Content Quality
content_7aab8e22a547,client_6208ef0f77,0.7213080981446727,"High Visibility, Poor CTR - Needs Better Title/Meta"
content_73a9cfafddca,client_19581e27de,0.7212599769239827,General Decay - Review Content Quality
content_14f02f6b2395,client_6208ef0f77,0.7212599769239827,General Decay - Review Content Quality
content_85ff1bdf6dd6,client_19581e27de,0.7212599769239827,General Decay - Review Content Quality
content_71efc27b02b3,client_4e07408562,0.7211736485038978,"High Visibility, Poor CTR - Needs Better Title/Meta"
content_08109d938389,client_3fdba35f04,0.7211121265581759,"High Visibility, Poor CTR - Needs Better Title/Meta"
content_4d286871fa04,client_3fdba35f04,0.7210735842161499,"High Visibility, Poor CTR - Needs Better Title/Meta"
content_67e65bf9e4e9,client_6208ef0f77,0.7209490033828386,"High Visibility, Poor CTR - Needs Better Title/Meta"
content_94a4a458b6f0,client_6208ef0f77,0.7209490033828386,"High Visibility, Poor CTR - Needs Better Title/Meta"
content_5a6a88d83124,client_6208ef0f77,0.7209490033828386,"High Visibility, Poor CTR - Needs Better Title/Meta"
content_bb2273ff6eed,client_6208ef0f77,0.7209490033828386,"High Visibility, Poor CTR - Needs Better Title/Meta"
content_2b5d3f6261f0,client_6208ef0f77,0.7209490033828386,"High Visibility, Poor CTR - Needs Better Title/Meta"
content_d7d7b5684a0a,client_3fdba35f04,0.7209137720839699,"High Visibility, Poor CTR - Needs Better Title/Meta"
content_4e698028cde0,client_3fdba35f04,0.7208235506292074,General Decay - Review Content Quality
content_4ff98337e687,client_3fdba35f04,0.7208099323285511,General Decay - Review Content Quality
content_0868e82484db,client_7f2253d7e2,0.7208065443459843,"High Visibility, Poor CTR - Needs Better Title/Meta"
content_829c68e60d13,client_f369cb89fc,0.7208065443459843,General Decay - Review Content Quality
content_26d48a980581,client_f369cb89fc,0.7208065443459843,"High Visibility, Poor CTR - Needs Better Title/Meta"
content_a37ce8ddc090,client_7f2253d7e2,0.7208065443459843,"High Visibility, Poor CTR - Needs Better Title/Meta"
content_22d73b317e52,client_1a6562590e,0.7206372762260673,General Decay - Review Content Quality
content_448ca4ed2f9a,client_6208ef0f77,0.7205556533201682,"High Visibility, Poor CTR - Needs Better Title/Meta"
content_c8aa94ff1243,client_4e07408562,0.7204262731059934,"High Visibility, Poor CTR - Needs Better Title/Meta"
content_906fda4ce6fc,client_3fdba35f04,0.7204005079161339,General Decay - Review Content Quality
content_880fc2222841,client_8722616204,0.720396792568975,General Decay - Review Content Quality
content_2acff0b506cf,client_3fdba35f04,0.7203853156979756,General Decay - Review Content Quality
content_fd3db60a8609,client_6208ef0f77,0.7203158228319098,"High Visibility, Poor CTR - Needs Better Title/Meta"
content_ed3e77b8bef2,client_3fdba35f04,0.7202169146689359,"High Visibility, Poor CTR - Needs Better Title/Meta"
content_13b542a34f97,client_3fdba35f04,0.7201698126105137,General Decay - Review Content Quality
content_12dc50da4b5e,client_3fdba35f04,0.7201698126105137,"High Visibility, Poor CTR - Needs Better Title/Meta"
content_ca1a4cf6ef7f,client_8722616204,0.7201320201176388,General Decay - Review Content Quality
content_28c936efbd09,client_3fdba35f04,0.7201247698668655,"High Visibility, Poor CTR - Needs Better Title/Meta"
content_0ad759bc5d3d,client_19581e27de,0.7201022207421698,"High Visibility, Poor CTR - Needs Better Title/Meta"
content_747870c01e28,client_19581e27de,0.7201022207421698,"High Visibility, Poor CTR - Needs Better Title/Meta"
content_f35cfad0f186,client_4ec9599fc2,0.7200621144923655,"High Visibility, Poor CTR - Needs Better Title/Meta"
content_e903fd3aaeb5,client_3fdba35f04,0.7200621144923655,"High Visibility, Poor CTR - Needs Better Title/Meta"
content_422c9466b11c,client_3fdba35f04,0.7200273859494922,General Decay - Review Content Quality
content_323d0bdf7077,client_f369cb89fc,0.7199833452736913,"High Visibility, Poor CTR - Needs Better Title/Meta"
content_508e1b3422b3,client_3fdba35f04,0.719846881310003,"High Visibility, Poor CTR - Needs Better Title/Meta"
content_cc6b3aef8420,client_02d20bbd7e,0.7198454485945242,General Decay - Review Content Quality
content_8179b32b194b,client_4e07408562,0.7197782994966408,"High Visibility, Poor CTR - Needs Better Title/Meta"
content_a4910bbab0cb,client_3fdba35f04,0.7197361784116028,General Decay - Review Content Quality
content_cb2102b0682d,client_6208ef0f77,0.7197189456636442,General Decay - Review Content Quality
content_4f5e18eac4f6,client_6208ef0f77,0.7197189456636442,General Decay - Review Content Quality
content_d3e1cf4ba011,client_6208ef0f77,0.7197189456636442,General Decay - Review Content Quality
content_db3c42d48bc1,client_6208ef0f77,0.7197152476684151,"High Visibility, Poor CTR - Needs Better Title/Meta"
content_3826588830ac,client_624b60c58c,0.719621865689284,General Decay - Review Content Quality
content_f39dde4421bb,client_19581e27de,0.719621865689284,General Decay - Review Content Quality
content_96ec5cfee15e,client_6208ef0f77,0.719621865689284,General Decay - Review Content Quality
content_7932fbf97bec,client_624b60c58c,0.719621865689284,General Decay - Review Content Quality
content_9c366e02e317,client_6208ef0f77,0.719621865689284,General Decay - Review Content Quality
content_510d2f5971eb,client_6208ef0f77,0.719621865689284,General Decay - Review Content Quality
content_4cc7526e87df,client_19581e27de,0.719621865689284,General Decay - Review Content Quality
content_d6a24dfed965,client_6208ef0f77,0.719621865689284,"High Visibility, Poor CTR - Needs Better Title/Meta"
content_7b327b3c1200,client_6208ef0f77,0.719621865689284,General Decay - Review Content Quality
content_761694ab97b4,client_6208ef0f77,0.719621865689284,General Decay - Review Content Quality
content_3cc1379fbd70,client_6208ef0f77,0.719621865689284,General Decay - Review Content Quality
content_c55756d2a06f,client_19581e27de,0.719621865689284,General Decay - Review Content Quality
content_8fded2c8a614,client_6208ef0f77,0.719621865689284,General Decay - Review Content Quality
content_1ba5be6351de,client_624b60c58c,0.719621865689284,General Decay - Review Content Quality
content_051122192ba1,client_6208ef0f77,0.719621865689284,General Decay - Review Content Quality
content_fc0de672fe9a,client_624b60c58c,0.719621865689284,General Decay - Review Content Quality
content_018cf0021b5d,client_6208ef0f77,0.719621865689284,"High Visibility, Poor CTR - Needs Better Title/Meta"
content_cf01d88fa7e3,client_8527a891e2,0.719621865689284,General Decay - Review Content Quality
content_7a9e31119f1e,client_19581e27de,0.719621865689284,General Decay - Review Content Quality
content_15822f1838f6,client_8722616204,0.719621865689284,General Decay - Review Content Quality
content_b06ba2f52634,client_6208ef0f77,0.719621865689284,General Decay - Review Content Quality
content_6d1c35c27ae1,client_8527a891e2,0.719621865689284,General Decay - Review Content Quality
content_b238a9bdb82c,client_3fdba35f04,0.7196066383546755,"High Visibility, Poor CTR - Needs Better Title/Meta"
content_9fcddb149dee,client_19581e27de,0.7195946003742075,"High Visibility, Poor CTR - Needs Better Title/Meta"
content_98db1536110c,client_6208ef0f77,0.7194272959594666,"High Visibility, Poor CTR - Needs Better Title/Meta"
content_81a16ef4d700,client_6208ef0f77,0.7194272959594666,"High Visibility, Poor CTR - Needs Better Title/Meta"
content_4f319d8960b2,client_6208ef0f77,0.7194272959594666,"High Visibility, Poor CTR - Needs Better Title/Meta"
content_a26a01637681,client_3fdba35f04,0.7194150875150221,"High Visibility, Poor CTR - Needs Better Title/Meta"
content_ae758b67a3ee,client_6208ef0f77,0.7193401098871002,"High Visibility, Poor CTR - Needs Better Title/Meta"
content_92d0774fde18,client_6208ef0f77,0.7192087912352895,General Decay - Review Content Quality
content_29ae0a692e20,client_19581e27de,0.7192087912352895,"High Visibility, Poor CTR - Needs Better Title/Meta"
content_c14fc814bd1e,client_6208ef0f77,0.7192087912352895,General Decay - Review Content Quality
content_1b264c53a41d,client_6208ef0f77,0.7192087912352895,General Decay - Review Content Quality
content_6b6bea70b9ca,client_6208ef0f77,0.7192087912352895,General Decay - Review Content Quality
content_57449b2a6f8e,client_6208ef0f77,0.7192087912352895,General Decay - Review Content Quality
content_655b85b8d0fc,client_6208ef0f77,0.7192087912352895,General Decay - Review Content Quality
content_3038af59dd5d,client_6208ef0f77,0.7192087912352895,General Decay - Review Content Quality
content_341a553052db,client_6208ef0f77,0.7192087912352895,General Decay - Review Content Quality
content_3d844ccf0722,client_6208ef0f77,0.7192087912352895,General Decay - Review Content Quality
content_027e7160b2e0,client_6208ef0f77,0.7192087912352895,General Decay - Review Content Quality
content_81a1007fcdaf,client_6208ef0f77,0.7192087912352895,"High Visibility, Poor CTR - Needs Better Title/Meta"
content_3c12cd9e1f69,client_6208ef0f77,0.7192087912352895,General Decay - Review Content Quality
content_717a3a169173,client_6208ef0f77,0.7192087912352895,General Decay - Review Content Quality
content_7e82a6197be3,client_6208ef0f77,0.7192087912352895,General Decay - Review Content Quality
content_0e6dbc08d6ae,client_8527a891e2,0.7192087912352895,General Decay - Review Content Quality
content_3ef752eddd7e,client_6208ef0f77,0.7192087912352895,General Decay - Review Content Quality
content_c244a3e5a8db,client_6208ef0f77,0.7192087912352895,General Decay - Review Content Quality
content_b496809e76a5,client_6208ef0f77,0.7192087912352895,General Decay - Review Content Quality
content_af327fd6f760,client_8527a891e2,0.7192087912352895,General Decay - Review Content Quality
content_daed38d2067b,client_6208ef0f77,0.7192087912352895,General Decay - Review Content Quality
content_40cd3ec22742,client_6208ef0f77,0.7192087912352895,General Decay - Review Content Quality
content_ee84ba5a596e,client_6208ef0f77,0.7192087912352895,General Decay - Review Content Quality
content_45b983de43bf,client_6208ef0f77,0.7192087912352895,General Decay - Review Content Quality
content_7f6a6a136c78,client_6208ef0f77,0.7192087912352895,General Decay - Review Content Quality
content_00cd5e91c97a,client_19581e27de,0.7192087912352895,General Decay - Review Content Quality
content_3542804590e9,client_19581e27de,0.7192087912352895,General Decay - Review Content Quality
content_42d978af2f05,client_6208ef0f77,0.7192087912352895,General Decay - Review Content Quality
content_8cef7b786d81,client_6208ef0f77,0.7192087912352895,General Decay - Review Content Quality
content_53c21b2f8ec5,client_6208ef0f77,0.7192087912352895,General Decay - Review Content Quality
content_f3b795db44b9,client_8527a891e2,0.7192087912352895,General Decay - Review Content Quality
content_fb9fd30ef1cb,client_6208ef0f77,0.7192087912352895,General Decay - Review Content Quality
content_bb82ff64c917,client_8527a891e2,0.7192087912352895,General Decay - Review Content Quality
content_116d88a14a1c,client_6208ef0f77,0.7192087912352895,General Decay - Review Content Quality
content_2543ce92f770,client_3fdba35f04,0.7191685058544683,General Decay - Review Content Quality
content_20c82b1f08ac,client_7f2253d7e2,0.7191684331112856,General Decay - Review Content Quality
content_94d39841847a,client_8527a891e2,0.7191684331112856,General Decay - Review Content Quality
content_396217b0dc41,client_7f2253d7e2,0.7191684331112856,"High Visibility, Poor CTR - Needs Better Title/Meta"
content_71c1032bdf9d,client_6208ef0f77,0.7191684331112856,General Decay - Review Content Quality
content_db812b31ab45,client_7f2253d7e2,0.7191684331112856,General Decay - Review Content Quality
content_76a83cc7b31b,client_8527a891e2,0.7191684331112856,General Decay - Review Content Quality
content_312d60f11609,client_19581e27de,0.7191684331112856,General Decay - Review Content Quality
content_8db4c9e4360b,client_19581e27de,0.7191684331112856,"High Visibility, Poor CTR - Needs Better Title/Meta"
content_311f7c91e190,client_8527a891e2,0.7191684331112856,General Decay - Review Content Quality
content_5776fb1c426f,client_19581e27de,0.7191684331112856,General Decay - Review Content Quality
content_b84cb2300d9d,client_f369cb89fc,0.7191684331112856,General Decay - Review Content Quality
content_26a362d58b56,client_19581e27de,0.7191684331112856,General Decay - Review Content Quality
content_48d68b8d88d9,client_19581e27de,0.7191684331112856,General Decay - Review Content Quality
content_c694763d4685,client_8527a891e2,0.7191684331112856,General Decay - Review Content Quality
content_f9a76e06fde0,client_3fdba35f04,0.7189621695321319,"High Visibility, Poor CTR - Needs Better Title/Meta"
content_92ca79f8b232,client_19581e27de,0.7189175420854695,"High Visibility, Poor CTR - Needs Better Title/Meta"
content_32b4a4b67d63,client_8722616204,0.7188876576527605,General Decay - Review Content Quality
content_24d8b73697f6,client_4e07408562,0.7188787179342251,"High Visibility, Poor CTR - Needs Better Title/Meta"
content_da9b97f0412e,client_3fdba35f04,0.7188787179342251,General Decay - Review Content Quality
content_0885b36a73e1,client_3fdba35f04,0.7188787179342251,"High Visibility, Poor CTR - Needs Better Title/Meta"
content_c514066ce7a8,client_3fdba35f04,0.7188787179342251,General Decay - Review Content Quality
content_72ee9589636c,client_7f2253d7e2,0.718755358657291,General Decay - Review Content Quality
content_50fd5d5643fd,client_7f2253d7e2,0.718755358657291,General Decay - Review Content Quality
content_ad6b78d323b7,client_19581e27de,0.718755358657291,General Decay - Review Content Quality
content_408182a26b97,client_6208ef0f77,0.718755358657291,General Decay - Review Content Quality
content_ccd7b9b442f5,client_7f2253d7e2,0.718755358657291,General Decay - Review Content Quality
content_338b283a1949,client_19581e27de,0.718755358657291,General Decay - Review Content Quality
content_69db4dab53e2,client_19581e27de,0.718755358657291,General Decay - Review Content Quality
content_96698a57735c,client_7f2253d7e2,0.718755358657291,"High Visibility, Poor CTR - Needs Better Title/Meta"
content_d117373d1d57,client_7f2253d7e2,0.718755358657291,"High Visibility, Poor CTR - Needs Better Title/Meta"
content_de5948774202,client_19581e27de,0.718755358657291,"High Visibility, Poor CTR - Needs Better Title/Meta"
content_2baa530ec2b8,client_6208ef0f77,0.718755358657291,General Decay - Review Content Quality
content_ef9726f832cb,client_6208ef0f77,0.718755358657291,General Decay - Review Content Quality
content_ff80a66b1ea5,client_19581e27de,0.718755358657291,General Decay - Review Content Quality
content_3ddb007a459b,client_6208ef0f77,0.718755358657291,General Decay - Review Content Quality
content_b5302cdfc08c,client_8722616204,0.718755358657291,General Decay - Review Content Quality
content_3312efa9c080,client_8527a891e2,0.718755358657291,General Decay - Review Content Quality
content_1baa21542d7a,client_6208ef0f77,0.718755358657291,General Decay - Review Content Quality
content_e6c5d6fa7791,client_8527a891e2,0.718755358657291,General Decay - Review Content Quality
content_cf296f912fb7,client_8527a891e2,0.718755358657291,General Decay - Review Content Quality
content_1ef5e7d31916,client_7f2253d7e2,0.718755358657291,General Decay - Review Content Quality
content_e36a6e98f705,client_6208ef0f77,0.718755358657291,General Decay - Review Content Quality
content_ecef382bc4ff,client_f369cb89fc,0.718755358657291,General Decay - Review Content Quality
content_eb84c53cd3dd,client_7f2253d7e2,0.718755358657291,General Decay - Review Content Quality
content_7518a427524b,client_7f2253d7e2,0.718755358657291,General Decay - Review Content Quality
content_bdbb8cee6d9f,client_6208ef0f77,0.7187427752531486,"High Visibility, Poor CTR - Needs Better Title/Meta"
content_027c62dc52d4,client_3fdba35f04,0.7186137422550063,"High Visibility, Poor CTR - Needs Better Title/Meta"
content_e06a98b9b38b,client_8527a891e2,0.7185972030216645,General Decay - Review Content Quality
content_763a8c27d0fd,client_6208ef0f77,0.7185122339058213,"High Visibility, Poor CTR - Needs Better Title/Meta"
content_1600ff69f501,client_6208ef0f77,0.718504467631475,"High Visibility, Poor CTR - Needs Better Title/Meta"
content_11454070dcf2,client_6208ef0f77,0.718504467631475,"High Visibility, Poor CTR - Needs Better Title/Meta"
content_e99bfecfd83d,client_8527a891e2,0.718504467631475,"High Visibility, Poor CTR - Needs Better Title/Meta"
content_9aae8f55e033,client_19581e27de,0.718504467631475,"High Visibility, Poor CTR - Needs Better Title/Meta"
content_85e056f45a84,client_19581e27de,0.7184641095074711,"High Visibility, Poor CTR - Needs Better Title/Meta"
content_bb485e06e530,client_19581e27de,0.7184641095074711,"High Visibility, Poor CTR - Needs Better Title/Meta"
content_b8fe98256cb9,client_4ec9599fc2,0.7184406892614212,"High Visibility, Poor CTR - Needs Better Title/Meta"
content_3730e876eddd,client_6208ef0f77,0.7184324426000956,General Decay - Review Content Quality
content_367fe17c5d78,client_8527a891e2,0.7182960749853485,General Decay - Review Content Quality
content_8ba781dafa55,client_8527a891e2,0.7182135412083955,"High Visibility, Poor CTR - Needs Better Title/Meta"
content_f6a8bb38f970,client_8527a891e2,0.7181959665635756,"High Visibility, Poor CTR - Needs Better Title/Meta"
content_f435eaf1c930,client_3fdba35f04,0.7181959665635756,"High Visibility, Poor CTR - Needs Better Title/Meta"
content_d700ff22181f,client_8527a891e2,0.7181783157261001,General Decay - Review Content Quality
content_d71b7a2c80fe,client_3fdba35f04,0.7181521959296937,"High Visibility, Poor CTR - Needs Better Title/Meta"
content_8b36e9097fde,client_3fdba35f04,0.7181380870346186,General Decay - Review Content Quality
content_2d57c297a2ab,client_3fdba35f04,0.7181210286610263,General Decay - Review Content Quality
content_cbdf5a78dcd0,client_19581e27de,0.7180810890062287,"High Visibility, Poor CTR - Needs Better Title/Meta"
content_db1cd41b4b4f,client_f74efabef1,0.7180510350534766,"High Visibility, Poor CTR - Needs Better Title/Meta"
content_cb76345bfbb8,client_8722616204,0.7180510350534766,"High Visibility, Poor CTR - Needs Better Title/Meta"
content_906b31c43bf9,client_6208ef0f77,0.7179135600611896,"High Visibility, Poor CTR - Needs Better Title/Meta"
content_12c24d0eb225,client_3fdba35f04,0.7178959928198531,General Decay - Review Content Quality
content_931554349b78,client_3fdba35f04,0.7178959928198531,General Decay - Review Content Quality
content_17c1cf1bd31e,client_3fdba35f04,0.7178959928198531,General Decay - Review Content Quality
content_5bb7c41c3f93,client_3fdba35f04,0.7178800726008006,"High Visibility, Poor CTR - Needs Better Title/Meta"
content_634a01109dc7,client_6208ef0f77,0.7177281189962812,"High Visibility, Poor CTR - Needs Better Title/Meta"
content_e6aeb6995d0c,client_8527a891e2,0.7176874843662752,General Decay - Review Content Quality
content_bcc1e8e2646d,client_8527a891e2,0.7176874843662752,General Decay - Review Content Quality
content_6e28a04c07a8,client_6208ef0f77,0.7176558271138986,"High Visibility, Poor CTR - Needs Better Title/Meta"
content_aeb3c0da92cc,client_8527a891e2,0.7176172661197701,General Decay - Review Content Quality
content_86531acdeb78,client_3fdba35f04,0.7175831597719315,"High Visibility, Poor CTR - Needs Better Title/Meta"
content_651e82b2a563,client_6208ef0f77,0.7175786578487763,General Decay - Review Content Quality
content_ec521b760d7c,client_8527a891e2,0.7175304495646075,"High Visibility, Poor CTR - Needs Better Title/Meta"
content_aa04fcd90504,client_6208ef0f77,0.7175266314362421,"High Visibility, Poor CTR - Needs Better Title/Meta"
content_b98344814f25,client_3fdba35f04,0.7175039400617174,General Decay - Review Content Quality
content_00c444e468ab,client_6208ef0f77,0.7174566147392768,"High Visibility, Poor CTR - Needs Better Title/Meta"
content_3f8c7aed9d6c,client_3fdba35f04,0.7174545812415798,General Decay - Review Content Quality
content_d23ae29575ef,client_4e07408562,0.7174545812415798,General Decay - Review Content Quality
content_b054abd6b94e,client_4e07408562,0.7174545812415798,General Decay - Review Content Quality
content_78b6f55b4f70,client_4e07408562,0.7174545812415798,General Decay - Review Content Quality
content_8e0deefed99d,client_6208ef0f77,0.7174401672873327,"High Visibility, Poor CTR - Needs Better Title/Meta"
content_2eceefd208e2,client_3fdba35f04,0.71738657081415,General Decay - Review Content Quality
content_ca3fd1ea97ef,client_3fdba35f04,0.71738657081415,General Decay - Review Content Quality
content_f2322d5da849,client_6208ef0f77,0.717344099906297,"High Visibility, Poor CTR - Needs Better Title/Meta"
content_06eaf64823e0,client_6208ef0f77,0.717344099906297,"High Visibility, Poor CTR - Needs Better Title/Meta"
content_8bd4ded768c1,client_6208ef0f77,0.717344099906297,"High Visibility, Poor CTR - Needs Better Title/Meta"
content_bc59f60f4c9e,client_6208ef0f77,0.717344099906297,"High Visibility, Poor CTR - Needs Better Title/Meta"
content_31d7975b0cb7,client_6208ef0f77,0.717344099906297,"High Visibility, Poor CTR - Needs Better Title/Meta"
content_93c277cfc016,client_6208ef0f77,0.717344099906297,"High Visibility, Poor CTR - Needs Better Title/Meta"
content_b5ae70dec0d7,client_6208ef0f77,0.717344099906297,"High Visibility, Poor CTR - Needs Better Title/Meta"
content_04cf08c65253,client_6208ef0f77,0.717344099906297,"High Visibility, Poor CTR - Needs Better Title/Meta"
content_6dffb8bfe857,client_3fdba35f04,0.7173398757496452,"High Visibility, Poor CTR - Needs Better Title/Meta"
content_0041426350c1,client_6208ef0f77,0.7172744099122806,General Decay - Review Content Quality
content_ae7c334247f9,client_8527a891e2,0.7172744099122806,General Decay - Review Content Quality
content_ed7432d0bdff,client_8527a891e2,0.7172744099122806,General Decay - Review Content Quality
content_37b5f0298238,client_6208ef0f77,0.7172340517882767,General Decay - Review Content Quality
content_7943b231289a,client_8722616204,0.7172340517882767,General Decay - Review Content Quality
content_3a7c3056fb9b,client_6208ef0f77,0.7171419676830724,"High Visibility, Poor CTR - Needs Better Title/Meta"
content_b0c2bd553bb4,client_6208ef0f77,0.7171332632079142,General Decay - Review Content Quality
content_f5a6154dde6b,client_6208ef0f77,0.7171287772981806,"High Visibility, Poor CTR - Needs Better Title/Meta"
content_f44056976865,client_6208ef0f77,0.7171255539737186,"High Visibility, Poor CTR - Needs Better Title/Meta"
content_fe66fa70313d,client_3fdba35f04,0.7171110359638279,General Decay - Review Content Quality
content_0eebf153c456,client_3fdba35f04,0.717021257336912,"High Visibility, Poor CTR - Needs Better Title/Meta"
content_4bb993e9270e,client_6208ef0f77,0.7169470396081672,"High Visibility, Poor CTR - Needs Better Title/Meta"
content_50114131cd7a,client_3fdba35f04,0.7169443366112163,General Decay - Review Content Quality
content_7bb23ca67385,client_3fdba35f04,0.7168412512757867,General Decay - Review Content Quality
content_374df72b9828,client_8722616204,0.7168209773342822,General Decay - Review Content Quality
content_896dbebc0df1,client_6208ef0f77,0.7167422448029157,"High Visibility, Poor CTR - Needs Better Title/Meta"
content_5952e1c97e8a,client_3fdba35f04,0.7167391496323606,"High Visibility, Poor CTR - Needs Better Title/Meta"
content_bc18d49d8f6b,client_6208ef0f77,0.7167282488936785,"High Visibility, Poor CTR - Needs Better Title/Meta"
content_8b5aab518cbb,client_3fdba35f04,0.7167204167729915,"High Visibility, Poor CTR - Needs Better Title/Meta"
content_0f7252735035,client_3fdba35f04,0.7166772015239076,"High Visibility, Poor CTR - Needs Better Title/Meta"
content_0d0c0c89d0b7,client_3fdba35f04,0.7166464795843396,General Decay - Review Content Quality
content_0b9f2a1bb78b,client_3fdba35f04,0.7165855537177083,General Decay - Review Content Quality
content_8b1eeb87a7c5,client_6208ef0f77,0.7165340374861701,"High Visibility, Poor CTR - Needs Better Title/Meta"
content_e9cc09b619e7,client_6208ef0f77,0.7165210286268794,"High Visibility, Poor CTR - Needs Better Title/Meta"
content_f1321854c3d1,client_6208ef0f77,0.7165210286268794,"High Visibility, Poor CTR - Needs Better Title/Meta"
content_2b4a520964b1,client_6208ef0f77,0.7165210286268794,"High Visibility, Poor CTR - Needs Better Title/Meta"
content_e973ad4eacf7,client_6208ef0f77,0.7165210286268794,"High Visibility, Poor CTR - Needs Better Title/Meta"
content_1f96b4672b47,client_6208ef0f77,0.7165210286268794,"High Visibility, Poor CTR - Needs Better Title/Meta"
content_58225d87e600,client_6208ef0f77,0.7165210286268794,"High Visibility, Poor CTR - Needs Better Title/Meta"
content_61d890c812cb,client_6208ef0f77,0.7165210286268794,"High Visibility, Poor CTR - Needs Better Title/Meta"
content_c4266a9683ae,client_6208ef0f77,0.7165210286268794,"High Visibility, Poor CTR - Needs Better Title/Meta"
content_0929829d7dbf,client_6208ef0f77,0.7165210286268794,"High Visibility, Poor CTR - Needs Better Title/Meta"
content_2ff933baa5ee,client_6208ef0f77,0.7165210286268794,"High Visibility, Poor CTR - Needs Better Title/Meta"
content_78416b39896a,client_6208ef0f77,0.7165210286268794,"High Visibility, Poor CTR - Needs Better Title/Meta"
content_2ee8ea676b1e,client_6208ef0f77,0.7165210286268794,"High Visibility, Poor CTR - Needs Better Title/Meta"
content_7b64616292c6,client_6208ef0f77,0.7165210286268794,"High Visibility, Poor CTR - Needs Better Title/Meta"
content_042769c321bf,client_6208ef0f77,0.7165210286268794,"High Visibility, Poor CTR - Needs Better Title/Meta"
content_ce5841ce77f4,client_6208ef0f77,0.7165210286268794,"High Visibility, Poor CTR - Needs Better Title/Meta"
content_46bedd3baee6,client_6208ef0f77,0.7165210286268794,"High Visibility, Poor CTR - Needs Better Title/Meta"
content_cfbb20d73437,client_6208ef0f77,0.7165210286268794,"High Visibility, Poor CTR - Needs Better Title/Meta"
content_4afbfc53ca8e,client_6208ef0f77,0.7165210286268794,"High Visibility, Poor CTR - Needs Better Title/Meta"
content_ae5434a4c266,client_6208ef0f77,0.7165210286268794,"High Visibility, Poor CTR - Needs Better Title/Meta"
content_652950c023cd,client_6208ef0f77,0.7165210286268794,"High Visibility, Poor CTR - Needs Better Title/Meta"
content_9b8949116824,client_6208ef0f77,0.7165210286268794,"High Visibility, Poor CTR - Needs Better Title/Meta"
content_0c0712027f83,client_6208ef0f77,0.7165210286268794,"High Visibility, Poor CTR - Needs Better Title/Meta"
content_7760048e1609,client_6208ef0f77,0.7165210286268794,"High Visibility, Poor CTR - Needs Better Title/Meta"
content_8816b84855ed,client_6208ef0f77,0.7165210286268794,"High Visibility, Poor CTR - Needs Better Title/Meta"
content_236f562c02a8,client_6208ef0f77,0.7165210286268794,"High Visibility, Poor CTR - Needs Better Title/Meta"
content_0511903a06f5,client_6208ef0f77,0.7165210286268794,"High Visibility, Poor CTR - Needs Better Title/Meta"
content_a64a0e7e2894,client_6208ef0f77,0.7165210286268794,"High Visibility, Poor CTR - Needs Better Title/Meta"
content_47b0408f0864,client_6208ef0f77,0.7165210286268794,"High Visibility, Poor CTR - Needs Better Title/Meta"
content_be80af3350ab,client_6208ef0f77,0.7165210286268794,"High Visibility, Poor CTR - Needs Better Title/Meta"
content_d6cbe9eddf11,client_6208ef0f77,0.7165210286268794,"High Visibility, Poor CTR - Needs Better Title/Meta"
content_1817599482a7,client_6208ef0f77,0.7165210286268794,"High Visibility, Poor CTR - Needs Better Title/Meta"
content_e3987147c9b5,client_6208ef0f77,0.7165210286268794,"High Visibility, Poor CTR - Needs Better Title/Meta"
content_1609426dd7d8,client_6208ef0f77,0.7165210286268794,"High Visibility, Poor CTR - Needs Better Title/Meta"
content_f73c382ac270,client_8527a891e2,0.7164897214673713,"High Visibility, Poor CTR - Needs Better Title/Meta"
content_5da5bd6eb294,client_3fdba35f04,0.7164897214673713,General Decay - Review Content Quality
content_4906a791180b,client_6208ef0f77,0.7164824634937494,"High Visibility, Poor CTR - Needs Better Title/Meta"
content_14402823d975,client_6208ef0f77,0.7164629512467642,"High Visibility, Poor CTR - Needs Better Title/Meta"
content_e2dbf1b03c08,client_3fdba35f04,0.7164241165267471,"High Visibility, Poor CTR - Needs Better Title/Meta"
content_6c5b0fe87cbf,client_6208ef0f77,0.7164165216860767,"High Visibility, Poor CTR - Needs Better Title/Meta"
content_b3202921cb5c,client_6208ef0f77,0.7164165216860767,"High Visibility, Poor CTR - Needs Better Title/Meta"
content_f80d8d413356,client_6208ef0f77,0.7164165216860767,"High Visibility, Poor CTR - Needs Better Title/Meta"
content_f8f53b831229,client_3fdba35f04,0.7162990159822671,General Decay - Review Content Quality
content_104638728096,client_3fdba35f04,0.7162990159822671,General Decay - Review Content Quality
content_7022979cdd96,client_3fdba35f04,0.7162990159822671,General Decay - Review Content Quality
content_f0ba362435db,client_3fdba35f04,0.7162990159822671,General Decay - Review Content Quality
content_af3b53f19e6a,client_3fdba35f04,0.7162990159822671,General Decay - Review Content Quality
content_a3abd0001890,client_3fdba35f04,0.7162990159822671,General Decay - Review Content Quality
content_58580110265a,client_3fdba35f04,0.7162990159822671,General Decay - Review Content Quality
content_8ca426f8e8c1,client_3fdba35f04,0.7162990159822671,General Decay - Review Content Quality
content_e6f86b5a55de,client_3fdba35f04,0.7162990159822671,General Decay - Review Content Quality
content_8d3de27ee5ed,client_3fdba35f04,0.7162990159822671,General Decay - Review Content Quality
content_b6bf40226b25,client_3fdba35f04,0.7162990159822671,General Decay - Review Content Quality
content_361bdfc59a62,client_3fdba35f04,0.7162990159822671,General Decay - Review Content Quality
content_9a033452736f,client_3fdba35f04,0.7162990159822671,General Decay - Review Content Quality
content_812572c0844b,client_3fdba35f04,0.7162990159822671,General Decay - Review Content Quality
content_ad6c1ce890f5,client_3fdba35f04,0.7162990159822671,General Decay - Review Content Quality
content_ca617a19e7d4,client_3fdba35f04,0.7162990159822671,General Decay - Review Content Quality
content_6da99d0dc4a0,client_3fdba35f04,0.7162990159822671,General Decay - Review Content Quality
content_e685f302ff98,client_3fdba35f04,0.7162990159822671,General Decay - Review Content Quality
content_1d462e6151e1,client_6208ef0f77,0.7162978404292092,"High Visibility, Poor CTR - Needs Better Title/Meta"
content_db35f1132b24,client_3fdba35f04,0.7162405834971024,"High Visibility, Poor CTR - Needs Better Title/Meta"
content_aea220971810,client_6208ef0f77,0.7161350999885377,"High Visibility, Poor CTR - Needs Better Title/Meta"
content_42d12eda1f7f,client_6208ef0f77,0.7161327409618155,"High Visibility, Poor CTR - Needs Better Title/Meta"
content_6b34c33ecfe1,client_3fdba35f04,0.7161076283817271,General Decay - Review Content Quality
content_38f09ea98655,client_6208ef0f77,0.715987906848732,General Decay - Review Content Quality
content_8daad6be553a,client_6208ef0f77,0.715987906848732,General Decay - Review Content Quality
content_fb4bf6555c79,client_6208ef0f77,0.715900021614464,"High Visibility, Poor CTR - Needs Better Title/Meta"
content_ae5613a02ebc,client_6208ef0f77,0.715888899855208,"High Visibility, Poor CTR - Needs Better Title/Meta"
content_50096ce97c93,client_3fdba35f04,0.7158610553927415,General Decay - Review Content Quality
content_46ac9dcff184,client_6208ef0f77,0.715859254855057,"High Visibility, Poor CTR - Needs Better Title/Meta"
content_8e9e5de320f8,client_3fdba35f04,0.715816470006881,General Decay - Review Content Quality
content_a2d394e98056,client_4e07408562,0.715816470006881,"High Visibility, Poor CTR - Needs Better Title/Meta"
content_1d3d99888782,client_6208ef0f77,0.7157441643438486,"High Visibility, Poor CTR - Needs Better Title/Meta"
content_51a87e64469f,client_6208ef0f77,0.7157441643438486,General Decay - Review Content Quality
content_4201c61aa2c6,client_6208ef0f77,0.7157441643438486,General Decay - Review Content Quality
content_da33a53074bd,client_4e07408562,0.7157182988759895,"High Visibility, Poor CTR - Needs Better Title/Meta"
content_52062f64233f,client_6208ef0f77,0.7157182235892219,"High Visibility, Poor CTR - Needs Better Title/Meta"
content_225d4d660659,client_4e07408562,0.7157181932079204,"High Visibility, Poor CTR - Needs Better Title/Meta"
content_498eec45b3cc,client_6208ef0f77,0.715702396741356,"High Visibility, Poor CTR - Needs Better Title/Meta"
content_9125007c00e3,client_6208ef0f77,0.715702396741356,"High Visibility, Poor CTR - Needs Better Title/Meta"
content_b1ddd362ab07,client_6208ef0f77,0.715702396741356,"High Visibility, Poor CTR - Needs Better Title/Meta"
content_92a5ce30b8f4,client_6208ef0f77,0.715702396741356,"High Visibility, Poor CTR - Needs Better Title/Meta"
content_0507ad2b8562,client_6208ef0f77,0.715702396741356,"High Visibility, Poor CTR - Needs Better Title/Meta"
content_c4ab6528d476,client_6208ef0f77,0.715702396741356,"High Visibility, Poor CTR - Needs Better Title/Meta"
content_57853725de96,client_6208ef0f77,0.715702396741356,"High Visibility, Poor CTR - Needs Better Title/Meta"
content_c89ccc2975d4,client_6208ef0f77,0.715702396741356,"High Visibility, Poor CTR - Needs Better Title/Meta"
content_c65ee459f729,client_f369cb89fc,0.7156533732648188,"High Visibility, Poor CTR - Needs Better Title/Meta"
content_d0588b0daa63,client_4ec9599fc2,0.715643420072832,"High Visibility, Poor CTR - Needs Better Title/Meta"
content_4d0c30586fe7,client_3fdba35f04,0.7156053871967863,"High Visibility, Poor CTR - Needs Better Title/Meta"
content_452a4e18212c,client_f369cb89fc,0.7155896735042304,"High Visibility, Poor CTR - Needs Better Title/Meta"
content_1e1bf69ade5c,client_3fdba35f04,0.7155646572986321,General Decay - Review Content Quality
content_227720c1a9cf,client_3fdba35f04,0.7155646572986321,General Decay - Review Content Quality
content_bcd0dfae3a82,client_19581e27de,0.7155344742707337,General Decay - Review Content Quality
content_91067a14431a,client_6208ef0f77,0.7155344742707337,General Decay - Review Content Quality
content_b08562686d22,client_f369cb89fc,0.7154794772569438,"High Visibility, Poor CTR - Needs Better Title/Meta"
content_4941005461b4,client_6208ef0f77,0.7154792085436859,"High Visibility, Poor CTR - Needs Better Title/Meta"
content_fc3dc8690c9c,client_6208ef0f77,0.7154307763847233,"High Visibility, Poor CTR - Needs Better Title/Meta"
content_257f801f1cd1,client_3fdba35f04,0.7154267426009533,"High Visibility, Poor CTR - Needs Better Title/Meta"
content_f81f77c35adb,client_4ec9599fc2,0.7154033955528863,General Decay - Review Content Quality
content_7c2dbf3b0577,client_8527a891e2,0.7154033955528863,General Decay - Review Content Quality
content_6862d38c9b58,client_4e07408562,0.7154033955528863,General Decay - Review Content Quality
content_a5b1a25f5b80,client_4e07408562,0.7154033955528863,General Decay - Review Content Quality
content_b3fb7fb255c4,client_3fdba35f04,0.7154033955528863,General Decay - Review Content Quality
content_3a9fa1b4e069,client_4e07408562,0.7154033955528863,General Decay - Review Content Quality
content_a1dfb0636e9c,client_8527a891e2,0.7154033955528863,General Decay - Review Content Quality
content_c037f627c438,client_3fdba35f04,0.7154033955528863,General Decay - Review Content Quality
content_2d1825cd5280,client_8527a891e2,0.7154033955528863,General Decay - Review Content Quality
content_a537d99944b8,client_8527a891e2,0.7154033955528863,General Decay - Review Content Quality
content_d70867535282,client_e629fa6598,0.7153834780284771,General Decay - Review Content Quality
content_75ea300ee065,client_3fdba35f04,0.715305224421995,"High Visibility, Poor CTR - Needs Better Title/Meta"
content_f225c2b2eeda,client_6208ef0f77,0.7152893222873615,"High Visibility, Poor CTR - Needs Better Title/Meta"
content_591354cf8692,client_6208ef0f77,0.7152764556399838,"High Visibility, Poor CTR - Needs Better Title/Meta"
content_a27eb2ede5e6,client_6208ef0f77,0.7152764556399838,"High Visibility, Poor CTR - Needs Better Title/Meta"
content_01660eb4b9d6,client_3fdba35f04,0.7152706490263442,"High Visibility, Poor CTR - Needs Better Title/Meta"
content_c6d2559083f2,client_4e07408562,0.7151949013515829,"High Visibility, Poor CTR - Needs Better Title/Meta"
content_0f0078353d2d,client_6208ef0f77,0.7151930647183741,"High Visibility, Poor CTR - Needs Better Title/Meta"
content_1841a83f8bc5,client_6208ef0f77,0.7151930647183741,"High Visibility, Poor CTR - Needs Better Title/Meta"
content_28dde7af05bf,client_6208ef0f77,0.7151930647183741,"High Visibility, Poor CTR - Needs Better Title/Meta"
content_82bad778e71b,client_6208ef0f77,0.7151930647183741,"High Visibility, Poor CTR - Needs Better Title/Meta"
content_2fda0de31e1f,client_6208ef0f77,0.7151930647183741,"High Visibility, Poor CTR - Needs Better Title/Meta"
content_e2738a3c775f,client_6208ef0f77,0.7151930647183741,"High Visibility, Poor CTR - Needs Better Title/Meta"
content_c66523d94c76,client_6208ef0f77,0.7151930647183741,"High Visibility, Poor CTR - Needs Better Title/Meta"
content_3a7c0ba260e8,client_6208ef0f77,0.7151930647183741,"High Visibility, Poor CTR - Needs Better Title/Meta"
content_f6f9181b33a8,client_6208ef0f77,0.7151930647183741,"High Visibility, Poor CTR - Needs Better Title/Meta"
content_94e22f76b445,client_6208ef0f77,0.7151697962606743,"High Visibility, Poor CTR - Needs Better Title/Meta"
content_43151996d289,client_6208ef0f77,0.7151697962606743,"High Visibility, Poor CTR - Needs Better Title/Meta"
content_6e63c41683f9,client_6208ef0f77,0.7151697962606743,"High Visibility, Poor CTR - Needs Better Title/Meta"
content_4c6a5921a756,client_624b60c58c,0.7151341220974126,General Decay - Review Content Quality
content_03452bf379ce,client_8527a891e2,0.7151341220974126,General Decay - Review Content Quality
content_f31f9d523855,client_8722616204,0.7151341220974126,General Decay - Review Content Quality
content_1b95f0f21543,client_8722616204,0.7151341220974126,General Decay - Review Content Quality
content_f41264b82587,client_8527a891e2,0.7151341220974126,General Decay - Review Content Quality
content_b8f9016c5f43,client_6208ef0f77,0.7150963595406162,General Decay - Review Content Quality
content_1132ae9172bb,client_6208ef0f77,0.7150963595406162,General Decay - Review Content Quality
content_a319518d1207,client_6208ef0f77,0.7150963595406162,"High Visibility, Poor CTR - Needs Better Title/Meta"
content_56f48894e6cb,client_6208ef0f77,0.7150963595406162,"High Visibility, Poor CTR - Needs Better Title/Meta"
content_4da8d62c3c13,client_6208ef0f77,0.7150963595406162,General Decay - Review Content Quality
content_d9de17036440,client_6208ef0f77,0.7150885577775715,"High Visibility, Poor CTR - Needs Better Title/Meta"
content_567c6448b441,client_6208ef0f77,0.715086190749401,"High Visibility, Poor CTR - Needs Better Title/Meta"
content_c204a19f27ae,client_6208ef0f77,0.715086190749401,"High Visibility, Poor CTR - Needs Better Title/Meta"
content_790e7ee92d5f,client_6208ef0f77,0.715086190749401,"High Visibility, Poor CTR - Needs Better Title/Meta"
content_c0ca28146a2a,client_6208ef0f77,0.7150673520573605,"High Visibility, Poor CTR - Needs Better Title/Meta"
content_dd635253d90e,client_6208ef0f77,0.7150639964528755,"High Visibility, Poor CTR - Needs Better Title/Meta"
content_935404160e73,client_6208ef0f77,0.7150522011476076,"High Visibility, Poor CTR - Needs Better Title/Meta"
content_00474279dd1c,client_6208ef0f77,0.7149816838085984,"High Visibility, Poor CTR - Needs Better Title/Meta"
content_937b94f86f0e,client_6208ef0f77,0.7149486043817573,General Decay - Review Content Quality
content_e6d38d1e801a,client_19581e27de,0.7149486043817573,General Decay - Review Content Quality
content_c69c4fa19c39,client_6208ef0f77,0.7149486043817573,General Decay - Review Content Quality
content_2fc8c474a51b,client_6208ef0f77,0.7149464381176392,"High Visibility, Poor CTR - Needs Better Title/Meta"
content_4d43ab53fa3f,client_6208ef0f77,0.7149464381176392,"High Visibility, Poor CTR - Needs Better Title/Meta"
content_5ec56aadad36,client_6208ef0f77,0.7149464381176392,"High Visibility, Poor CTR - Needs Better Title/Meta"
content_5e3c5f108b50,client_6208ef0f77,0.7149464381176392,"High Visibility, Poor CTR - Needs Better Title/Meta"
content_dec180daa24f,client_6208ef0f77,0.7149464381176392,"High Visibility, Poor CTR - Needs Better Title/Meta"
content_d4786a3f7544,client_6208ef0f77,0.7149464381176392,"High Visibility, Poor CTR - Needs Better Title/Meta"
content_ddaafc0c75a4,client_6208ef0f77,0.7149464381176392,"High Visibility, Poor CTR - Needs Better Title/Meta"
content_d498c2ff01b8,client_6208ef0f77,0.7149464381176392,"High Visibility, Poor CTR - Needs Better Title/Meta"
content_8c702da8d711,client_3fdba35f04,0.7149287974626352,General Decay - Review Content Quality
content_d695c77deba2,client_4e07408562,0.7148391029595261,"High Visibility, Poor CTR - Needs Better Title/Meta"
content_ecf8f85574df,client_6208ef0f77,0.714830150666919,"High Visibility, Poor CTR - Needs Better Title/Meta"
content_ee60f58cfe5d,client_3fdba35f04,0.7147389718239276,"High Visibility, Poor CTR - Needs Better Title/Meta"
content_225eec6627e5,client_19581e27de,0.714680689519414,General Decay - Review Content Quality
content_9c89b1690b9f,client_4ec9599fc2,0.7146637789266195,"High Visibility, Poor CTR - Needs Better Title/Meta"
content_07d96e8e1739,client_3fdba35f04,0.7145158754204333,"High Visibility, Poor CTR - Needs Better Title/Meta"
content_bbb7b13eac87,client_6208ef0f77,0.7144495766948531,"High Visibility, Poor CTR - Needs Better Title/Meta"
content_8a6446150404,client_6208ef0f77,0.7144495766948531,"High Visibility, Poor CTR - Needs Better Title/Meta"
content_5096a9d25fe5,client_6208ef0f77,0.7143955535928207,"High Visibility, Poor CTR - Needs Better Title/Meta"
content_d62ffb523d5d,client_3fdba35f04,0.7143926586938012,General Decay - Review Content Quality
content_b138aaee7964,client_6208ef0f77,0.7143744328328507,"High Visibility, Poor CTR - Needs Better Title/Meta"
content_17e60f3ab39c,client_6208ef0f77,0.7143699934389565,"High Visibility, Poor CTR - Needs Better Title/Meta"
content_d706d77307f5,client_6208ef0f77,0.7143699934389565,"High Visibility, Poor CTR - Needs Better Title/Meta"
content_e11a5f03e75b,client_6208ef0f77,0.7143699934389565,"High Visibility, Poor CTR - Needs Better Title/Meta"
content_0c5bdc2cec6c,client_6208ef0f77,0.7143699934389565,"High Visibility, Poor CTR - Needs Better Title/Meta"
content_28499d01a0c6,client_6208ef0f77,0.7143699934389565,"High Visibility, Poor CTR - Needs Better Title/Meta"
content_cc8057ea181e,client_6208ef0f77,0.7143699934389565,"High Visibility, Poor CTR - Needs Better Title/Meta"
content_487ffcfdeced,client_6208ef0f77,0.7143699934389565,"High Visibility, Poor CTR - Needs Better Title/Meta"
content_bcb5a8ae4601,client_6208ef0f77,0.7143699934389565,"High Visibility, Poor CTR - Needs Better Title/Meta"
content_be4603583853,client_6208ef0f77,0.7143699934389565,"High Visibility, Poor CTR - Needs Better Title/Meta"
content_251f7f27db2c,client_6208ef0f77,0.7143699934389565,"High Visibility, Poor CTR - Needs Better Title/Meta"
content_99f56cb3eef4,client_6208ef0f77,0.7143699934389565,"High Visibility, Poor CTR - Needs Better Title/Meta"
content_75add30fc7d7,client_3fdba35f04,0.7143646346592583,General Decay - Review Content Quality
content_4d56f96ea11a,client_3fdba35f04,0.7143646346592583,General Decay - Review Content Quality
content_e7cac495a609,client_3fdba35f04,0.7143646346592583,General Decay - Review Content Quality
content_25c3a2bb5621,client_6208ef0f77,0.714344583014258,"High Visibility, Poor CTR - Needs Better Title/Meta"
content_64a18f057d39,client_3fdba35f04,0.7143041559901364,General Decay - Review Content Quality
content_7da0aa0c0bcd,client_6208ef0f77,0.7142350294276341,General Decay - Review Content Quality
content_4b5d476aa25f,client_3fdba35f04,0.7142212845613247,"High Visibility, Poor CTR - Needs Better Title/Meta"
content_2f6eb7644df4,client_6208ef0f77,0.7141616474810257,General Decay - Review Content Quality
content_168614ad6c69,client_6208ef0f77,0.7141233668382214,"High Visibility, Poor CTR - Needs Better Title/Meta"
content_c1b4fafbe18b,client_6208ef0f77,0.7141233668382214,"High Visibility, Poor CTR - Needs Better Title/Meta"
content_6054a515d3cd,client_6208ef0f77,0.7141233668382214,"High Visibility, Poor CTR - Needs Better Title/Meta"
content_47bfb7230f4a,client_3fdba35f04,0.7140948535331332,General Decay - Review Content Quality
content_ebc65aa06e79,client_6208ef0f77,0.7140112110826028,"High Visibility, Poor CTR - Needs Better Title/Meta"
content_36bcd657d001,client_624b60c58c,0.7140007252097823,"High Visibility, Poor CTR - Needs Better Title/Meta"
content_cbb8511c4820,client_6208ef0f77,0.7139613583788561,"High Visibility, Poor CTR - Needs Better Title/Meta"
content_dcf545faa831,client_6208ef0f77,0.7139613583788561,"High Visibility, Poor CTR - Needs Better Title/Meta"
content_5c64c00bfcbd,client_6208ef0f77,0.7139425138002163,"High Visibility, Poor CTR - Needs Better Title/Meta"
content_c7a36ceaa45f,client_624b60c58c,0.7138717142933153,General Decay - Review Content Quality
content_d1a0c65a380b,client_6208ef0f77,0.71383248963903,"High Visibility, Poor CTR - Needs Better Title/Meta"
content_5daaf566b54c,client_6208ef0f77,0.7137753771182651,"High Visibility, Poor CTR - Needs Better Title/Meta"
content_fc29a10da579,client_6208ef0f77,0.7137147317781212,"High Visibility, Poor CTR - Needs Better Title/Meta"
content_55a7c4f4ad37,client_6208ef0f77,0.7137121613654748,"High Visibility, Poor CTR - Needs Better Title/Meta"
content_b554b5880edf,client_6208ef0f77,0.7137121613654748,"High Visibility, Poor CTR - Needs Better Title/Meta"
content_d7d06a893dcf,client_6208ef0f77,0.7136849235666928,"High Visibility, Poor CTR - Needs Better Title/Meta"
content_65b4d51fd2a7,client_3fdba35f04,0.7136586213311799,General Decay - Review Content Quality
content_8eacd2b3c78c,client_3fdba35f04,0.7136302759756232,General Decay - Review Content Quality
content_cd3c7df7ea28,client_4ec9599fc2,0.7136302759756232,General Decay - Review Content Quality
content_b496197a040f,client_624b60c58c,0.7135674663568197,General Decay - Review Content Quality
content_e348b1dda5aa,client_6208ef0f77,0.7135638727171701,"High Visibility, Poor CTR - Needs Better Title/Meta"
content_d1b0919ed4ae,client_6208ef0f77,0.7135638727171701,"High Visibility, Poor CTR - Needs Better Title/Meta"
content_c5788a4e2824,client_6208ef0f77,0.7135638727171701,"High Visibility, Poor CTR - Needs Better Title/Meta"
content_e3ee964b3d99,client_6208ef0f77,0.7135638727171701,"High Visibility, Poor CTR - Needs Better Title/Meta"
content_0b18afd5b14b,client_6208ef0f77,0.7135638727171701,"High Visibility, Poor CTR - Needs Better Title/Meta"
content_99ba59484a1d,client_6208ef0f77,0.713551361553433,"High Visibility, Poor CTR - Needs Better Title/Meta"
content_a973528f18af,client_3fdba35f04,0.7134690142298774,General Decay - Review Content Quality
content_1d917effd100,client_6208ef0f77,0.7134593657763675,"High Visibility, Poor CTR - Needs Better Title/Meta"
content_14d64f61e5d9,client_7f2253d7e2,0.7134386383163076,"High Visibility, Poor CTR - Needs Better Title/Meta"
content_c3970ef960d5,client_7f2253d7e2,0.7134386383163076,"High Visibility, Poor CTR - Needs Better Title/Meta"
content_a939feaaafb0,client_6208ef0f77,0.7134042927650144,"High Visibility, Poor CTR - Needs Better Title/Meta"
content_bef9eb4949af,client_7f2253d7e2,0.7133243300345987,"High Visibility, Poor CTR - Needs Better Title/Meta"
content_f1cdef315047,client_7f2253d7e2,0.7133243300345987,"High Visibility, Poor CTR - Needs Better Title/Meta"
content_156487fa1454,client_6208ef0f77,0.7132978998764038,"High Visibility, Poor CTR - Needs Better Title/Meta"
content_17a0fc02d9e7,client_4e07408562,0.7132783872659533,"High Visibility, Poor CTR - Needs Better Title/Meta"
content_d4ace252fc1b,client_6208ef0f77,0.7131881398031852,"High Visibility, Poor CTR - Needs Better Title/Meta"
content_f0df99ec2996,client_6208ef0f77,0.7131881398031852,"High Visibility, Poor CTR - Needs Better Title/Meta"
content_b14d7b354fca,client_6208ef0f77,0.7131881398031852,"High Visibility, Poor CTR - Needs Better Title/Meta"
content_6123a2ea1522,client_6208ef0f77,0.7131881398031852,"High Visibility, Poor CTR - Needs Better Title/Meta"
content_9ad63f59b0ac,client_6208ef0f77,0.7131881398031852,"High Visibility, Poor CTR - Needs Better Title/Meta"
content_d60fe6dc0d5e,client_6208ef0f77,0.7131881398031852,"High Visibility, Poor CTR - Needs Better Title/Meta"
content_bbb72b630762,client_6208ef0f77,0.7131881398031852,"High Visibility, Poor CTR - Needs Better Title/Meta"
content_95d3c68b9fa3,client_6208ef0f77,0.7131881398031852,"High Visibility, Poor CTR - Needs Better Title/Meta"
content_f915142c5701,client_6208ef0f77,0.7131382870994385,"High Visibility, Poor CTR - Needs Better Title/Meta"
content_c2cca3b2a2ef,client_6208ef0f77,0.7130966417216733,"High Visibility, Poor CTR - Needs Better Title/Meta"
content_9305a6db6e91,client_6208ef0f77,0.7130836328623826,"High Visibility, Poor CTR - Needs Better Title/Meta"
content_70dba941a4cd,client_6208ef0f77,0.7130571982309324,"High Visibility, Poor CTR - Needs Better Title/Meta"
content_f146d105b2be,client_6208ef0f77,0.7127954029297162,"High Visibility, Poor CTR - Needs Better Title/Meta"
content_1636396d88f3,client_3fdba35f04,0.7127501773640725,General Decay - Review Content Quality
content_acac9020cb3a,client_6208ef0f77,0.7127347072251868,"High Visibility, Poor CTR - Needs Better Title/Meta"
content_7163fd77b570,client_6208ef0f77,0.7127265332792454,General Decay - Review Content Quality
content_e2ae653cd9cf,client_6208ef0f77,0.7127265332792454,General Decay - Review Content Quality
content_cb596f55198f,client_6208ef0f77,0.7127265332792454,General Decay - Review Content Quality
content_fd994d7ea72d,client_6208ef0f77,0.7127265332792454,General Decay - Review Content Quality
content_c6a809f62445,client_3fdba35f04,0.7126789560657989,"High Visibility, Poor CTR - Needs Better Title/Meta"
content_a8680d500da8,client_7f2253d7e2,0.7126200064307843,"High Visibility, Poor CTR - Needs Better Title/Meta"
content_6923971918f3,client_6208ef0f77,0.7125986275113305,"High Visibility, Poor CTR - Needs Better Title/Meta"
content_75955e125af3,client_3fdba35f04,0.7125425819383763,General Decay - Review Content Quality
content_5583387be650,client_6208ef0f77,0.7124186162395973,"High Visibility, Poor CTR - Needs Better Title/Meta"
content_4f3a9128e517,client_6208ef0f77,0.712369507917662,"High Visibility, Poor CTR - Needs Better Title/Meta"
content_62ad075df42a,client_6208ef0f77,0.712336897423407,General Decay - Review Content Quality
content_2c34c9a1f7b1,client_3fdba35f04,0.7123301998088225,General Decay - Review Content Quality
content_f988b4cba4ea,client_6208ef0f77,0.7122471358108057,"High Visibility, Poor CTR - Needs Better Title/Meta"
content_02ae9b37d7b7,client_6208ef0f77,0.7122341269515148,"High Visibility, Poor CTR - Needs Better Title/Meta"
content_c4b8d24dcb3f,client_7f2253d7e2,0.7122069319767896,"High Visibility, Poor CTR - Needs Better Title/Meta"
content_bdc45d0800d7,client_3fdba35f04,0.7121895690079971,"High Visibility, Poor CTR - Needs Better Title/Meta"
content_af14ae6f2c3a,client_3fdba35f04,0.712182511166329,General Decay - Review Content Quality
content_1a28b25c7128,client_6208ef0f77,0.7121594626081961,"High Visibility, Poor CTR - Needs Better Title/Meta"
content_dc07a16ea110,client_6208ef0f77,0.7121594626081961,"High Visibility, Poor CTR - Needs Better Title/Meta"
content_631f38802ec3,client_6208ef0f77,0.7121594626081961,"High Visibility, Poor CTR - Needs Better Title/Meta"
content_a1c94e1781d7,client_3fdba35f04,0.7121172360062435,General Decay - Review Content Quality
content_f39ca18e7bbc,client_6208ef0f77,0.7120692794773033,"High Visibility, Poor CTR - Needs Better Title/Meta"
content_a7f572a3d740,client_6208ef0f77,0.7120692794773033,"High Visibility, Poor CTR - Needs Better Title/Meta"
content_604daa1aff1d,client_6208ef0f77,0.7120692794773033,"High Visibility, Poor CTR - Needs Better Title/Meta"
content_9bd0058e5f26,client_6208ef0f77,0.7120692794773033,"High Visibility, Poor CTR - Needs Better Title/Meta"
content_d915f4ac4952,client_6208ef0f77,0.7120692794773033,"High Visibility, Poor CTR - Needs Better Title/Meta"
content_cfdee6b1e0ea,client_6208ef0f77,0.7120692794773033,"High Visibility, Poor CTR - Needs Better Title/Meta"
content_785bda34d3a0,client_6208ef0f77,0.7120692794773033,"High Visibility, Poor CTR - Needs Better Title/Meta"
content_f813d0a86175,client_6208ef0f77,0.7120692794773033,"High Visibility, Poor CTR - Needs Better Title/Meta"
content_9623e642ff3a,client_6208ef0f77,0.7119995435425066,"High Visibility, Poor CTR - Needs Better Title/Meta"
content_5b67710ced1c,client_3fdba35f04,0.7119641821122633,"High Visibility, Poor CTR - Needs Better Title/Meta"
content_b832f1e413b5,client_6208ef0f77,0.7119505318017001,"High Visibility, Poor CTR - Needs Better Title/Meta"
content_e454bc31017a,client_6208ef0f77,0.7119505318017001,"High Visibility, Poor CTR - Needs Better Title/Meta"
content_e8625556b0f8,client_19581e27de,0.7119160753396635,"High Visibility, Poor CTR - Needs Better Title/Meta"
content_0b263dda73c6,client_6208ef0f77,0.71186017589468,"High Visibility, Poor CTR - Needs Better Title/Meta"
content_7fb9f4c4a095,client_6208ef0f77,0.71186017589468,"High Visibility, Poor CTR - Needs Better Title/Meta"
content_bdd872833815,client_6208ef0f77,0.71186017589468,"High Visibility, Poor CTR - Needs Better Title/Meta"
content_def925a85437,client_6208ef0f77,0.7118466045726112,"High Visibility, Poor CTR - Needs Better Title/Meta"
content_ab3d8332877e,client_6208ef0f77,0.7118466045726112,"High Visibility, Poor CTR - Needs Better Title/Meta"
content_aaaac50e2bf5,client_6208ef0f77,0.7118466045726112,"High Visibility, Poor CTR - Needs Better Title/Meta"
content_9ea681941a18,client_3fdba35f04,0.7118421599631717,"High Visibility, Poor CTR - Needs Better Title/Meta"
content_4f241bad48a3,client_6208ef0f77,0.7118178984924651,Stale & Low CTR - Needs Content Update
content_a042ae7b2536,client_6208ef0f77,0.71178144059471,"High Visibility, Poor CTR - Needs Better Title/Meta"
content_01ece29d6894,client_6208ef0f77,0.711727856897008,"High Visibility, Poor CTR - Needs Better Title/Meta"
content_f3a9f38a90c2,client_3fdba35f04,0.7117009197359796,General Decay - Review Content Quality
content_2a6b9d0eb086,client_3fdba35f04,0.7117009197359796,"High Visibility, Poor CTR - Needs Better Title/Meta"
content_9fcca7d9a279,client_3fdba35f04,0.7117009197359796,General Decay - Review Content Quality
content_ca8a4b9161eb,client_4e07408562,0.7116920215945529,"High Visibility, Poor CTR - Needs Better Title/Meta"
content_6779f2b0058c,client_3fdba35f04,0.7116847752842418,"High Visibility, Poor CTR - Needs Better Title/Meta"
content_6f90e3323da2,client_6208ef0f77,0.7116656331183545,"High Visibility, Poor CTR - Needs Better Title/Meta"
content_d4cff59233bb,client_6208ef0f77,0.7116369876970096,"High Visibility, Poor CTR - Needs Better Title/Meta"
content_d983fb4ec74f,client_8527a891e2,0.7116264374236202,General Decay - Review Content Quality
content_c47fe4a26e8d,client_6208ef0f77,0.711613549293945,"High Visibility, Poor CTR - Needs Better Title/Meta"
content_a69eae205362,client_6208ef0f77,0.711613549293945,"High Visibility, Poor CTR - Needs Better Title/Meta"
content_72b6e81877f7,client_6208ef0f77,0.711613549293945,"High Visibility, Poor CTR - Needs Better Title/Meta"
content_b331a2c7719d,client_6208ef0f77,0.711608132938323,"High Visibility, Poor CTR - Needs Better Title/Meta"
content_565c92d02525,client_3fdba35f04,0.7115983318734154,"High Visibility, Poor CTR - Needs Better Title/Meta"
content_67bcc6182101,client_6208ef0f77,0.7115636965901984,"High Visibility, Poor CTR - Needs Better Title/Meta"
content_53a240a84591,client_19581e27de,0.7115187533143847,"High Visibility, Poor CTR - Needs Better Title/Meta"
content_da094bbf1de9,client_3fdba35f04,0.7115018919395159,General Decay - Review Content Quality
content_41eeb6df067f,client_3fdba35f04,0.7114709003604269,General Decay - Review Content Quality
content_cebcc9693b46,client_624b60c58c,0.7114271785419517,General Decay - Review Content Quality
content_45c6b7efaa2b,client_6208ef0f77,0.7113593738830569,General Decay - Review Content Quality
content_5983f14e4266,client_4e07408562,0.7113400664308246,General Decay - Review Content Quality
content_d4278eda4292,client_3fdba35f04,0.7113338219006325,General Decay - Review Content Quality
content_3e7893eabb81,client_e629fa6598,0.7113287264150094,General Decay - Review Content Quality
content_dab329b0f1cb,client_6208ef0f77,0.7113258199295774,"High Visibility, Poor CTR - Needs Better Title/Meta"
content_c0e96a7db2c6,client_3fdba35f04,0.7113256743840566,"High Visibility, Poor CTR - Needs Better Title/Meta"
content_b4e92f758074,client_3fdba35f04,0.7113205658452919,"High Visibility, Poor CTR - Needs Better Title/Meta"
content_5be5abaf52d5,client_3fdba35f04,0.7113162214555812,"High Visibility, Poor CTR - Needs Better Title/Meta"
content_10c2b2f59827,client_6208ef0f77,0.7112818915617374,"High Visibility, Poor CTR - Needs Better Title/Meta"
content_c01efc6bf8fb,client_6208ef0f77,0.7112818915617374,"High Visibility, Poor CTR - Needs Better Title/Meta"
content_04131190b83e,client_6208ef0f77,0.7112818915617374,"High Visibility, Poor CTR - Needs Better Title/Meta"
content_f4382a167e63,client_6208ef0f77,0.7112818915617374,"High Visibility, Poor CTR - Needs Better Title/Meta"
content_3077b1335872,client_6208ef0f77,0.7112818915617374,"High Visibility, Poor CTR - Needs Better Title/Meta"
content_a4311c48e8e1,client_6208ef0f77,0.7112818915617374,"High Visibility, Poor CTR - Needs Better Title/Meta"
content_6e9cdb6c971a,client_6208ef0f77,0.7112818915617374,"High Visibility, Poor CTR - Needs Better Title/Meta"
content_dea4d2b42e00,client_6208ef0f77,0.7112818915617374,"High Visibility, Poor CTR - Needs Better Title/Meta"
content_111dcd1398da,client_6208ef0f77,0.7112818915617374,"High Visibility, Poor CTR - Needs Better Title/Meta"
content_47a6388814f4,client_6208ef0f77,0.7112818915617374,"High Visibility, Poor CTR - Needs Better Title/Meta"
content_445503d2d06f,client_6208ef0f77,0.7112818915617374,"High Visibility, Poor CTR - Needs Better Title/Meta"
content_725556b5ef54,client_6208ef0f77,0.7112462081978856,"High Visibility, Poor CTR - Needs Better Title/Meta"
content_a9d0798ea2c0,client_6208ef0f77,0.7112462081978856,"High Visibility, Poor CTR - Needs Better Title/Meta"
content_89f02a30a08c,client_6208ef0f77,0.7112462081978856,"High Visibility, Poor CTR - Needs Better Title/Meta"
content_c59decdcd0df,client_6208ef0f77,0.7112462081978856,"High Visibility, Poor CTR - Needs Better Title/Meta"
content_1fd57c10efa8,client_3fdba35f04,0.7112292332626049,"High Visibility, Poor CTR - Needs Better Title/Meta"
content_d5d342f437fd,client_6208ef0f77,0.7112173983630308,General Decay - Review Content Quality
content_8f16c82296ab,client_6208ef0f77,0.7111976216642087,"High Visibility, Poor CTR - Needs Better Title/Meta"
content_e06389cec5c1,client_19581e27de,0.7111060129195366,"High Visibility, Poor CTR - Needs Better Title/Meta"
content_b2ec40b9d68c,client_6208ef0f77,0.711084442410324,"High Visibility, Poor CTR - Needs Better Title/Meta"
content_1fddbbbaf30e,client_3fdba35f04,0.7110729930855406,General Decay - Review Content Quality
content_f788586de53d,client_6208ef0f77,0.7110415440091566,"High Visibility, Poor CTR - Needs Better Title/Meta"
content_13612df1afe8,client_624b60c58c,0.7110413880541517,"High Visibility, Poor CTR - Needs Better Title/Meta"
content_653da7aa6d28,client_6208ef0f77,0.7110371046152624,"High Visibility, Poor CTR - Needs Better Title/Meta"
content_10f8feb4e1e3,client_6208ef0f77,0.7110371046152624,"High Visibility, Poor CTR - Needs Better Title/Meta"
content_a37d52a65d8c,client_6208ef0f77,0.7110371046152624,"High Visibility, Poor CTR - Needs Better Title/Meta"
content_334d2001f83d,client_6208ef0f77,0.7110371046152624,"High Visibility, Poor CTR - Needs Better Title/Meta"
content_f19aee32a89d,client_3fdba35f04,0.710988860476906,General Decay - Review Content Quality
content_77c8654c2a30,client_3fdba35f04,0.7109527927869708,General Decay - Review Content Quality
content_ccf99cdad6d1,client_8527a891e2,0.7109227963335535,"High Visibility, Poor CTR - Needs Better Title/Meta"
content_2a228ce7aa1b,client_8527a891e2,0.7108593126746139,General Decay - Review Content Quality
content_34d7d9c83986,client_3fdba35f04,0.7108558532649739,"High Visibility, Poor CTR - Needs Better Title/Meta"
content_1f37dc9b1b92,client_6208ef0f77,0.71085412491558,"High Visibility, Poor CTR - Needs Better Title/Meta"
content_4e43bc4a281d,client_6208ef0f77,0.7108375731377854,"High Visibility, Poor CTR - Needs Better Title/Meta"
content_51bb0bff5aed,client_6208ef0f77,0.7108375731377854,"High Visibility, Poor CTR - Needs Better Title/Meta"
content_a8cefae22b92,client_6208ef0f77,0.7108375731377854,"High Visibility, Poor CTR - Needs Better Title/Meta"
content_29fcdf0d8513,client_6208ef0f77,0.7107992890740364,"High Visibility, Poor CTR - Needs Better Title/Meta"
content_156a9e99ddbc,client_6208ef0f77,0.7107904780145274,"High Visibility, Poor CTR - Needs Better Title/Meta"
content_375b323e97ec,client_6208ef0f77,0.7107904780145274,"High Visibility, Poor CTR - Needs Better Title/Meta"
content_e4dec58521e7,client_6208ef0f77,0.7107850057998827,"High Visibility, Poor CTR - Needs Better Title/Meta"
content_415e2253770b,client_6208ef0f77,0.7107850057998827,"High Visibility, Poor CTR - Needs Better Title/Meta"
content_79fdc35042cf,client_6208ef0f77,0.710746111519129,"High Visibility, Poor CTR - Needs Better Title/Meta"
content_0d1dd043a611,client_6208ef0f77,0.7107428732839726,"High Visibility, Poor CTR - Needs Better Title/Meta"
content_72039d68836c,client_6208ef0f77,0.7107390713563021,"High Visibility, Poor CTR - Needs Better Title/Meta"
content_7602d27a3586,client_6208ef0f77,0.7106769085671176,General Decay - Review Content Quality
content_f742d659d8fa,client_6208ef0f77,0.7106452775071895,"High Visibility, Poor CTR - Needs Better Title/Meta"
content_86fe1bcebbdf,client_4e07408562,0.7106357428270101,"High Visibility, Poor CTR - Needs Better Title/Meta"
content_7713c488c8e8,client_6208ef0f77,0.7106169781420377,"High Visibility, Poor CTR - Needs Better Title/Meta"
content_b21aed900ad9,client_6208ef0f77,0.710615582521973,"High Visibility, Poor CTR - Needs Better Title/Meta"
content_54af84f1e737,client_8527a891e2,0.7106097298315592,General Decay - Review Content Quality
content_525a66698c0e,client_19581e27de,0.7105836720372639,"High Visibility, Poor CTR - Needs Better Title/Meta"
content_e3c6836b5dda,client_8527a891e2,0.7105836720372639,"High Visibility, Poor CTR - Needs Better Title/Meta"
content_47d76d45619f,client_3fdba35f04,0.7105757860229113,General Decay - Review Content Quality
content_3e6b2cddb194,client_3fdba35f04,0.7105757860229113,General Decay - Review Content Quality
content_83cf3d638c18,client_3fdba35f04,0.7105757860229113,General Decay - Review Content Quality
content_e3a56df2596d,client_3fdba35f04,0.7105757860229113,General Decay - Review Content Quality
content_4b2fac1363f4,client_3fdba35f04,0.7105757860229113,General Decay - Review Content Quality
content_388572a79e64,client_3fdba35f04,0.7105757860229113,General Decay - Review Content Quality
content_142d672dd569,client_3fdba35f04,0.7105494185495078,General Decay - Review Content Quality
content_aead59cdb800,client_3fdba35f04,0.7105404605224139,General Decay - Review Content Quality
content_948c4f5968a1,client_3fdba35f04,0.7105259807264673,General Decay - Review Content Quality
content_c2992b45b454,client_3fdba35f04,0.7105152417186877,General Decay - Review Content Quality
content_c63693415125,client_19581e27de,0.710509721879559,"High Visibility, Poor CTR - Needs Better Title/Meta"
content_5744da9b504e,client_6208ef0f77,0.7104837794825832,"High Visibility, Poor CTR - Needs Better Title/Meta"
content_7f6df7c41a23,client_3fdba35f04,0.7104760708187334,"High Visibility, Poor CTR - Needs Better Title/Meta"
content_6cba860a5110,client_3fdba35f04,0.7104738725032513,"High Visibility, Poor CTR - Needs Better Title/Meta"
content_84aa46ec1097,client_6208ef0f77,0.7104275763123623,"High Visibility, Poor CTR - Needs Better Title/Meta"
content_38cb7ea8af9c,client_6208ef0f77,0.7104275763123623,"High Visibility, Poor CTR - Needs Better Title/Meta"
content_54db59b94f0d,client_3fdba35f04,0.7104100453206875,"High Visibility, Poor CTR - Needs Better Title/Meta"
content_50d3e6075e9c,client_6208ef0f77,0.7103970621148408,"High Visibility, Poor CTR - Needs Better Title/Meta"
content_d57a23d48ef3,client_6208ef0f77,0.7102924722092289,"High Visibility, Poor CTR - Needs Better Title/Meta"
content_2eaf49f7d8da,client_6208ef0f77,0.7102924722092289,General Decay - Review Content Quality
content_8039536274ad,client_6208ef0f77,0.7102924722092289,General Decay - Review Content Quality
content_8dd942af90ff,client_6208ef0f77,0.7102924722092289,General Decay - Review Content Quality
content_61e5231507c7,client_6208ef0f77,0.7102924722092289,General Decay - Review Content Quality
content_37f744bc7120,client_6208ef0f77,0.7102924722092289,"High Visibility, Poor CTR - Needs Better Title/Meta"
content_dc68474012fd,client_6208ef0f77,0.7102924722092289,General Decay - Review Content Quality
content_18834455f241,client_6208ef0f77,0.7102924722092289,General Decay - Review Content Quality
content_5b34c277da51,client_6208ef0f77,0.7102924722092289,General Decay - Review Content Quality
content_c8d1badc510a,client_6208ef0f77,0.7102924722092289,General Decay - Review Content Quality
content_192488282b56,client_6208ef0f77,0.7102924722092289,General Decay - Review Content Quality
content_93acf4f3e647,client_6208ef0f77,0.7102924722092289,"High Visibility, Poor CTR - Needs Better Title/Meta"
content_eb3fcea6abcb,client_6208ef0f77,0.7102924722092289,General Decay - Review Content Quality
content_e1123ef6ffad,client_6208ef0f77,0.7102924722092289,General Decay - Review Content Quality
content_a59988d4dd03,client_6208ef0f77,0.7102924722092289,General Decay - Review Content Quality
content_14ac5317a035,client_6208ef0f77,0.7102924722092289,"High Visibility, Poor CTR - Needs Better Title/Meta"
content_8f3262609d9b,client_6208ef0f77,0.7102924722092289,General Decay - Review Content Quality
content_d8f5e00711f4,client_6208ef0f77,0.7102924722092289,General Decay - Review Content Quality
content_e6642d0fa24d,client_6208ef0f77,0.710230983893476,"High Visibility, Poor CTR - Needs Better Title/Meta"
content_095661034f9b,client_6208ef0f77,0.7102197974241805,"High Visibility, Poor CTR - Needs Better Title/Meta"
content_4cd4de97b693,client_6208ef0f77,0.7100501852222194,"High Visibility, Poor CTR - Needs Better Title/Meta"
content_b3e76ca33ba5,client_6208ef0f77,0.7100501852222194,"High Visibility, Poor CTR - Needs Better Title/Meta"
content_75c5a4e81212,client_6208ef0f77,0.7100145018583678,"High Visibility, Poor CTR - Needs Better Title/Meta"
content_fc0eb5391f03,client_6208ef0f77,0.7100123691186139,"High Visibility, Poor CTR - Needs Better Title/Meta"
content_4e47036c4e87,client_6208ef0f77,0.7100123691186139,"High Visibility, Poor CTR - Needs Better Title/Meta"
content_bbf4348fc02e,client_6208ef0f77,0.7099974964262721,"High Visibility, Poor CTR - Needs Better Title/Meta"
content_5a7adbb560cc,client_6208ef0f77,0.7099093487618353,General Decay - Review Content Quality
content_65ffae8aad53,client_3fdba35f04,0.7099049151019298,General Decay - Review Content Quality
content_cdab365262b1,client_d59eced1de,0.7099019521971843,"High Visibility, Poor CTR - Needs Better Title/Meta"
content_40d76ed3a805,client_6208ef0f77,0.7098282508713999,"High Visibility, Poor CTR - Needs Better Title/Meta"
content_623fddeecb19,client_19581e27de,0.7098053982757445,"High Visibility, Poor CTR - Needs Better Title/Meta"
content_f50c89540208,client_6208ef0f77,0.7098053982757445,"High Visibility, Poor CTR - Needs Better Title/Meta"
content_cdff81887d7e,client_6208ef0f77,0.7098053982757445,"High Visibility, Poor CTR - Needs Better Title/Meta"
content_f5d25888aff9,client_8527a891e2,0.7097650401517406,"High Visibility, Poor CTR - Needs Better Title/Meta"
content_a999fa415a3f,client_6208ef0f77,0.7097391313171216,"High Visibility, Poor CTR - Needs Better Title/Meta"
content_9131c7f9443c,client_3fdba35f04,0.7097270736890415,"High Visibility, Poor CTR - Needs Better Title/Meta"
content_690579420124,client_6208ef0f77,0.7096716176886454,"High Visibility, Poor CTR - Needs Better Title/Meta"
content_ed0a3fb92955,client_6208ef0f77,0.7096598038023272,"High Visibility, Poor CTR - Needs Better Title/Meta"
content_de2e6c1b976a,client_3fdba35f04,0.7096509858234995,"High Visibility, Poor CTR - Needs Better Title/Meta"
content_2bc68225b848,client_3fdba35f04,0.7096047993378756,General Decay - Review Content Quality
content_4fe0d777d87c,client_6208ef0f77,0.7095611260424607,"High Visibility, Poor CTR - Needs Better Title/Meta"
content_0c6e9f332513,client_6208ef0f77,0.7095564846435238,"High Visibility, Poor CTR - Needs Better Title/Meta"
content_97a36e9e956f,client_7f2253d7e2,0.709526615245969,"High Visibility, Poor CTR - Needs Better Title/Meta"
content_66458ac1b739,client_8527a891e2,0.709518454896561,"High Visibility, Poor CTR - Needs Better Title/Meta"
content_81318d706af3,client_6208ef0f77,0.7094625141060221,"High Visibility, Poor CTR - Needs Better Title/Meta"
content_d9f4afa74caf,client_6208ef0f77,0.7094625141060221,"High Visibility, Poor CTR - Needs Better Title/Meta"
content_9597d14e7fa8,client_6208ef0f77,0.709421294564819,"High Visibility, Poor CTR - Needs Better Title/Meta"
content_45a8b74d4be2,client_4e07408562,0.7093827441207822,"High Visibility, Poor CTR - Needs Better Title/Meta"
content_097b3c21ac05,client_4ec9599fc2,0.7092823970319243,General Decay - Review Content Quality
content_ad980e37f839,client_3fdba35f04,0.7092823970319243,"High Visibility, Poor CTR - Needs Better Title/Meta"
content_0b292ae05614,client_3fdba35f04,0.7092823970319243,"High Visibility, Poor CTR - Needs Better Title/Meta"
content_e526c1ac1168,client_3fdba35f04,0.7092823970319243,General Decay - Review Content Quality
content_9a090e5c6a44,client_3fdba35f04,0.7092823970319243,General Decay - Review Content Quality
content_5f5a1733c322,client_3fdba35f04,0.7092823970319243,General Decay - Review Content Quality
content_ca9647344fa0,client_4ec9599fc2,0.7092823970319243,General Decay - Review Content Quality
content_ea1c09f23342,client_3fdba35f04,0.7092823970319243,General Decay - Review Content Quality
content_e6e53ff80a2f,client_4ec9599fc2,0.7092823970319243,General Decay - Review Content Quality
content_034a3e9d38d3,client_3fdba35f04,0.7092823970319243,"High Visibility, Poor CTR - Needs Better Title/Meta"
content_ac1690c7fcff,client_6208ef0f77,0.7092769710418056,"High Visibility, Poor CTR - Needs Better Title/Meta"
content_29edd4a67cf6,client_19581e27de,0.7091866609545128,"High Visibility, Poor CTR - Needs Better Title/Meta"
content_380891454fd6,client_624b60c58c,0.7090771105481628,General Decay - Review Content Quality
content_a247759cb944,client_6208ef0f77,0.7090679107726814,"High Visibility, Poor CTR - Needs Better Title/Meta"
content_27a5ceccdf40,client_624b60c58c,0.7090285278991295,"High Visibility, Poor CTR - Needs Better Title/Meta"
content_4c0f9c2e9c59,client_3fdba35f04,0.7090218073968474,General Decay - Review Content Quality
content_b4a3d5ad5ff4,client_3fdba35f04,0.7089906215476411,"High Visibility, Poor CTR - Needs Better Title/Meta"
content_370f162b9110,client_8527a891e2,0.7089249313516051,General Decay - Review Content Quality
content_85a09b3e3147,client_8527a891e2,0.7089249313516051,General Decay - Review Content Quality
content_73c28945e6c2,client_3fdba35f04,0.7089245353618874,General Decay - Review Content Quality
content_f034f798d478,client_3fdba35f04,0.7089245353618874,General Decay - Review Content Quality
content_d8fe64aaac6b,client_6208ef0f77,0.708920066315922,"High Visibility, Poor CTR - Needs Better Title/Meta"
content_db9c87755ede,client_6208ef0f77,0.7089148381316933,General Decay - Review Content Quality
content_391c05ee15ec,client_3fdba35f04,0.7088749892374342,General Decay - Review Content Quality
content_336d0fba6439,client_6208ef0f77,0.708865087440774,"High Visibility, Poor CTR - Needs Better Title/Meta"
content_32c2aace9ea3,client_6208ef0f77,0.7088265737845019,"High Visibility, Poor CTR - Needs Better Title/Meta"
content_a05bb99e3fdf,client_7f2253d7e2,0.7087079833604458,"High Visibility, Poor CTR - Needs Better Title/Meta"
content_c56021ff23b4,client_4ec9599fc2,0.7086937633426595,"High Visibility, Poor CTR - Needs Better Title/Meta"
content_33c118b15a60,client_6208ef0f77,0.7086599326807915,"High Visibility, Poor CTR - Needs Better Title/Meta"
content_5dbe735918d9,client_3fdba35f04,0.7086414046999024,General Decay - Review Content Quality
content_b6b1953e6182,client_3fdba35f04,0.7086414046999024,General Decay - Review Content Quality
content_c966457feb66,client_3fdba35f04,0.7085799225282876,General Decay - Review Content Quality
content_9b221a431aef,client_3fdba35f04,0.7085799225282876,General Decay - Review Content Quality
content_837cb83fae82,client_3fdba35f04,0.7085799225282876,General Decay - Review Content Quality
content_49434ab7ba94,client_3fdba35f04,0.7085799225282876,General Decay - Review Content Quality
content_ed30e6d83dc7,client_624b60c58c,0.7085378425599189,"High Visibility, Poor CTR - Needs Better Title/Meta"
content_93730172c7a4,client_3fdba35f04,0.708525776233638,General Decay - Review Content Quality
content_6e6958b0a756,client_6208ef0f77,0.7084981840176073,"High Visibility, Poor CTR - Needs Better Title/Meta"
content_cd57dbfcb318,client_6208ef0f77,0.7084981840176073,"High Visibility, Poor CTR - Needs Better Title/Meta"
content_b8932ca3bbe5,client_6208ef0f77,0.7084981840176073,"High Visibility, Poor CTR - Needs Better Title/Meta"
content_987a0c9b0910,client_6208ef0f77,0.7084981840176073,"High Visibility, Poor CTR - Needs Better Title/Meta"
content_26a05c42649d,client_6208ef0f77,0.7084981840176073,"High Visibility, Poor CTR - Needs Better Title/Meta"
content_435b838df0d3,client_3fdba35f04,0.7084781889808167,General Decay - Review Content Quality
content_008fa457324e,client_3fdba35f04,0.7084217675523148,General Decay - Review Content Quality
content_a467a30832b8,client_6208ef0f77,0.7084189322917974,"High Visibility, Poor CTR - Needs Better Title/Meta"
content_29851de826f8,client_4e07408562,0.7083658686603481,"High Visibility, Poor CTR - Needs Better Title/Meta"
content_c65aa2b1ea0b,client_6208ef0f77,0.70835809088622,General Decay - Review Content Quality
content_98a1e72597ca,client_6208ef0f77,0.7083532116308322,General Decay - Review Content Quality
content_7328f4cf3c6c,client_6208ef0f77,0.7083431617198387,"High Visibility, Poor CTR - Needs Better Title/Meta"
content_fa58e2744bd4,client_8527a891e2,0.7083404700485191,"High Visibility, Poor CTR - Needs Better Title/Meta"
content_2953a9dcad77,client_6208ef0f77,0.7082938479847987,"High Visibility, Poor CTR - Needs Better Title/Meta"
content_d4b3654d7544,client_6208ef0f77,0.7082738007868155,"High Visibility, Poor CTR - Needs Better Title/Meta"
content_01c90832176a,client_6208ef0f77,0.7082615372838432,"High Visibility, Poor CTR - Needs Better Title/Meta"
content_4c50a1ebc644,client_6208ef0f77,0.7082599304625856,"High Visibility, Poor CTR - Needs Better Title/Meta"
content_cda915369835,client_3fdba35f04,0.7082525291005198,General Decay - Review Content Quality
content_a09640473525,client_3fdba35f04,0.7082456073169926,General Decay - Review Content Quality
content_1e5c3bc903e3,client_3fdba35f04,0.7082456073169926,General Decay - Review Content Quality
content_9e0c9161935f,client_6208ef0f77,0.7080810962522612,"High Visibility, Poor CTR - Needs Better Title/Meta"
content_7ae230422776,client_6208ef0f77,0.7080630827580013,"High Visibility, Poor CTR - Needs Better Title/Meta"
content_02b59c4f5428,client_6208ef0f77,0.70805243370122,"High Visibility, Poor CTR - Needs Better Title/Meta"
content_448510aec07d,client_3fdba35f04,0.7080208285928373,General Decay - Review Content Quality
content_c9f5d16ec182,client_3fdba35f04,0.7080208285928373,General Decay - Review Content Quality
content_cbffee46b629,client_f369cb89fc,0.7079887111932731,"High Visibility, Poor CTR - Needs Better Title/Meta"
content_6895e9b8a03d,client_4e07408562,0.7079684080230213,"High Visibility, Poor CTR - Needs Better Title/Meta"
content_dbbbd39852df,client_3fdba35f04,0.7079369912215958,"High Visibility, Poor CTR - Needs Better Title/Meta"
content_c7798514c96f,client_19581e27de,0.7079336860256169,General Decay - Review Content Quality
content_c02b2a60a85c,client_6208ef0f77,0.7078811713924297,"High Visibility, Poor CTR - Needs Better Title/Meta"
content_f84d84b292d9,client_6208ef0f77,0.70787219560598,General Decay - Review Content Quality
content_a01f762e7bee,client_6208ef0f77,0.7078395662382845,General Decay - Review Content Quality
content_77cef913977c,client_4e07408562,0.7078232813195453,"High Visibility, Poor CTR - Needs Better Title/Meta"
content_838719ed9725,client_6208ef0f77,0.7077927847619633,General Decay - Review Content Quality
content_e95b2b9494b9,client_4e07408562,0.7077568816105158,General Decay - Review Content Quality
content_422ea7d8363a,client_4e07408562,0.7077473286725474,"High Visibility, Poor CTR - Needs Better Title/Meta"
content_a12d4a1e9a4b,client_4e07408562,0.7077082845636589,General Decay - Review Content Quality
content_40188408b19e,client_3fdba35f04,0.7076928290223696,General Decay - Review Content Quality
content_9de121508040,client_6208ef0f77,0.7076589259528755,"High Visibility, Poor CTR - Needs Better Title/Meta"
content_ab50c86d1857,client_3fdba35f04,0.7075405798271787,General Decay - Review Content Quality
content_4618f0735a79,client_6208ef0f77,0.7075027712822514,"High Visibility, Poor CTR - Needs Better Title/Meta"
content_5e7478745cdb,client_6208ef0f77,0.7074529328031502,"High Visibility, Poor CTR - Needs Better Title/Meta"
content_463365335aed,client_6208ef0f77,0.7074529328031502,"High Visibility, Poor CTR - Needs Better Title/Meta"
content_812b30d6a4ab,client_6208ef0f77,0.7074529328031502,"High Visibility, Poor CTR - Needs Better Title/Meta"
content_7cbb8275ce9c,client_6208ef0f77,0.7074529328031502,"High Visibility, Poor CTR - Needs Better Title/Meta"
content_507e69d8cea9,client_6208ef0f77,0.7074529328031502,"High Visibility, Poor CTR - Needs Better Title/Meta"
content_325f025aab2e,client_6208ef0f77,0.7074529328031502,"High Visibility, Poor CTR - Needs Better Title/Meta"
content_0f5d70095392,client_6208ef0f77,0.7074529328031502,"High Visibility, Poor CTR - Needs Better Title/Meta"
content_149f5cd7e279,client_6208ef0f77,0.7074529328031502,"High Visibility, Poor CTR - Needs Better Title/Meta"
content_f1cbb449db57,client_6208ef0f77,0.7074529328031502,"High Visibility, Poor CTR - Needs Better Title/Meta"
content_6258d3da5e18,client_6208ef0f77,0.7074529328031502,"High Visibility, Poor CTR - Needs Better Title/Meta"
content_81a5bf533779,client_6208ef0f77,0.7074529328031502,"High Visibility, Poor CTR - Needs Better Title/Meta"
content_a61a67f88447,client_6208ef0f77,0.7074529328031502,"High Visibility, Poor CTR - Needs Better Title/Meta"
content_825620bbe0be,client_6208ef0f77,0.7074529328031502,"High Visibility, Poor CTR - Needs Better Title/Meta"
content_3368d05360bc,client_6208ef0f77,0.7074529328031502,"High Visibility, Poor CTR - Needs Better Title/Meta"
content_8f39d99dfcfc,client_6208ef0f77,0.7073781116279312,"High Visibility, Poor CTR - Needs Better Title/Meta"
content_d8a36f6f9744,client_6208ef0f77,0.7073781116279312,"High Visibility, Poor CTR - Needs Better Title/Meta"
content_607ea6e3f876,client_4ec9599fc2,0.7073747397481196,Stale & Low CTR - Needs Content Update
content_66c6f20591ec,client_19581e27de,0.7073673783630828,"High Visibility, Poor CTR - Needs Better Title/Meta"
content_b847d3bc76b9,client_19581e27de,0.7073673783630828,"High Visibility, Poor CTR - Needs Better Title/Meta"
content_2c089ab16a13,client_6208ef0f77,0.7073658549395218,General Decay - Review Content Quality
content_82b0db79f37e,client_6208ef0f77,0.7073658549395218,General Decay - Review Content Quality
content_65629be9dbb5,client_6208ef0f77,0.7073658549395218,"High Visibility, Poor CTR - Needs Better Title/Meta"
content_d5d822b07c87,client_6208ef0f77,0.7073484258623476,"High Visibility, Poor CTR - Needs Better Title/Meta"
content_a7e35ec310a1,client_6208ef0f77,0.7073484258623476,"High Visibility, Poor CTR - Needs Better Title/Meta"
content_45420932c150,client_6208ef0f77,0.7073341851275471,"High Visibility, Poor CTR - Needs Better Title/Meta"
content_5db0cb7c1a94,client_6208ef0f77,0.7073341851275471,"High Visibility, Poor CTR - Needs Better Title/Meta"
content_e7e64b684f31,client_6208ef0f77,0.7073341851275471,"High Visibility, Poor CTR - Needs Better Title/Meta"
content_5f2e3e8f4d17,client_6208ef0f77,0.7073341851275471,"High Visibility, Poor CTR - Needs Better Title/Meta"
content_b7e672ec685b,client_6208ef0f77,0.7073341851275471,"High Visibility, Poor CTR - Needs Better Title/Meta"
content_9bdc7f8df2c4,client_3fdba35f04,0.7073085509849864,"High Visibility, Poor CTR - Needs Better Title/Meta"
content_62038db82eff,client_3fdba35f04,0.7073085509849864,"High Visibility, Poor CTR - Needs Better Title/Meta"
content_87c9cf0a0864,client_3fdba35f04,0.7073085509849864,"High Visibility, Poor CTR - Needs Better Title/Meta"
content_db82fc32ce66,client_3fdba35f04,0.7073085509849864,"High Visibility, Poor CTR - Needs Better Title/Meta"
content_045de7f327fe,client_6208ef0f77,0.7073048010375189,"High Visibility, Poor CTR - Needs Better Title/Meta"
content_e1438ad55bf0,client_6208ef0f77,0.707243829220527,"High Visibility, Poor CTR - Needs Better Title/Meta"
content_153fb8bbf93b,client_6208ef0f77,0.707243829220527,"High Visibility, Poor CTR - Needs Better Title/Meta"
content_ff1e1db5c019,client_6208ef0f77,0.7071895783596783,"High Visibility, Poor CTR - Needs Better Title/Meta"
content_3e0108e57842,client_6208ef0f77,0.7071755110270459,"High Visibility, Poor CTR - Needs Better Title/Meta"
content_81e59177b59a,client_19581e27de,0.70713037085252,"High Visibility, Poor CTR - Needs Better Title/Meta"
content_f89bda740574,client_6208ef0f77,0.7071250815449238,"High Visibility, Poor CTR - Needs Better Title/Meta"
content_a32e1c31ee98,client_19581e27de,0.7071250815449238,"High Visibility, Poor CTR - Needs Better Title/Meta"
content_b129eade19b4,client_6208ef0f77,0.7071250815449238,"High Visibility, Poor CTR - Needs Better Title/Meta"
content_c6b4b0c883b8,client_6208ef0f77,0.7071250815449238,"High Visibility, Poor CTR - Needs Better Title/Meta"
content_c1330aa71a12,client_3fdba35f04,0.7070842039943505,"High Visibility, Poor CTR - Needs Better Title/Meta"
content_a6a4a5f8c5f4,client_3fdba35f04,0.7069885054185552,"High Visibility, Poor CTR - Needs Better Title/Meta"
content_4dbb75eecfdb,client_4e07408562,0.7069190060535631,General Decay - Review Content Quality
content_618bee718a37,client_6208ef0f77,0.7069164878054824,"High Visibility, Poor CTR - Needs Better Title/Meta"
content_de7b6e9dc165,client_8527a891e2,0.706775929843804,"High Visibility, Poor CTR - Needs Better Title/Meta"
content_f58e8487aa5b,client_6208ef0f77,0.7067646658706009,General Decay - Review Content Quality
content_e19fb11fe1f8,client_19581e27de,0.7067463201903682,"High Visibility, Poor CTR - Needs Better Title/Meta"
content_3e6795b56cdc,client_6208ef0f77,0.7067140522528511,"High Visibility, Poor CTR - Needs Better Title/Meta"
content_7df2ad352b3a,client_19581e27de,0.7066966038462782,"High Visibility, Poor CTR - Needs Better Title/Meta"
content_2ce00cf6f8f9,client_6208ef0f77,0.7066654341005696,"High Visibility, Poor CTR - Needs Better Title/Meta"
content_23ad9360c680,client_6208ef0f77,0.7066343009176269,"High Visibility, Poor CTR - Needs Better Title/Meta"
content_81d54a170aa3,client_6208ef0f77,0.7066343009176269,"High Visibility, Poor CTR - Needs Better Title/Meta"
content_f60311136d64,client_6208ef0f77,0.7066343009176269,"High Visibility, Poor CTR - Needs Better Title/Meta"
content_01654960faf9,client_6208ef0f77,0.7066278895020985,"High Visibility, Poor CTR - Needs Better Title/Meta"
content_e827ddfdcb40,client_6208ef0f77,0.7066029495722895,General Decay - Review Content Quality
content_88d6fd6058e3,client_6208ef0f77,0.7065963578889858,"High Visibility, Poor CTR - Needs Better Title/Meta"
content_3713fdac28b6,client_6208ef0f77,0.7065708148954788,"High Visibility, Poor CTR - Needs Better Title/Meta"
content_ade4f6189920,client_8527a891e2,0.7065619316233109,General Decay - Review Content Quality
content_fa4b8e00edf9,client_8527a891e2,0.7065619316233109,General Decay - Review Content Quality
content_eb7fc3910d43,client_3fdba35f04,0.7065619316233109,General Decay - Review Content Quality
content_da6ea25299bf,client_3fdba35f04,0.7065619316233109,General Decay - Review Content Quality
content_69505ac56875,client_8722616204,0.7065581955211142,General Decay - Review Content Quality
content_29c75d6ddaab,client_6208ef0f77,0.7065155532420238,"High Visibility, Poor CTR - Needs Better Title/Meta"
content_bea03a08f12c,client_6208ef0f77,0.7065155532420238,"High Visibility, Poor CTR - Needs Better Title/Meta"
content_5d69385ecd3e,client_6208ef0f77,0.7065155532420238,"High Visibility, Poor CTR - Needs Better Title/Meta"
content_0f17f64a6c72,client_3fdba35f04,0.7064991552355606,General Decay - Review Content Quality
content_201fece0bc4c,client_3fdba35f04,0.7064991552355606,General Decay - Review Content Quality
content_72e800a9c214,client_3fdba35f04,0.7064990590309782,"High Visibility, Poor CTR - Needs Better Title/Meta"
content_d0debd0920f8,client_8722616204,0.7064658325226119,General Decay - Review Content Quality
content_cb2230ac0dc9,client_6208ef0f77,0.7064251973350036,"High Visibility, Poor CTR - Needs Better Title/Meta"
content_5ea8d5d3052a,client_19581e27de,0.7064251973350036,"High Visibility, Poor CTR - Needs Better Title/Meta"
content_c56f8d6e5d7c,client_6208ef0f77,0.7064251973350036,"High Visibility, Poor CTR - Needs Better Title/Meta"
content_94fa1e16f2b8,client_4e07408562,0.7064130770473359,"High Visibility, Poor CTR - Needs Better Title/Meta"
content_44ada5b12b7e,client_6208ef0f77,0.7064102487716454,"High Visibility, Poor CTR - Needs Better Title/Meta"
content_bf8a8186785c,client_3fdba35f04,0.706379880390536,"High Visibility, Poor CTR - Needs Better Title/Meta"
content_d92dee9bba8c,client_3fdba35f04,0.706379880390536,"High Visibility, Poor CTR - Needs Better Title/Meta"
content_da7745723edd,client_6208ef0f77,0.7063688841464402,"High Visibility, Poor CTR - Needs Better Title/Meta"
content_2bb1cc3be229,client_8527a891e2,0.7063476841784023,General Decay - Review Content Quality
content_bf36f75616f8,client_6208ef0f77,0.7063471488296844,"High Visibility, Poor CTR - Needs Better Title/Meta"
content_ba56d8d0dd0b,client_6208ef0f77,0.7063365552365162,General Decay - Review Content Quality
content_64c972d61f83,client_3fdba35f04,0.7063088734876608,General Decay - Review Content Quality
content_944947a9d51e,client_624b60c58c,0.7063064496594005,"High Visibility, Poor CTR - Needs Better Title/Meta"
content_1008f871da1d,client_4ec9599fc2,0.7062411360699756,"High Visibility, Poor CTR - Needs Better Title/Meta"
content_546cb75bad07,client_6208ef0f77,0.7062212264636324,"High Visibility, Poor CTR - Needs Better Title/Meta"
content_c682e088f44f,client_3fdba35f04,0.7062158831847696,"High Visibility, Poor CTR - Needs Better Title/Meta"
content_a2360e39517a,client_3fdba35f04,0.7061844816106689,"High Visibility, Poor CTR - Needs Better Title/Meta"
content_cc93422aa553,client_3fdba35f04,0.7061844816106689,"High Visibility, Poor CTR - Needs Better Title/Meta"
content_9d2a09880e1a,client_6208ef0f77,0.7061805153108551,"High Visibility, Poor CTR - Needs Better Title/Meta"
content_8e6eeba4a98f,client_6208ef0f77,0.7061453231111077,"High Visibility, Poor CTR - Needs Better Title/Meta"
content_4f1a280698ef,client_19581e27de,0.7061314279180351,"High Visibility, Poor CTR - Needs Better Title/Meta"
content_c343b1c40801,client_3fdba35f04,0.7060469825458991,"High Visibility, Poor CTR - Needs Better Title/Meta"
content_28918863114e,client_3fdba35f04,0.7060401089172409,General Decay - Review Content Quality
content_c0b4c660ccdb,client_8527a891e2,0.7059673253631109,"High Visibility, Poor CTR - Needs Better Title/Meta"
content_882ed67f84cd,client_6208ef0f77,0.7059485530857534,"High Visibility, Poor CTR - Needs Better Title/Meta"
content_b7da04714513,client_6208ef0f77,0.7059485530857534,"High Visibility, Poor CTR - Needs Better Title/Meta"
content_03cf7a6ad400,client_6208ef0f77,0.7059076817484373,General Decay - Review Content Quality
content_3bcfb690b6c8,client_6208ef0f77,0.7059076817484373,"High Visibility, Poor CTR - Needs Better Title/Meta"
content_bb0d22bdec61,client_6208ef0f77,0.7059076817484373,General Decay - Review Content Quality
content_5328fa9ebca8,client_6208ef0f77,0.705893375205406,"High Visibility, Poor CTR - Needs Better Title/Meta"
content_cadd7c74dff0,client_8527a891e2,0.705893375205406,"High Visibility, Poor CTR - Needs Better Title/Meta"
content_df1e8cee858c,client_f369cb89fc,0.7058782748200254,"High Visibility, Poor CTR - Needs Better Title/Meta"
content_d1d9652e853a,client_6208ef0f77,0.7058655492325271,General Decay - Review Content Quality
content_a704340b0ac8,client_6208ef0f77,0.7058655492325271,General Decay - Review Content Quality
content_56c3ee623158,client_8527a891e2,0.7058628184223084,"High Visibility, Poor CTR - Needs Better Title/Meta"
content_e7596fea954a,client_8527a891e2,0.705853866995104,"High Visibility, Poor CTR - Needs Better Title/Meta"
content_364ddf5cbda1,client_19581e27de,0.705853017081402,"High Visibility, Poor CTR - Needs Better Title/Meta"
content_af6dfd1e84e9,client_6208ef0f77,0.7058326367260618,"High Visibility, Poor CTR - Needs Better Title/Meta"
content_5e85d556a9eb,client_3fdba35f04,0.7057830355635778,"High Visibility, Poor CTR - Needs Better Title/Meta"
content_82b4367c7421,client_6208ef0f77,0.7056522388882652,"High Visibility, Poor CTR - Needs Better Title/Meta"
content_f596aee5fdf7,client_3fdba35f04,0.705602305888782,General Decay - Review Content Quality
content_1bf2269bd218,client_3fdba35f04,0.705602305888782,General Decay - Review Content Quality
content_541cec39d61b,client_7f2253d7e2,0.7055829563774888,"High Visibility, Poor CTR - Needs Better Title/Meta"
content_f83ea742e459,client_4ec9599fc2,0.7054989963625554,"High Visibility, Poor CTR - Needs Better Title/Meta"
content_9139978ad46c,client_19581e27de,0.7054716961460334,"High Visibility, Poor CTR - Needs Better Title/Meta"
content_b01010836789,client_6208ef0f77,0.7054477739554018,"High Visibility, Poor CTR - Needs Better Title/Meta"
content_093761113c66,client_8527a891e2,0.7054399426274075,"High Visibility, Poor CTR - Needs Better Title/Meta"
content_958a46db26bd,client_d029fa3a95,0.7054016467343045,Stale & Low CTR - Needs Content Update
content_ea41fe5cf292,client_d029fa3a95,0.7054016467343045,Stale & Low CTR - Needs Content Update
content_fd16e3475c29,client_d029fa3a95,0.7054016467343045,Stale & Low CTR - Needs Content Update
content_62270d7389a7,client_3fdba35f04,0.7053973736451866,"High Visibility, Poor CTR - Needs Better Title/Meta"
content_8d8257690562,client_19581e27de,0.7052687261570898,"High Visibility, Poor CTR - Needs Better Title/Meta"
content_588c2b50625f,client_6208ef0f77,0.7052636115850178,"High Visibility, Poor CTR - Needs Better Title/Meta"
content_720edd4e1491,client_8527a891e2,0.7052296327924371,"High Visibility, Poor CTR - Needs Better Title/Meta"
content_237d5c008da7,client_6208ef0f77,0.7052289242641726,"High Visibility, Poor CTR - Needs Better Title/Meta"
content_3c5020578d4f,client_19581e27de,0.705217252940556,"High Visibility, Poor CTR - Needs Better Title/Meta"
content_58304dee07c1,client_19581e27de,0.705198738807243,"High Visibility, Poor CTR - Needs Better Title/Meta"
content_5ad1816ed293,client_3fdba35f04,0.7051537494252321,General Decay - Review Content Quality
content_ab39835f6ee7,client_8722616204,0.7051495842741329,General Decay - Review Content Quality
content_a83c86a8d70c,client_19581e27de,0.7051486934775876,"High Visibility, Poor CTR - Needs Better Title/Meta"
content_3523f5fdc859,client_8527a891e2,0.7051486934775876,"High Visibility, Poor CTR - Needs Better Title/Meta"
content_884c401ce126,client_8527a891e2,0.705108058680715,General Decay - Review Content Quality
content_783e59a529e4,client_6208ef0f77,0.7051047354939477,"High Visibility, Poor CTR - Needs Better Title/Meta"
content_2a3898775cbc,client_6208ef0f77,0.7050958449839773,General Decay - Review Content Quality
content_d752cd3da794,client_6208ef0f77,0.7050695385517538,"High Visibility, Poor CTR - Needs Better Title/Meta"
content_519c47c1b453,client_6208ef0f77,0.7050616799792642,"High Visibility, Poor CTR - Needs Better Title/Meta"
content_ce154fd0f9ba,client_8527a891e2,0.7049883851604263,General Decay - Review Content Quality
content_83784080ee4d,client_8527a891e2,0.7049736398141521,General Decay - Review Content Quality
content_98a6d89c4fce,client_3fdba35f04,0.7048929640531876,General Decay - Review Content Quality
content_2683576f0bfd,client_6208ef0f77,0.7048628552704332,"High Visibility, Poor CTR - Needs Better Title/Meta"
content_2a12375a7402,client_19581e27de,0.7048574336277792,General Decay - Review Content Quality
content_2183ca345992,client_3fdba35f04,0.70482291691664,General Decay - Review Content Quality
content_4a77f09bb322,client_e629fa6598,0.70482291691664,General Decay - Review Content Quality
content_177af7067f14,client_3fdba35f04,0.7047916637473415,General Decay - Review Content Quality
content_32b4e5a2f630,client_8527a891e2,0.704735079524693,"High Visibility, Poor CTR - Needs Better Title/Meta"
content_efb6236a2935,client_6208ef0f77,0.7047002904567385,"High Visibility, Poor CTR - Needs Better Title/Meta"
content_b755f195bf0a,client_6208ef0f77,0.7046703911143253,"High Visibility, Poor CTR - Needs Better Title/Meta"
content_681920643734,client_3fdba35f04,0.7045619748978668,General Decay - Review Content Quality
content_e958c85111fd,client_6208ef0f77,0.7045555114842511,"High Visibility, Poor CTR - Needs Better Title/Meta"
content_1e53ea7dbee8,client_6208ef0f77,0.7045284451069967,"High Visibility, Poor CTR - Needs Better Title/Meta"
content_073f4b743e0f,client_6208ef0f77,0.7045284451069967,"High Visibility, Poor CTR - Needs Better Title/Meta"
content_0fedc79a92f8,client_6208ef0f77,0.7045284451069967,"High Visibility, Poor CTR - Needs Better Title/Meta"
content_78e01bc78d8c,client_3fdba35f04,0.7044737457726263,General Decay - Review Content Quality
content_9dedbc330e1f,client_6208ef0f77,0.704445322701063,"High Visibility, Poor CTR - Needs Better Title/Meta"
content_cc6b393d7bca,client_6208ef0f77,0.7043977737055127,"High Visibility, Poor CTR - Needs Better Title/Meta"
content_5946d8e30a0c,client_6208ef0f77,0.7043630855355734,"High Visibility, Poor CTR - Needs Better Title/Meta"
content_48a07212d60f,client_6208ef0f77,0.7043615245084865,"High Visibility, Poor CTR - Needs Better Title/Meta"
content_024f8fd342b6,client_6208ef0f77,0.7043615245084865,"High Visibility, Poor CTR - Needs Better Title/Meta"
content_572cf2566ada,client_8527a891e2,0.7043296932734254,General Decay - Review Content Quality
content_3b806fcc5b2c,client_6208ef0f77,0.7042843465194549,"High Visibility, Poor CTR - Needs Better Title/Meta"
content_4b307785c3a0,client_6208ef0f77,0.7042788989343748,"High Visibility, Poor CTR - Needs Better Title/Meta"
content_b41bccb47ba5,client_6208ef0f77,0.7042087344721908,"High Visibility, Poor CTR - Needs Better Title/Meta"
content_ab919a8d3cab,client_6208ef0f77,0.704198696100328,"High Visibility, Poor CTR - Needs Better Title/Meta"
content_c533caac7705,client_3fdba35f04,0.7041687019214025,"High Visibility, Poor CTR - Needs Better Title/Meta"
content_8bfcdc72b093,client_3fdba35f04,0.7041617676970024,General Decay - Review Content Quality
content_0ec9b89b5e4d,client_3fdba35f04,0.7041551581013487,"High Visibility, Poor CTR - Needs Better Title/Meta"
content_9e430857aa7c,client_3fdba35f04,0.7041551581013487,"High Visibility, Poor CTR - Needs Better Title/Meta"
content_dc4a47931b74,client_3fdba35f04,0.7040767904673735,General Decay - Review Content Quality
content_092a46fc1b62,client_6208ef0f77,0.7040734110915526,"High Visibility, Poor CTR - Needs Better Title/Meta"
content_238b6618feb6,client_6208ef0f77,0.7040225863110929,"High Visibility, Poor CTR - Needs Better Title/Meta"
content_fe24da8af7d7,client_6208ef0f77,0.7040224117087217,General Decay - Review Content Quality
content_eb4699c6e5be,client_6208ef0f77,0.7040224117087217,General Decay - Review Content Quality
content_7a835d05623c,client_6208ef0f77,0.7039942219668122,"High Visibility, Poor CTR - Needs Better Title/Meta"
content_17208b079482,client_6208ef0f77,0.7039733004254285,General Decay - Review Content Quality
content_32d08d14e852,client_6208ef0f77,0.7039703340148153,General Decay - Review Content Quality
content_74862684dc0f,client_6208ef0f77,0.7039311679095183,General Decay - Review Content Quality
content_fdf934413e76,client_6208ef0f77,0.7039223387002983,General Decay - Review Content Quality
content_017398cbabf1,client_6208ef0f77,0.7038678655143822,"High Visibility, Poor CTR - Needs Better Title/Meta"
content_e843f4c3ce75,client_6208ef0f77,0.7038678655143822,"High Visibility, Poor CTR - Needs Better Title/Meta"
content_b894542ff295,client_6208ef0f77,0.7038678655143822,"High Visibility, Poor CTR - Needs Better Title/Meta"
content_be97fc92977b,client_6208ef0f77,0.7038678655143822,"High Visibility, Poor CTR - Needs Better Title/Meta"
content_f5489986381c,client_6208ef0f77,0.7038678655143822,"High Visibility, Poor CTR - Needs Better Title/Meta"
content_68e795b5dc76,client_6208ef0f77,0.7038678655143822,"High Visibility, Poor CTR - Needs Better Title/Meta"
content_bcd652c611cd,client_6208ef0f77,0.7038678655143822,"High Visibility, Poor CTR - Needs Better Title/Meta"
content_ebb2ea1219e3,client_6208ef0f77,0.7038678655143822,"High Visibility, Poor CTR - Needs Better Title/Meta"
content_24b23341e0be,client_6208ef0f77,0.7038678655143822,"High Visibility, Poor CTR - Needs Better Title/Meta"
content_6a40361ddc09,client_6208ef0f77,0.7038678655143822,"High Visibility, Poor CTR - Needs Better Title/Meta"
content_75798cef6977,client_6208ef0f77,0.7038678655143822,"High Visibility, Poor CTR - Needs Better Title/Meta"
content_0c4fa721adfa,client_6208ef0f77,0.7038678655143822,"High Visibility, Poor CTR - Needs Better Title/Meta"
content_912bd3805fc3,client_6208ef0f77,0.7038678655143822,"High Visibility, Poor CTR - Needs Better Title/Meta"
content_a59ddff86a21,client_6208ef0f77,0.7038678655143822,"High Visibility, Poor CTR - Needs Better Title/Meta"
content_69e072771377,client_6208ef0f77,0.7038678655143822,"High Visibility, Poor CTR - Needs Better Title/Meta"
content_79eca93bd0ec,client_6208ef0f77,0.7038678655143822,"High Visibility, Poor CTR - Needs Better Title/Meta"
content_a48b2c34f432,client_6208ef0f77,0.7038678655143822,"High Visibility, Poor CTR - Needs Better Title/Meta"
content_edc1ad977cdc,client_6208ef0f77,0.7038678655143822,"High Visibility, Poor CTR - Needs Better Title/Meta"
content_b725a6ce11a9,client_6208ef0f77,0.7038678655143822,"High Visibility, Poor CTR - Needs Better Title/Meta"
content_850813776840,client_6208ef0f77,0.7038678655143822,"High Visibility, Poor CTR - Needs Better Title/Meta"
content_db13a3ac2d38,client_6208ef0f77,0.7038678655143822,"High Visibility, Poor CTR - Needs Better Title/Meta"
content_54dadf439c20,client_6208ef0f77,0.7038678655143822,"High Visibility, Poor CTR - Needs Better Title/Meta"
content_98e793f36288,client_6208ef0f77,0.7038678655143822,"High Visibility, Poor CTR - Needs Better Title/Meta"
content_967fd0a24dc0,client_6208ef0f77,0.7038678655143822,"High Visibility, Poor CTR - Needs Better Title/Meta"
content_594ba0cae917,client_6208ef0f77,0.7038678655143822,"High Visibility, Poor CTR - Needs Better Title/Meta"
content_e95b67018ba1,client_6208ef0f77,0.7038678655143822,"High Visibility, Poor CTR - Needs Better Title/Meta"
content_1daa4a437267,client_6208ef0f77,0.7038678655143822,"High Visibility, Poor CTR - Needs Better Title/Meta"
content_bc87c1db49f9,client_6208ef0f77,0.7038678655143822,"High Visibility, Poor CTR - Needs Better Title/Meta"
content_4139bbf07c8d,client_6208ef0f77,0.7038675767715915,"High Visibility, Poor CTR - Needs Better Title/Meta"
content_f6dcee12f43a,client_6208ef0f77,0.7038274195623887,"High Visibility, Poor CTR - Needs Better Title/Meta"
content_9f6c847260db,client_6208ef0f77,0.7037975178978306,"High Visibility, Poor CTR - Needs Better Title/Meta"
content_58e4beb6707f,client_6208ef0f77,0.7037975178978306,"High Visibility, Poor CTR - Needs Better Title/Meta"
content_b7bee1f6c1f3,client_3fdba35f04,0.703794532567426,"High Visibility, Poor CTR - Needs Better Title/Meta"
content_97d475df4c6c,client_6208ef0f77,0.7037857485713688,"High Visibility, Poor CTR - Needs Better Title/Meta"
content_2157ece877be,client_6208ef0f77,0.7037857485713688,"High Visibility, Poor CTR - Needs Better Title/Meta"
content_f1ae69e3a594,client_6208ef0f77,0.7037633585735797,"High Visibility, Poor CTR - Needs Better Title/Meta"
content_8f1307a84369,client_6208ef0f77,0.7037569192522222,General Decay - Review Content Quality
content_64cd8fe243b0,client_8722616204,0.7037569192522222,General Decay - Review Content Quality
content_0410117d93ae,client_6208ef0f77,0.7037491178387792,General Decay - Review Content Quality
content_bdee2164f576,client_6208ef0f77,0.7037491178387792,General Decay - Review Content Quality
content_9d698210d2aa,client_6208ef0f77,0.7037491178387792,General Decay - Review Content Quality
content_cb5e49f7d3d8,client_6208ef0f77,0.7037491178387792,General Decay - Review Content Quality
content_b8b3cb82d86a,client_6208ef0f77,0.7037491178387792,General Decay - Review Content Quality
content_a2c11033aec7,client_6208ef0f77,0.7037491178387792,General Decay - Review Content Quality
content_1890abb598fa,client_6208ef0f77,0.7037491178387792,General Decay - Review Content Quality
content_de461ccbf773,client_6208ef0f77,0.7037491178387792,General Decay - Review Content Quality
content_507e12f93df2,client_6208ef0f77,0.7037491178387792,General Decay - Review Content Quality
content_ba46490d150a,client_6208ef0f77,0.7037491178387792,General Decay - Review Content Quality
content_58cc1d051da7,client_6208ef0f77,0.7037491178387792,General Decay - Review Content Quality
content_4c7e168de995,client_6208ef0f77,0.7037491178387792,General Decay - Review Content Quality
content_0a7607ff8360,client_6208ef0f77,0.7036812416305662,"High Visibility, Poor CTR - Needs Better Title/Meta"
content_9753410b8789,client_6208ef0f77,0.7036587619317589,"High Visibility, Poor CTR - Needs Better Title/Meta"
content_6e605e71a7dd,client_6208ef0f77,0.7036587619317589,"High Visibility, Poor CTR - Needs Better Title/Meta"
content_68143b9ea62c,client_6208ef0f77,0.7036587619317589,"High Visibility, Poor CTR - Needs Better Title/Meta"
content_6aa83139aa9b,client_6208ef0f77,0.7036587619317589,"High Visibility, Poor CTR - Needs Better Title/Meta"
content_9d814a24a319,client_6208ef0f77,0.7036587619317589,"High Visibility, Poor CTR - Needs Better Title/Meta"
content_dff93e97b9a3,client_6208ef0f77,0.7036587619317589,"High Visibility, Poor CTR - Needs Better Title/Meta"
content_8c5a53383b65,client_6208ef0f77,0.7036587619317589,"High Visibility, Poor CTR - Needs Better Title/Meta"
content_ead61325aef8,client_3fdba35f04,0.7036284598418441,"High Visibility, Poor CTR - Needs Better Title/Meta"
content_696f469bf382,client_3fdba35f04,0.7036284598418441,"High Visibility, Poor CTR - Needs Better Title/Meta"
content_21a7453046b7,client_6208ef0f77,0.7036253925650893,General Decay - Review Content Quality
content_9d730a7ebd51,client_6208ef0f77,0.7036117651160123,General Decay - Review Content Quality
content_42ee5d11534f,client_6208ef0f77,0.7035738124402677,"High Visibility, Poor CTR - Needs Better Title/Meta"
content_9a3050020de1,client_3fdba35f04,0.7035598029940752,General Decay - Review Content Quality
content_079f4f4cb9fe,client_6208ef0f77,0.7035508912970957,"High Visibility, Poor CTR - Needs Better Title/Meta"
content_f16001f4ca25,client_6208ef0f77,0.703540014256156,General Decay - Review Content Quality
content_9edc3c235345,client_8527a891e2,0.703540014256156,General Decay - Review Content Quality
content_60334d69624b,client_6208ef0f77,0.703540014256156,General Decay - Review Content Quality
content_f59b9b58a29c,client_6208ef0f77,0.703540014256156,General Decay - Review Content Quality
content_f9b632eed4ba,client_6208ef0f77,0.703540014256156,General Decay - Review Content Quality
content_291bd4855b57,client_6208ef0f77,0.703540014256156,General Decay - Review Content Quality
content_a9042621285b,client_6208ef0f77,0.703540014256156,General Decay - Review Content Quality
content_c09e9cd99dd0,client_6208ef0f77,0.703540014256156,General Decay - Review Content Quality
content_4d81636774f8,client_6208ef0f77,0.7034676808031166,"High Visibility, Poor CTR - Needs Better Title/Meta"
content_83b1983ffb4d,client_6208ef0f77,0.7034631459970737,"High Visibility, Poor CTR - Needs Better Title/Meta"
content_3472f40b415e,client_6208ef0f77,0.7034631459970737,General Decay - Review Content Quality
content_7efb00396cfd,client_8527a891e2,0.7034631459970737,General Decay - Review Content Quality
content_687159e4d8e4,client_6208ef0f77,0.7034631459970737,General Decay - Review Content Quality
content_83d2da903b4a,client_8722616204,0.7034631459970737,General Decay - Review Content Quality
content_bc39d83f620c,client_8527a891e2,0.7034631459970737,"High Visibility, Poor CTR - Needs Better Title/Meta"
content_e92d8f17e0bb,client_8527a891e2,0.7034631459970737,General Decay - Review Content Quality
content_f3baf9504688,client_8527a891e2,0.7034631459970737,General Decay - Review Content Quality
content_dc2d89eb23d3,client_8527a891e2,0.7034631459970737,General Decay - Review Content Quality
content_fc305bfa474f,client_6208ef0f77,0.7034550397517175,"High Visibility, Poor CTR - Needs Better Title/Meta"
content_0d4a3e8192e3,client_6208ef0f77,0.7034285365647958,"High Visibility, Poor CTR - Needs Better Title/Meta"
content_699516b00c90,client_3fdba35f04,0.7033650975360508,"High Visibility, Poor CTR - Needs Better Title/Meta"
content_e7af0b1db174,client_e629fa6598,0.7033613268550691,General Decay - Review Content Quality
content_4ddeecdba2f1,client_6208ef0f77,0.7033606196010911,"High Visibility, Poor CTR - Needs Better Title/Meta"
content_99267472fd35,client_19581e27de,0.7033512505730338,"High Visibility, Poor CTR - Needs Better Title/Meta"
content_b15e7fc3936f,client_4ec9599fc2,0.7033490485372118,General Decay - Review Content Quality
content_d903af7338cb,client_3fdba35f04,0.7033428877066277,General Decay - Review Content Quality
content_9d474da3a331,client_3fdba35f04,0.7033076823595296,"High Visibility, Poor CTR - Needs Better Title/Meta"
content_f09b7e259ff8,client_8722616204,0.7033034866742237,General Decay - Review Content Quality
content_1e100b79a0bd,client_4ec9599fc2,0.7032974014952315,General Decay - Review Content Quality
content_149bf6f0677c,client_19581e27de,0.7032898983629977,"High Visibility, Poor CTR - Needs Better Title/Meta"
content_5c1312e501d5,client_6208ef0f77,0.7032233635886135,"High Visibility, Poor CTR - Needs Better Title/Meta"
content_e96dcc51d5f6,client_3fdba35f04,0.703151000599062,"High Visibility, Poor CTR - Needs Better Title/Meta"
content_23c9ece5d7a8,client_6208ef0f77,0.7031095885358432,General Decay - Review Content Quality
content_47d718a1c2f3,client_4ec9599fc2,0.703090084787017,General Decay - Review Content Quality
content_ad1c4b01f4ae,client_6208ef0f77,0.703049233628859,"High Visibility, Poor CTR - Needs Better Title/Meta"
content_b06618bdd6da,client_6208ef0f77,0.7030142600059902,"High Visibility, Poor CTR - Needs Better Title/Meta"
content_392a75698fc5,client_8527a891e2,0.7030097134190753,General Decay - Review Content Quality
content_9090bbd63680,client_4e07408562,0.7030097134190753,General Decay - Review Content Quality
content_b82aa929c7ba,client_6208ef0f77,0.7030097134190753,General Decay - Review Content Quality
content_ccb0fcb5de52,client_6208ef0f77,0.7030097134190753,General Decay - Review Content Quality
content_f0316d9b11be,client_6208ef0f77,0.7030097134190753,General Decay - Review Content Quality
content_d63704fc7d21,client_19581e27de,0.7030097134190753,General Decay - Review Content Quality
content_dcc63ea8dfd5,client_6208ef0f77,0.7030097134190753,General Decay - Review Content Quality
content_b7e4fd5e6aa4,client_4e07408562,0.7030097134190753,General Decay - Review Content Quality
content_3a60fa065442,client_4e07408562,0.7030097134190753,General Decay - Review Content Quality
content_81daf6da2ed4,client_8527a891e2,0.7030097134190753,General Decay - Review Content Quality
content_618529f2be2e,client_3fdba35f04,0.7029468656192616,General Decay - Review Content Quality
content_d80687059964,client_6208ef0f77,0.7029304859532559,General Decay - Review Content Quality
content_0206b03697d0,client_6208ef0f77,0.7029304859532559,General Decay - Review Content Quality
content_aeb365d4e794,client_6208ef0f77,0.7029304859532559,General Decay - Review Content Quality
content_64d9dc2795ff,client_6208ef0f77,0.7029304859532559,General Decay - Review Content Quality
content_4beb70d19972,client_4e07408562,0.7028950076207771,General Decay - Review Content Quality
content_c94b7442fc49,client_19581e27de,0.702871064368432,"High Visibility, Poor CTR - Needs Better Title/Meta"
content_241929a436df,client_3fdba35f04,0.702849070869702,"High Visibility, Poor CTR - Needs Better Title/Meta"
content_a557ce775151,client_8527a891e2,0.7028401300462357,"High Visibility, Poor CTR - Needs Better Title/Meta"
content_e924cb24fdc1,client_6208ef0f77,0.7028401300462357,"High Visibility, Poor CTR - Needs Better Title/Meta"
content_f8f2ccc26bd5,client_19581e27de,0.7028401300462357,"High Visibility, Poor CTR - Needs Better Title/Meta"
content_ef9b547897d0,client_6208ef0f77,0.7028401300462357,"High Visibility, Poor CTR - Needs Better Title/Meta"
content_97d37c001d35,client_6208ef0f77,0.7028401300462357,"High Visibility, Poor CTR - Needs Better Title/Meta"
content_373798e89c38,client_19581e27de,0.7028401300462357,"High Visibility, Poor CTR - Needs Better Title/Meta"
content_762ecae4cdae,client_6208ef0f77,0.7027743236820779,"High Visibility, Poor CTR - Needs Better Title/Meta"
content_172d9c2ac2b1,client_6208ef0f77,0.7027743236820779,"High Visibility, Poor CTR - Needs Better Title/Meta"
content_afa8fd7bc3b7,client_6208ef0f77,0.7027743236820779,"High Visibility, Poor CTR - Needs Better Title/Meta"
content_fc701420f629,client_6208ef0f77,0.702771569978737,"High Visibility, Poor CTR - Needs Better Title/Meta"
content_d75648c75e28,client_3fdba35f04,0.7027673117272591,General Decay - Review Content Quality
content_d3cafacae20e,client_6208ef0f77,0.7027236027796695,"High Visibility, Poor CTR - Needs Better Title/Meta"
content_197d2cb308e0,client_624b60c58c,0.7027213823706326,General Decay - Review Content Quality
content_d837d28950fe,client_8527a891e2,0.7027213823706326,General Decay - Review Content Quality
content_1db1207be2e1,client_6208ef0f77,0.7027213823706326,General Decay - Review Content Quality
content_d528ef29dfc5,client_19581e27de,0.7027213823706326,General Decay - Review Content Quality
content_39666f73799d,client_6208ef0f77,0.7026883816794455,"High Visibility, Poor CTR - Needs Better Title/Meta"
content_f795fecd5600,client_6208ef0f77,0.7026883816794455,"High Visibility, Poor CTR - Needs Better Title/Meta"
content_d0987deff198,client_6208ef0f77,0.7026716792153492,"High Visibility, Poor CTR - Needs Better Title/Meta"
content_a4dcfcc0da77,client_6208ef0f77,0.7026361591748644,"High Visibility, Poor CTR - Needs Better Title/Meta"
content_10e5b963e3cc,client_6208ef0f77,0.7026361591748644,"High Visibility, Poor CTR - Needs Better Title/Meta"
content_8e0298dc20fa,client_6208ef0f77,0.7026361591748644,"High Visibility, Poor CTR - Needs Better Title/Meta"
content_a2dcd4fd3f4d,client_6208ef0f77,0.7026361591748644,"High Visibility, Poor CTR - Needs Better Title/Meta"
content_8595ead1ab49,client_6208ef0f77,0.7026361591748644,"High Visibility, Poor CTR - Needs Better Title/Meta"
content_49d9f3ae3c11,client_6208ef0f77,0.7025983430712586,"High Visibility, Poor CTR - Needs Better Title/Meta"
content_4003a6d6ba34,client_6208ef0f77,0.7025983430712586,"High Visibility, Poor CTR - Needs Better Title/Meta"
content_cca6711f965f,client_6208ef0f77,0.7025983430712586,"High Visibility, Poor CTR - Needs Better Title/Meta"
content_baa591355c41,client_6208ef0f77,0.7025983430712586,"High Visibility, Poor CTR - Needs Better Title/Meta"
content_172bbe4b023a,client_3fdba35f04,0.702556878556846,General Decay - Review Content Quality
content_350d594c0844,client_6208ef0f77,0.7025492552688156,"High Visibility, Poor CTR - Needs Better Title/Meta"
content_5692e949daf8,client_3fdba35f04,0.7025372695449047,General Decay - Review Content Quality
content_bbe9c7753ee0,client_3fdba35f04,0.7025281013858755,"High Visibility, Poor CTR - Needs Better Title/Meta"
content_2403306b06a1,client_6208ef0f77,0.7025174114992613,General Decay - Review Content Quality
content_7c24ed9fb606,client_19581e27de,0.7025174114992613,General Decay - Review Content Quality
content_6c8fbfdf1b6a,client_6208ef0f77,0.7025174114992613,General Decay - Review Content Quality
content_dc32b4751ccc,client_6208ef0f77,0.7025174114992613,General Decay - Review Content Quality
content_5e43e1b6a9a4,client_6208ef0f77,0.7025174114992613,General Decay - Review Content Quality
content_7fa63804b8f1,client_4e07408562,0.7025019038906993,"High Visibility, Poor CTR - Needs Better Title/Meta"
content_df3184adada1,client_3fdba35f04,0.7025010539769976,"High Visibility, Poor CTR - Needs Better Title/Meta"
content_bd3f72f8515e,client_6208ef0f77,0.7024938361304561,"High Visibility, Poor CTR - Needs Better Title/Meta"
content_a0461516b383,client_3fdba35f04,0.7024815025192451,"High Visibility, Poor CTR - Needs Better Title/Meta"
content_80eb81fee5f6,client_4ec9599fc2,0.7024592020266432,"High Visibility, Poor CTR - Needs Better Title/Meta"
content_d67aea7624c8,client_3fdba35f04,0.7024391809375774,General Decay - Review Content Quality
content_b96f39de8ced,client_19581e27de,0.7024270555922412,"High Visibility, Poor CTR - Needs Better Title/Meta"
content_50811dceda17,client_3fdba35f04,0.7024258158285241,General Decay - Review Content Quality
content_9922b3c14663,client_6208ef0f77,0.7024220329933037,General Decay - Review Content Quality
content_27ed51699c4a,client_19581e27de,0.7023822580743431,"High Visibility, Poor CTR - Needs Better Title/Meta"
content_03e13e453a4c,client_6208ef0f77,0.7023751548735884,"High Visibility, Poor CTR - Needs Better Title/Meta"
content_2448b3b4aecd,client_6208ef0f77,0.7023231970419205,"High Visibility, Poor CTR - Needs Better Title/Meta"
content_fb03f64651f6,client_6208ef0f77,0.702308307916638,General Decay - Review Content Quality
content_249d1a8743e1,client_6208ef0f77,0.7022727293256675,"High Visibility, Poor CTR - Needs Better Title/Meta"
content_76fe0bb95548,client_6208ef0f77,0.7022727293256675,"High Visibility, Poor CTR - Needs Better Title/Meta"
content_b3c00e740b1b,client_19581e27de,0.7022679497926342,General Decay - Review Content Quality
content_bbca724138f2,client_6208ef0f77,0.702229196181802,Stale & Low CTR - Needs Content Update
content_b2bbfbb8f29b,client_6208ef0f77,0.7022279508532576,"High Visibility, Poor CTR - Needs Better Title/Meta"
content_6844e78ecb37,client_3fdba35f04,0.7022254231328816,General Decay - Review Content Quality
content_48aa30b4f2ef,client_3fdba35f04,0.702209718133989,"High Visibility, Poor CTR - Needs Better Title/Meta"
content_4611bb5c7228,client_8527a891e2,0.7021956281204669,"High Visibility, Poor CTR - Needs Better Title/Meta"
content_049c21f25031,client_8527a891e2,0.7021022120659824,General Decay - Review Content Quality
content_bf27747e7661,client_3fdba35f04,0.7021022120659824,General Decay - Review Content Quality
content_cb201ff40ebd,client_624b60c58c,0.7021022120659824,General Decay - Review Content Quality
content_764cfa925ed7,client_3fdba35f04,0.7021022120659824,General Decay - Review Content Quality
content_73ec2f642655,client_3fdba35f04,0.7021022120659824,General Decay - Review Content Quality
content_a351be29f266,client_8527a891e2,0.7020897521956253,General Decay - Review Content Quality
content_ee3833c68977,client_3fdba35f04,0.702088411926062,"High Visibility, Poor CTR - Needs Better Title/Meta"
content_fb9c4ed542c4,client_6208ef0f77,0.702062459887739,"High Visibility, Poor CTR - Needs Better Title/Meta"
content_f7087ef21009,client_6208ef0f77,0.702062459887739,"High Visibility, Poor CTR - Needs Better Title/Meta"
content_887594f62cb7,client_3fdba35f04,0.7020396751202762,General Decay - Review Content Quality
content_075818131416,client_3fdba35f04,0.702027879052108,"High Visibility, Poor CTR - Needs Better Title/Meta"
content_cfb1f5bceb14,client_6208ef0f77,0.7020258610638065,"High Visibility, Poor CTR - Needs Better Title/Meta"
content_b6425e927c1f,client_4ec9599fc2,0.7020142093711604,General Decay - Review Content Quality
content_a2debfd76118,client_6208ef0f77,0.7020030056801158,"High Visibility, Poor CTR - Needs Better Title/Meta"
content_94058fab0b5b,client_6208ef0f77,0.7019451511601241,"High Visibility, Poor CTR - Needs Better Title/Meta"
content_fe5f6d7049d6,client_6208ef0f77,0.7019202444561131,General Decay - Review Content Quality
content_b463bef02477,client_6208ef0f77,0.7019202444561131,General Decay - Review Content Quality
content_4aa3bd47b90c,client_19581e27de,0.7018548753386397,General Decay - Review Content Quality
content_af96a2f7c79b,client_3fdba35f04,0.7018299647212062,General Decay - Review Content Quality
content_6fe78772aca2,client_6208ef0f77,0.7017797111857353,"High Visibility, Poor CTR - Needs Better Title/Meta"
content_a196825549ec,client_3fdba35f04,0.7017782944923106,"High Visibility, Poor CTR - Needs Better Title/Meta"
content_825c2d7bd442,client_3fdba35f04,0.7017579397411994,General Decay - Review Content Quality
content_b9ddbe777666,client_6208ef0f77,0.701754582489402,"High Visibility, Poor CTR - Needs Better Title/Meta"
content_ade4ada2c63a,client_6208ef0f77,0.7017525374722873,"High Visibility, Poor CTR - Needs Better Title/Meta"
content_e5b30c800614,client_6208ef0f77,0.7017525374722873,"High Visibility, Poor CTR - Needs Better Title/Meta"
content_f4344d558d19,client_3fdba35f04,0.7017434228691674,General Decay - Review Content Quality
content_2aae67478342,client_3fdba35f04,0.7017240666652859,General Decay - Review Content Quality
content_d700ebfe47c7,client_3fdba35f04,0.7016531856297147,"High Visibility, Poor CTR - Needs Better Title/Meta"
content_8bcca3dac8c2,client_6208ef0f77,0.7016249245224351,"High Visibility, Poor CTR - Needs Better Title/Meta"
content_252719d611e3,client_19581e27de,0.701594560511016,"High Visibility, Poor CTR - Needs Better Title/Meta"
content_1cfa9d635f7f,client_19581e27de,0.7015706076031121,"High Visibility, Poor CTR - Needs Better Title/Meta"
content_76a2f9f5288f,client_19581e27de,0.7015636261888197,"High Visibility, Poor CTR - Needs Better Title/Meta"
content_1a47a3396608,client_8527a891e2,0.7015636261888197,"High Visibility, Poor CTR - Needs Better Title/Meta"
content_8ca5d30aeeb2,client_19581e27de,0.7015636261888197,"High Visibility, Poor CTR - Needs Better Title/Meta"
content_197a5b1ed096,client_8527a891e2,0.7015556884727115,General Decay - Review Content Quality
content_c4a383850ef8,client_19581e27de,0.7015513808873518,"High Visibility, Poor CTR - Needs Better Title/Meta"
content_b3f6ab3db394,client_624b60c58c,0.7015287646740649,General Decay - Review Content Quality
content_f857e7bf7fc2,client_8527a891e2,0.7015287646740649,General Decay - Review Content Quality
content_5c5f024cd3a6,client_8527a891e2,0.7015287646740649,General Decay - Review Content Quality
content_eb7c80b69967,client_6208ef0f77,0.7013666367317408,"High Visibility, Poor CTR - Needs Better Title/Meta"
content_cb068bd2f9f9,client_3fdba35f04,0.7013235554482935,"High Visibility, Poor CTR - Needs Better Title/Meta"
content_ebd4623a2759,client_6208ef0f77,0.701321537459992,"High Visibility, Poor CTR - Needs Better Title/Meta"
content_9a29e017706f,client_6208ef0f77,0.7012827193261407,"High Visibility, Poor CTR - Needs Better Title/Meta"
content_da8ea895c3fc,client_3fdba35f04,0.7012646512306451,"High Visibility, Poor CTR - Needs Better Title/Meta"
content_5cde5b639240,client_6208ef0f77,0.7012392215017481,General Decay - Review Content Quality
content_37855a772f39,client_6208ef0f77,0.7012210816938442,General Decay - Review Content Quality
content_3b31ab4e7fa8,client_6208ef0f77,0.7012192324935055,"High Visibility, Poor CTR - Needs Better Title/Meta"
content_d497a9822456,client_6208ef0f77,0.7011800845384191,General Decay - Review Content Quality
content_c6947f8d6577,client_3fdba35f04,0.7011740002951558,General Decay - Review Content Quality
content_fc6bfa0d75b6,client_3fdba35f04,0.7011740002951558,General Decay - Review Content Quality
content_35b9afe673f9,client_3fdba35f04,0.7011630207738442,"High Visibility, Poor CTR - Needs Better Title/Meta"
content_de79be03fa06,client_8527a891e2,0.7011505517348252,"High Visibility, Poor CTR - Needs Better Title/Meta"
content_816d77e36e14,client_8527a891e2,0.7011428257734975,General Decay - Review Content Quality
content_0eb92829ae48,client_6208ef0f77,0.701084157970252,"High Visibility, Poor CTR - Needs Better Title/Meta"
content_d6781bbbb388,client_6208ef0f77,0.701084157970252,"High Visibility, Poor CTR - Needs Better Title/Meta"
content_46973d263159,client_6208ef0f77,0.701084157970252,"High Visibility, Poor CTR - Needs Better Title/Meta"
content_c12ca1e9eb8a,client_6208ef0f77,0.701084157970252,"High Visibility, Poor CTR - Needs Better Title/Meta"
content_0ea80678706d,client_f369cb89fc,0.7010753320960664,General Decay - Review Content Quality
content_e377951d052c,client_6208ef0f77,0.7010136148993518,"High Visibility, Poor CTR - Needs Better Title/Meta"
content_9639ab130f18,client_6208ef0f77,0.7008750543876288,"High Visibility, Poor CTR - Needs Better Title/Meta"
content_1258820393a6,client_3fdba35f04,0.7007877045938254,General Decay - Review Content Quality
content_c56bbd927029,client_6208ef0f77,0.7007770371742853,"High Visibility, Poor CTR - Needs Better Title/Meta"
content_05fef6c41585,client_6208ef0f77,0.7007770371742853,"High Visibility, Poor CTR - Needs Better Title/Meta"
content_b16bd7307b39,client_7f2253d7e2,0.7007754125809899,Stale & Low CTR - Needs Content Update
content_e6675d5055bb,client_6208ef0f77,0.7007101540991694,"High Visibility, Poor CTR - Needs Better Title/Meta"
content_b07a12188efc,client_6208ef0f77,0.7006518661899586,"High Visibility, Poor CTR - Needs Better Title/Meta"
content_9a435016cf37,client_6208ef0f77,0.7005631153596914,"High Visibility, Poor CTR - Needs Better Title/Meta"
content_9f28c0823533,client_3fdba35f04,0.7005533707440514,General Decay - Review Content Quality
content_1a327f36077e,client_3fdba35f04,0.7005533707440514,General Decay - Review Content Quality
content_b9679cecf73d,client_3fdba35f04,0.7005533707440514,General Decay - Review Content Quality
content_0e94388bb4fe,client_3fdba35f04,0.7005533707440514,General Decay - Review Content Quality
content_f2af8b54e562,client_3fdba35f04,0.7005533707440514,General Decay - Review Content Quality
content_78fce9573bf3,client_6208ef0f77,0.7005341495444263,"High Visibility, Poor CTR - Needs Better Title/Meta"
content_ff1f0c71893f,client_6208ef0f77,0.7005341495444263,"High Visibility, Poor CTR - Needs Better Title/Meta"
content_bbc985da741a,client_6208ef0f77,0.7005341495444263,"High Visibility, Poor CTR - Needs Better Title/Meta"
content_11665bc80a5c,client_4ec9599fc2,0.7004847461095565,General Decay - Review Content Quality
content_23070c9ac8a9,client_6208ef0f77,0.7004823028668709,"High Visibility, Poor CTR - Needs Better Title/Meta"
content_a35bb2d3d884,client_6208ef0f77,0.7004585187178707,"High Visibility, Poor CTR - Needs Better Title/Meta"
content_d56e84c0d475,client_3fdba35f04,0.7003910931767517,General Decay - Review Content Quality
content_fff09668a5cc,client_6208ef0f77,0.7003491345960655,"High Visibility, Poor CTR - Needs Better Title/Meta"
content_d5041bb27a81,client_6208ef0f77,0.7003429481885451,"High Visibility, Poor CTR - Needs Better Title/Meta"
content_261a94fab49b,client_6208ef0f77,0.7003344761104554,"High Visibility, Poor CTR - Needs Better Title/Meta"
content_b57bda26063b,client_19581e27de,0.7001530562300999,"High Visibility, Poor CTR - Needs Better Title/Meta"
content_33555a8bf48f,client_3fdba35f04,0.7001383558527907,"High Visibility, Poor CTR - Needs Better Title/Meta"
content_3c52facfe69a,client_3fdba35f04,0.7001383558527907,"High Visibility, Poor CTR - Needs Better Title/Meta"
content_23f699d27f00,client_6208ef0f77,0.70011524421156,"High Visibility, Poor CTR - Needs Better Title/Meta"
content_440b66911ae4,client_6208ef0f77,0.70011524421156,"High Visibility, Poor CTR - Needs Better Title/Meta"
content_2f8055477fff,client_6208ef0f77,0.70011524421156,"High Visibility, Poor CTR - Needs Better Title/Meta"
content_2c2d8c37d956,client_6208ef0f77,0.70011524421156,"High Visibility, Poor CTR - Needs Better Title/Meta"
content_e31a5dc98675,client_3fdba35f04,0.7001081513894143,"High Visibility, Poor CTR - Needs Better Title/Meta"
content_4a3ee9e56550,client_6208ef0f77,0.7000808573636753,"High Visibility, Poor CTR - Needs Better Title/Meta"
content_d02976f63873,client_6208ef0f77,0.7000808573636753,"High Visibility, Poor CTR - Needs Better Title/Meta"
content_d512773c9590,client_3fdba35f04,0.7000798280481517,General Decay - Review Content Quality
content_dc1f9b8f4e1a,client_3fdba35f04,0.7000658290733383,"High Visibility, Poor CTR - Needs Better Title/Meta"
content_9d94a15525bd,client_6208ef0f77,0.7000652878850245,"High Visibility, Poor CTR - Needs Better Title/Meta"
content_dc8cc5da83fd,client_6208ef0f77,0.7000644487886832,"High Visibility, Poor CTR - Needs Better Title/Meta"
content_180c8ec7003d,client_8527a891e2,0.7000564225021055,"High Visibility, Poor CTR - Needs Better Title/Meta"
content_cac9eaac0184,client_7f2253d7e2,0.7000558550205987,"High Visibility, Poor CTR - Needs Better Title/Meta"
content_e91ce7f0a0b3,client_7f2253d7e2,0.7000558550205987,"High Visibility, Poor CTR - Needs Better Title/Meta"
content_283d4adb6216,client_3fdba35f04,0.6999942008010607,General Decay - Review Content Quality
content_e70c53facf62,client_8527a891e2,0.6999673241447997,"High Visibility, Poor CTR - Needs Better Title/Meta"
content_16b6cea6a3c3,client_6208ef0f77,0.6999255352532627,"High Visibility, Poor CTR - Needs Better Title/Meta"
content_162c5ba9e046,client_6208ef0f77,0.6999151199683883,"High Visibility, Poor CTR - Needs Better Title/Meta"
content_f89be6a6a437,client_8527a891e2,0.6999044778520321,General Decay - Review Content Quality
content_56a868633c26,client_6208ef0f77,0.6998863447411939,"High Visibility, Poor CTR - Needs Better Title/Meta"
content_8a9cb52a1478,client_6208ef0f77,0.6998863447411939,"High Visibility, Poor CTR - Needs Better Title/Meta"
content_01f07b38039c,client_e629fa6598,0.699869973716097,General Decay - Review Content Quality
content_2c89cb89145f,client_6208ef0f77,0.6998698289634747,"High Visibility, Poor CTR - Needs Better Title/Meta"
content_539456874439,client_6208ef0f77,0.6998360943771489,"High Visibility, Poor CTR - Needs Better Title/Meta"
content_b7a3743a1de6,client_3fdba35f04,0.6997639763630045,General Decay - Review Content Quality
content_ff0199cd37ea,client_3fdba35f04,0.6996786909555862,"High Visibility, Poor CTR - Needs Better Title/Meta"
content_4e8fa9dda799,client_4e07408562,0.6996577503146707,General Decay - Review Content Quality
content_50b705edfd99,client_4e07408562,0.6996577503146707,General Decay - Review Content Quality
content_c7feeae9ce9b,client_4e07408562,0.6996577503146707,General Decay - Review Content Quality
content_44ddc131ded6,client_3fdba35f04,0.6996577503146707,General Decay - Review Content Quality
content_912484acf3be,client_3fdba35f04,0.6996577503146707,"High Visibility, Poor CTR - Needs Better Title/Meta"
content_906e7ceb2fe9,client_8722616204,0.6996011102670494,General Decay - Review Content Quality
content_4b6a3d71c7df,client_3fdba35f04,0.6995824318457252,"High Visibility, Poor CTR - Needs Better Title/Meta"
content_a51f84a48b68,client_02d20bbd7e,0.6995358890604569,General Decay - Review Content Quality
content_25eb20eddbcc,client_4ec9599fc2,0.6995358890604569,General Decay - Review Content Quality
content_ab30d635c6b0,client_3fdba35f04,0.6995358890604569,General Decay - Review Content Quality
content_3a95dd297927,client_02d20bbd7e,0.6995358890604569,General Decay - Review Content Quality
content_b108cb3324e1,client_3fdba35f04,0.6995358890604569,General Decay - Review Content Quality
content_601f7d6e9761,client_3fdba35f04,0.6995358890604569,General Decay - Review Content Quality
content_bc486c46d129,client_4ec9599fc2,0.6995358890604569,General Decay - Review Content Quality
content_41bcf8c94876,client_4e07408562,0.6995358890604569,General Decay - Review Content Quality
content_f4d4c38f3dca,client_3fdba35f04,0.6995063802410248,"High Visibility, Poor CTR - Needs Better Title/Meta"
content_d9b5ab16e8eb,client_3fdba35f04,0.6994808200657626,"High Visibility, Poor CTR - Needs Better Title/Meta"
content_72d42cc22e2c,client_4e07408562,0.6994743591521392,"High Visibility, Poor CTR - Needs Better Title/Meta"
content_b1958b76c4e9,client_6208ef0f77,0.6994738893345123,"High Visibility, Poor CTR - Needs Better Title/Meta"
content_d2ca9e9a29e5,client_3fdba35f04,0.6994340322489763,"High Visibility, Poor CTR - Needs Better Title/Meta"
content_ac0b04fde3f7,client_6208ef0f77,0.6994254700277448,"High Visibility, Poor CTR - Needs Better Title/Meta"
content_5678c6372508,client_3fdba35f04,0.6993665117840538,General Decay - Review Content Quality
content_120ba57ad3de,client_6208ef0f77,0.6992910637445289,"High Visibility, Poor CTR - Needs Better Title/Meta"
content_ef7d33eb0975,client_3fdba35f04,0.699215754863593,"High Visibility, Poor CTR - Needs Better Title/Meta"
content_22aaebea027e,client_3fdba35f04,0.6992001542482177,"High Visibility, Poor CTR - Needs Better Title/Meta"
content_8d36b52de328,client_3fdba35f04,0.6991689797265596,"High Visibility, Poor CTR - Needs Better Title/Meta"
content_9b9d6f8bdcd0,client_3fdba35f04,0.6991689797265596,"High Visibility, Poor CTR - Needs Better Title/Meta"
content_c76dff870efe,client_6208ef0f77,0.6991655053596603,"High Visibility, Poor CTR - Needs Better Title/Meta"
content_714ced6a5982,client_6208ef0f77,0.6991655053596603,"High Visibility, Poor CTR - Needs Better Title/Meta"
content_845a243716ba,client_6208ef0f77,0.6991655053596603,"High Visibility, Poor CTR - Needs Better Title/Meta"
content_15d533608a0b,client_6208ef0f77,0.6990859755523939,"High Visibility, Poor CTR - Needs Better Title/Meta"
content_6ca73c6b0d9c,client_8527a891e2,0.6990362230203719,General Decay - Review Content Quality
content_954e7ffcce78,client_6208ef0f77,0.6990362230203719,General Decay - Review Content Quality
content_1b27d2642fda,client_8527a891e2,0.6990362230203719,General Decay - Review Content Quality
content_010d3a6fd547,client_6208ef0f77,0.6990348647953347,"High Visibility, Poor CTR - Needs Better Title/Meta"
content_bb7eaf808751,client_6208ef0f77,0.6990348647953347,"High Visibility, Poor CTR - Needs Better Title/Meta"
content_60bd44a91d5c,client_4e07408562,0.6990302949699384,"High Visibility, Poor CTR - Needs Better Title/Meta"
content_eba29e41a6d2,client_8722616204,0.6990243620664763,"High Visibility, Poor CTR - Needs Better Title/Meta"
content_8bb026a0849b,client_3fdba35f04,0.6990157358259346,"High Visibility, Poor CTR - Needs Better Title/Meta"
content_2892adcd8f92,client_624b60c58c,0.6990072671047349,General Decay - Review Content Quality
content_f7671038eb94,client_6208ef0f77,0.6989889359443308,"High Visibility, Poor CTR - Needs Better Title/Meta"
content_79bb85959143,client_19581e27de,0.6989647859440666,"High Visibility, Poor CTR - Needs Better Title/Meta"
content_213627f5853e,client_3fdba35f04,0.6989601810728037,General Decay - Review Content Quality
content_9d3176e95953,client_3fdba35f04,0.6989488037451598,"High Visibility, Poor CTR - Needs Better Title/Meta"
content_62c67fa2fa99,client_6208ef0f77,0.6989238756713343,"High Visibility, Poor CTR - Needs Better Title/Meta"
content_01118d5030d0,client_4e07408562,0.6988619851166333,"High Visibility, Poor CTR - Needs Better Title/Meta"
content_f1da309fe5c1,client_6208ef0f77,0.6988257612127114,"High Visibility, Poor CTR - Needs Better Title/Meta"
content_fb73082301f6,client_6208ef0f77,0.6987220334860049,"High Visibility, Poor CTR - Needs Better Title/Meta"
content_590e10bcbaaf,client_6208ef0f77,0.6987203257144401,"High Visibility, Poor CTR - Needs Better Title/Meta"
content_013a5d3dfc26,client_6208ef0f77,0.6987167692772326,"High Visibility, Poor CTR - Needs Better Title/Meta"
content_3cb6d13f84e9,client_6208ef0f77,0.6986864961815943,"High Visibility, Poor CTR - Needs Better Title/Meta"
content_8b32fed5913b,client_6208ef0f77,0.6986864961815943,"High Visibility, Poor CTR - Needs Better Title/Meta"
content_060740bb174a,client_6208ef0f77,0.6986864961815943,"High Visibility, Poor CTR - Needs Better Title/Meta"
content_33204f083014,client_6208ef0f77,0.6986864961815943,"High Visibility, Poor CTR - Needs Better Title/Meta"
content_e4d10f7525ef,client_6208ef0f77,0.6986449783071005,"High Visibility, Poor CTR - Needs Better Title/Meta"
content_fc29d6826b08,client_3fdba35f04,0.6986189894210427,General Decay - Review Content Quality
content_d16f344bb84b,client_4e07408562,0.6985827904423735,General Decay - Review Content Quality
content_b0d6e9f27ca4,client_7f2253d7e2,0.6985827904423735,General Decay - Review Content Quality
content_049e9c466e09,client_19581e27de,0.6985827904423735,General Decay - Review Content Quality
content_1624a906686f,client_6208ef0f77,0.6985438162308876,"High Visibility, Poor CTR - Needs Better Title/Meta"
content_b96e111010b6,client_19581e27de,0.6985413375480763,General Decay - Review Content Quality
content_1944e8c057c7,client_3fdba35f04,0.6984951428121136,General Decay - Review Content Quality
content_7485b5b53c77,client_6208ef0f77,0.698477392598971,"High Visibility, Poor CTR - Needs Better Title/Meta"
content_e3850e73f80d,client_6208ef0f77,0.6983305411915203,"High Visibility, Poor CTR - Needs Better Title/Meta"
content_ffec3ebb6db9,client_6208ef0f77,0.6983305411915203,"High Visibility, Poor CTR - Needs Better Title/Meta"
content_436a543fd320,client_6208ef0f77,0.6983305411915203,"High Visibility, Poor CTR - Needs Better Title/Meta"
content_16350274b4a4,client_6208ef0f77,0.6983305411915203,"High Visibility, Poor CTR - Needs Better Title/Meta"
content_bf3b17968036,client_6208ef0f77,0.698276070868102,"High Visibility, Poor CTR - Needs Better Title/Meta"
content_56678f8baf9f,client_3fdba35f04,0.6982663666173333,"High Visibility, Poor CTR - Needs Better Title/Meta"
content_83f2dcf62c50,client_3fdba35f04,0.6982663666173333,General Decay - Review Content Quality
content_b2a61c74b647,client_4e07408562,0.6982400000608935,General Decay - Review Content Quality
content_77d64997649a,client_3fdba35f04,0.6982322509110377,"High Visibility, Poor CTR - Needs Better Title/Meta"
content_c680ff3952d7,client_6208ef0f77,0.6982162329098114,"High Visibility, Poor CTR - Needs Better Title/Meta"
content_f188c246f679,client_6208ef0f77,0.6981792502683032,"High Visibility, Poor CTR - Needs Better Title/Meta"
content_d0eeae28e18c,client_6208ef0f77,0.6981674701835193,"High Visibility, Poor CTR - Needs Better Title/Meta"
content_06be2db91460,client_6208ef0f77,0.6981674701835193,General Decay - Review Content Quality
content_622acd10a22e,client_6208ef0f77,0.6981674701835193,General Decay - Review Content Quality
content_538442488599,client_6208ef0f77,0.6981674701835193,General Decay - Review Content Quality
content_a8cbdb9e96af,client_6208ef0f77,0.6981674701835193,General Decay - Review Content Quality
content_d1bc0303bb56,client_6208ef0f77,0.6981674701835193,General Decay - Review Content Quality
content_4ac253651eb0,client_6208ef0f77,0.6981428373406497,"High Visibility, Poor CTR - Needs Better Title/Meta"
content_45e45f14d522,client_6208ef0f77,0.6981428373406497,"High Visibility, Poor CTR - Needs Better Title/Meta"
content_783dd052a637,client_6208ef0f77,0.6980629632427167,General Decay - Review Content Quality
content_3c4bfd9eec58,client_4ec9599fc2,0.6980044627974615,General Decay - Review Content Quality
content_97dd87b7b0cc,client_6208ef0f77,0.6980026899332938,General Decay - Review Content Quality
content_92ba489a6077,client_6208ef0f77,0.6979505307529292,"High Visibility, Poor CTR - Needs Better Title/Meta"
content_c3ffbcbacf50,client_6208ef0f77,0.6979172427306453,"High Visibility, Poor CTR - Needs Better Title/Meta"
content_7f116ae1f6f5,client_9400f1b21c,0.6979171443559887,Stale & Low CTR - Needs Content Update
content_b3688faf1464,client_6208ef0f77,0.6979114002746141,"High Visibility, Poor CTR - Needs Better Title/Meta"
content_bf6f3bd83380,client_6208ef0f77,0.697887343388232,"High Visibility, Poor CTR - Needs Better Title/Meta"
content_99e04bb14852,client_3fdba35f04,0.6978782452699076,"High Visibility, Poor CTR - Needs Better Title/Meta"
content_0c5364177352,client_6208ef0f77,0.6978538596600934,General Decay - Review Content Quality
content_cd285594b32b,client_6208ef0f77,0.6978346260619781,"High Visibility, Poor CTR - Needs Better Title/Meta"
content_d9ae7c212f9c,client_3fdba35f04,0.6978228653166076,General Decay - Review Content Quality
content_a6ea7601f178,client_6208ef0f77,0.6978124026413413,"High Visibility, Poor CTR - Needs Better Title/Meta"
content_34a35d3937eb,client_6208ef0f77,0.6978124026413413,"High Visibility, Poor CTR - Needs Better Title/Meta"
content_2ddaf2561208,client_6208ef0f77,0.6978031584558169,"High Visibility, Poor CTR - Needs Better Title/Meta"
content_6e098546a7a2,client_19581e27de,0.6977510057112144,"High Visibility, Poor CTR - Needs Better Title/Meta"
content_37890769a7b2,client_6208ef0f77,0.6977472979415889,"High Visibility, Poor CTR - Needs Better Title/Meta"
content_992ff46f1102,client_3fdba35f04,0.6977380382072609,"High Visibility, Poor CTR - Needs Better Title/Meta"
content_27ecfa37a42a,client_6208ef0f77,0.697735309553271,"High Visibility, Poor CTR - Needs Better Title/Meta"
content_034f7f73eae1,client_19581e27de,0.6976587607134478,"High Visibility, Poor CTR - Needs Better Title/Meta"
content_d9ca82d6132a,client_6208ef0f77,0.6975784767823933,"High Visibility, Poor CTR - Needs Better Title/Meta"
content_c1175b0a087d,client_6208ef0f77,0.6975784767823933,"High Visibility, Poor CTR - Needs Better Title/Meta"
content_db82265bf939,client_6208ef0f77,0.6975679258959835,"High Visibility, Poor CTR - Needs Better Title/Meta"
content_4e64474fabfa,client_3fdba35f04,0.6975620430135189,"High Visibility, Poor CTR - Needs Better Title/Meta"
content_c56cf0f9e363,client_8722616204,0.6975049340228976,General Decay - Review Content Quality
content_b9b805b9a1d2,client_6208ef0f77,0.6974994041127718,"High Visibility, Poor CTR - Needs Better Title/Meta"
content_589d0216e3bf,client_6208ef0f77,0.6973931616303938,General Decay - Review Content Quality
content_433fc1c77095,client_3fdba35f04,0.69734811809113,"High Visibility, Poor CTR - Needs Better Title/Meta"
content_3fdbee533170,client_6208ef0f77,0.6973206452904921,"High Visibility, Poor CTR - Needs Better Title/Meta"
content_b0c24b6fb432,client_6208ef0f77,0.6973204609689411,"High Visibility, Poor CTR - Needs Better Title/Meta"
content_2149cbc42bc0,client_6208ef0f77,0.6972478207661219,"High Visibility, Poor CTR - Needs Better Title/Meta"
content_dbf29df094f9,client_4e07408562,0.6972251889984494,"High Visibility, Poor CTR - Needs Better Title/Meta"
content_13f20fdf671b,client_6208ef0f77,0.6971884071932951,"High Visibility, Poor CTR - Needs Better Title/Meta"
content_0922823c38a5,client_19581e27de,0.6971840580477705,General Decay - Review Content Quality
content_fffb0f48d004,client_3fdba35f04,0.6971562958919962,"High Visibility, Poor CTR - Needs Better Title/Meta"
content_3fb644e88785,client_6208ef0f77,0.6970988348520024,"High Visibility, Poor CTR - Needs Better Title/Meta"
content_e93760253a4b,client_6208ef0f77,0.6970610187483967,"High Visibility, Poor CTR - Needs Better Title/Meta"
content_7b9d94185923,client_6208ef0f77,0.697050891614147,"High Visibility, Poor CTR - Needs Better Title/Meta"
content_f9922b5e46b4,client_4e07408562,0.6970417454576819,General Decay - Review Content Quality
content_2822ee0a37bc,client_6208ef0f77,0.6970346431695832,"High Visibility, Poor CTR - Needs Better Title/Meta"
content_9edb1f8ff902,client_6208ef0f77,0.6970316903720324,"High Visibility, Poor CTR - Needs Better Title/Meta"
content_2f26cc677aad,client_8527a891e2,0.6970200247248641,General Decay - Review Content Quality
content_6fbe33c23a07,client_4ec9599fc2,0.6969809753614236,General Decay - Review Content Quality
content_4f818ca00ccc,client_6208ef0f77,0.6969727379866218,"High Visibility, Poor CTR - Needs Better Title/Meta"
content_dde365ff0745,client_6208ef0f77,0.6969727379866218,"High Visibility, Poor CTR - Needs Better Title/Meta"
content_d20b4e742dc6,client_19581e27de,0.6968783157752053,"High Visibility, Poor CTR - Needs Better Title/Meta"
content_e86e73a54c24,client_8722616204,0.696817226334022,General Decay - Review Content Quality
content_677b9428c2e9,client_6208ef0f77,0.6967824389038572,General Decay - Review Content Quality
content_0cd7a50bd195,client_8722616204,0.6967824389038572,General Decay - Review Content Quality
content_c2e0defde5ec,client_6208ef0f77,0.6967824389038572,General Decay - Review Content Quality
content_1b94e9181085,client_3fdba35f04,0.6967526472640931,General Decay - Review Content Quality
content_ca2708a79e17,client_4ec9599fc2,0.6967526472640931,General Decay - Review Content Quality
content_53459e8ddd7f,client_3fdba35f04,0.6967526472640931,General Decay - Review Content Quality
content_5c9855f71d11,client_3fdba35f04,0.6967526472640931,General Decay - Review Content Quality
content_b131d25b08ec,client_3fdba35f04,0.6967526472640931,General Decay - Review Content Quality
content_22f275f49f44,client_4e07408562,0.6967268973316924,General Decay - Review Content Quality
content_73e60bb3846d,client_6208ef0f77,0.6967121153375184,"High Visibility, Poor CTR - Needs Better Title/Meta"
content_f4a0769e84f5,client_6208ef0f77,0.6967023701194184,"High Visibility, Poor CTR - Needs Better Title/Meta"
content_083ea1902b40,client_6208ef0f77,0.6966671244284592,"High Visibility, Poor CTR - Needs Better Title/Meta"
content_2bcccd2abd17,client_3fdba35f04,0.696613697749877,General Decay - Review Content Quality
content_d5bbad827721,client_6208ef0f77,0.6965424625169304,"High Visibility, Poor CTR - Needs Better Title/Meta"
content_c83edb38cc9f,client_3fdba35f04,0.696518610696033,General Decay - Review Content Quality
content_acd898a2f08a,client_19581e27de,0.6964523324630112,"High Visibility, Poor CTR - Needs Better Title/Meta"
content_9cbc778d1f96,client_6208ef0f77,0.6964461928655268,"High Visibility, Poor CTR - Needs Better Title/Meta"
content_e02fa702ed01,client_6208ef0f77,0.6964420560151968,"High Visibility, Poor CTR - Needs Better Title/Meta"
content_7251d20694b5,client_6208ef0f77,0.6964363456519227,"High Visibility, Poor CTR - Needs Better Title/Meta"
content_06350257f4d5,client_3fdba35f04,0.6964271753915428,"High Visibility, Poor CTR - Needs Better Title/Meta"
content_d49c7fc84373,client_6208ef0f77,0.6964226341243602,"High Visibility, Poor CTR - Needs Better Title/Meta"
content_3f3f1a9d398b,client_3fdba35f04,0.6963728769493909,General Decay - Review Content Quality
content_5c12ce3e46f3,client_6208ef0f77,0.6963501040934413,"High Visibility, Poor CTR - Needs Better Title/Meta"
content_c67000f4ef67,client_6208ef0f77,0.6963302141533784,"High Visibility, Poor CTR - Needs Better Title/Meta"
content_dd56958385a4,client_8527a891e2,0.6963290063258587,General Decay - Review Content Quality
content_10b97359d099,client_6208ef0f77,0.6962847616747068,General Decay - Review Content Quality
content_2aa69207eff5,client_6208ef0f77,0.6962749800068573,"High Visibility, Poor CTR - Needs Better Title/Meta"
content_c2e426123d4e,client_6208ef0f77,0.6962749800068573,"High Visibility, Poor CTR - Needs Better Title/Meta"
content_6f22c65f2250,client_6208ef0f77,0.696260988697361,"High Visibility, Poor CTR - Needs Better Title/Meta"
content_67e6c561604a,client_6208ef0f77,0.6962473165184427,"High Visibility, Poor CTR - Needs Better Title/Meta"
content_742062c7c90d,client_6208ef0f77,0.6962282428741247,"High Visibility, Poor CTR - Needs Better Title/Meta"
content_f01c13daf5b3,client_6208ef0f77,0.6962282428741247,"High Visibility, Poor CTR - Needs Better Title/Meta"
content_ee4066570514,client_6208ef0f77,0.6962282428741247,"High Visibility, Poor CTR - Needs Better Title/Meta"
content_4f5826036689,client_6208ef0f77,0.6962211244522645,"High Visibility, Poor CTR - Needs Better Title/Meta"
content_b02d72e8e98c,client_6208ef0f77,0.6961824499849782,"High Visibility, Poor CTR - Needs Better Title/Meta"
content_91283c049685,client_19581e27de,0.6961659570236443,"High Visibility, Poor CTR - Needs Better Title/Meta"
content_2126e7f0a695,client_6208ef0f77,0.6961320708983709,"High Visibility, Poor CTR - Needs Better Title/Meta"
content_51df4c18eb86,client_6208ef0f77,0.6960721983399262,"High Visibility, Poor CTR - Needs Better Title/Meta"
content_dc6eabfeea2e,client_3fdba35f04,0.6960306167505236,"High Visibility, Poor CTR - Needs Better Title/Meta"
content_68e1ed6b7de8,client_3fdba35f04,0.6959293630113708,General Decay - Review Content Quality
content_bea9e2a9ca1c,client_6208ef0f77,0.6959014632732283,"High Visibility, Poor CTR - Needs Better Title/Meta"
content_d2d2a92dc28d,client_6208ef0f77,0.6959014632732283,"High Visibility, Poor CTR - Needs Better Title/Meta"
content_b46c62b14582,client_8527a891e2,0.6958869152659679,"High Visibility, Poor CTR - Needs Better Title/Meta"
content_660ee321e2be,client_6208ef0f77,0.6958807120709626,"High Visibility, Poor CTR - Needs Better Title/Meta"
content_0c714e1e3130,client_6208ef0f77,0.6958807120709626,"High Visibility, Poor CTR - Needs Better Title/Meta"
content_ca683a38bccc,client_3fdba35f04,0.695877324133034,"High Visibility, Poor CTR - Needs Better Title/Meta"
content_29ffa7b58884,client_8527a891e2,0.6958557979173144,General Decay - Review Content Quality
content_53bcfa77aff4,client_02d20bbd7e,0.6958557979173144,General Decay - Review Content Quality
content_d26337c71e06,client_3fdba35f04,0.6958557979173144,General Decay - Review Content Quality
content_bc3dfd37b96e,client_3fdba35f04,0.6958557979173144,General Decay - Review Content Quality
content_884f0e5e6559,client_3fdba35f04,0.6958557979173144,General Decay - Review Content Quality
content_db74537c5636,client_8527a891e2,0.6958324585133557,General Decay - Review Content Quality
content_29884c0f9255,client_8527a891e2,0.6958324585133557,General Decay - Review Content Quality
content_e342ea5fbafc,client_6208ef0f77,0.6958110656851463,"High Visibility, Poor CTR - Needs Better Title/Meta"
content_c4d56710ca6c,client_6208ef0f77,0.6958062758679345,"High Visibility, Poor CTR - Needs Better Title/Meta"
content_d7c288bd12c1,client_6208ef0f77,0.6957852019687334,"High Visibility, Poor CTR - Needs Better Title/Meta"
content_1daf8812fd3a,client_3fdba35f04,0.6957709419259845,General Decay - Review Content Quality
content_c226cf2064d2,client_3fdba35f04,0.6957441295131465,General Decay - Review Content Quality
content_81fea0c0c1a3,client_8722616204,0.6957079595601613,"High Visibility, Poor CTR - Needs Better Title/Meta"
content_b81958438551,client_6208ef0f77,0.6955859972718837,"High Visibility, Poor CTR - Needs Better Title/Meta"
content_51b04dcc4d9f,client_6208ef0f77,0.6955804380708923,"High Visibility, Poor CTR - Needs Better Title/Meta"
content_db91a31e8883,client_3fdba35f04,0.6955472496782746,General Decay - Review Content Quality
content_9afc865ae5cb,client_6208ef0f77,0.69554683364739,"High Visibility, Poor CTR - Needs Better Title/Meta"
content_3395aba722a2,client_8527a891e2,0.6955447354290303,"High Visibility, Poor CTR - Needs Better Title/Meta"
content_04539a036552,client_6208ef0f77,0.695486252967706,"High Visibility, Poor CTR - Needs Better Title/Meta"
content_ff6059b63baa,client_6208ef0f77,0.6954055237320946,"High Visibility, Poor CTR - Needs Better Title/Meta"
content_b6e4581523ed,client_d029fa3a95,0.6953998699696469,Stale & Low CTR - Needs Content Update
content_d34c89fad803,client_d029fa3a95,0.6953998699696469,Stale & Low CTR - Needs Content Update
content_3a93f78aa0a5,client_d029fa3a95,0.6953998699696469,Stale & Low CTR - Needs Content Update
content_8997ab7530ad,client_3fdba35f04,0.695364750038339,"High Visibility, Poor CTR - Needs Better Title/Meta"
content_1816f5ff12ac,client_6208ef0f77,0.6953293037816427,"High Visibility, Poor CTR - Needs Better Title/Meta"
content_94c2c6d27072,client_6208ef0f77,0.6952694566654009,"High Visibility, Poor CTR - Needs Better Title/Meta"
content_cf1423480af0,client_4e07408562,0.6952308273379689,General Decay - Review Content Quality
content_956c84e51f49,client_4e07408562,0.6952308273379689,General Decay - Review Content Quality
content_b79a2cb00c16,client_624b60c58c,0.6952308273379689,General Decay - Review Content Quality
content_49dd3b172108,client_3fdba35f04,0.6952308273379689,General Decay - Review Content Quality
content_b21385c39124,client_6208ef0f77,0.695106989888373,"High Visibility, Poor CTR - Needs Better Title/Meta"
content_20decd85a0c2,client_6208ef0f77,0.6950990331072842,"High Visibility, Poor CTR - Needs Better Title/Meta"
content_8b23ea11d29f,client_6208ef0f77,0.6950665517823086,"High Visibility, Poor CTR - Needs Better Title/Meta"
content_4c370a8ce973,client_6208ef0f77,0.6950584972001604,"High Visibility, Poor CTR - Needs Better Title/Meta"
content_2028099fd151,client_6208ef0f77,0.6950347179635962,"High Visibility, Poor CTR - Needs Better Title/Meta"
content_b60c70399545,client_6208ef0f77,0.6950347179635962,"High Visibility, Poor CTR - Needs Better Title/Meta"
content_bc8bf5900876,client_6208ef0f77,0.6950054575637337,"High Visibility, Poor CTR - Needs Better Title/Meta"
content_94b3a4952997,client_6208ef0f77,0.6950054575637337,"High Visibility, Poor CTR - Needs Better Title/Meta"
content_7bc3b9b21d4c,client_6208ef0f77,0.6949857158220781,"High Visibility, Poor CTR - Needs Better Title/Meta"
content_79ad58efa6bc,client_3fdba35f04,0.6948301407846958,General Decay - Review Content Quality
content_42f8d8b90529,client_3fdba35f04,0.6948301407846958,General Decay - Review Content Quality
content_ac7e8dd18108,client_6208ef0f77,0.6948156439994873,"High Visibility, Poor CTR - Needs Better Title/Meta"
content_2a0b4da70435,client_3fdba35f04,0.694778801217155,"High Visibility, Poor CTR - Needs Better Title/Meta"
content_5e9035cd276f,client_6208ef0f77,0.6947771936453669,"High Visibility, Poor CTR - Needs Better Title/Meta"
content_0033daa7ec2f,client_6208ef0f77,0.6947613229510591,"High Visibility, Poor CTR - Needs Better Title/Meta"
content_8bd1a6dbfda3,client_3fdba35f04,0.6947284392196486,General Decay - Review Content Quality
content_5749fad64abc,client_3fdba35f04,0.6947284392196486,General Decay - Review Content Quality
content_661a51d3130e,client_6208ef0f77,0.6946977330974399,General Decay - Review Content Quality
content_57a11c7b3d73,client_624b60c58c,0.6946421510889893,General Decay - Review Content Quality
content_d1dc90c8a4f9,client_8722616204,0.6946421510889893,General Decay - Review Content Quality
content_fa36b7ba8a7f,client_6208ef0f77,0.6945941829795353,"High Visibility, Poor CTR - Needs Better Title/Meta"
content_40cad916de90,client_3fdba35f04,0.6945862754741908,"High Visibility, Poor CTR - Needs Better Title/Meta"
content_662e4aaa9e63,client_8527a891e2,0.6945724691412859,General Decay - Review Content Quality
content_39b88256e239,client_3fdba35f04,0.6945724691412859,General Decay - Review Content Quality
content_ed1d32ab375d,client_6208ef0f77,0.6945580132389196,"High Visibility, Poor CTR - Needs Better Title/Meta"
content_f675308771af,client_19581e27de,0.6945364625312114,"High Visibility, Poor CTR - Needs Better Title/Meta"
content_a9abb3ac2f01,client_6208ef0f77,0.6945281138965065,"High Visibility, Poor CTR - Needs Better Title/Meta"
content_9746794ea57e,client_8527a891e2,0.6944190898201349,General Decay - Review Content Quality
content_de155423eb63,client_6208ef0f77,0.6943552358690555,"High Visibility, Poor CTR - Needs Better Title/Meta"
content_aa98ebf95fa8,client_3fdba35f04,0.6943521948995186,"High Visibility, Poor CTR - Needs Better Title/Meta"
content_0824f0a9e4f5,client_6208ef0f77,0.6943328570528793,General Decay - Review Content Quality
content_3b427078de2a,client_6208ef0f77,0.6943328570528793,General Decay - Review Content Quality
content_e4742a64f735,client_6208ef0f77,0.6943321754418774,"High Visibility, Poor CTR - Needs Better Title/Meta"
content_40220838afa4,client_3fdba35f04,0.6943302824959059,General Decay - Review Content Quality
content_67d93ee0b25d,client_6208ef0f77,0.6943022760994642,"High Visibility, Poor CTR - Needs Better Title/Meta"
content_bad2a4bb03ce,client_6208ef0f77,0.6943022760994642,"High Visibility, Poor CTR - Needs Better Title/Meta"
content_d185e41055fb,client_19581e27de,0.6942893735510464,"High Visibility, Poor CTR - Needs Better Title/Meta"
content_052d5de7dd3c,client_6208ef0f77,0.6941847452215377,"High Visibility, Poor CTR - Needs Better Title/Meta"
content_ae54c1f1dac8,client_6208ef0f77,0.6941353681772808,"High Visibility, Poor CTR - Needs Better Title/Meta"
content_bc94bc662bb6,client_02d20bbd7e,0.6941197591441606,General Decay - Review Content Quality
content_872c3ec12ff0,client_6208ef0f77,0.6940962813305198,"High Visibility, Poor CTR - Needs Better Title/Meta"
content_cc8fe826d03d,client_3fdba35f04,0.6940371707716525,General Decay - Review Content Quality
content_2769cc03cc81,client_3fdba35f04,0.6940331970587235,General Decay - Review Content Quality
content_8f221305e576,client_6208ef0f77,0.6939934094936254,"High Visibility, Poor CTR - Needs Better Title/Meta"
content_f8cc9bdeee81,client_6208ef0f77,0.6939934094936254,"High Visibility, Poor CTR - Needs Better Title/Meta"
content_3b091414dfef,client_3fdba35f04,0.6939859955731018,"High Visibility, Poor CTR - Needs Better Title/Meta"
content_5585a0e7089c,client_8527a891e2,0.6938980771903469,General Decay - Review Content Quality
content_f77c9b907985,client_6208ef0f77,0.6938514614163221,General Decay - Review Content Quality
content_05405221d638,client_6208ef0f77,0.6938421376478716,"High Visibility, Poor CTR - Needs Better Title/Meta"
content_a690649561ca,client_6208ef0f77,0.6938381255221828,"High Visibility, Poor CTR - Needs Better Title/Meta"
content_418ec7cab0c5,client_6208ef0f77,0.6938380572965002,"High Visibility, Poor CTR - Needs Better Title/Meta"
content_a451a30f3920,client_19581e27de,0.6938259559343148,"High Visibility, Poor CTR - Needs Better Title/Meta"
content_5ae19b72b43c,client_6208ef0f77,0.6937816750519642,"High Visibility, Poor CTR - Needs Better Title/Meta"
content_7852e54e8f47,client_6208ef0f77,0.6937464232179873,"High Visibility, Poor CTR - Needs Better Title/Meta"
content_77db22877e12,client_6208ef0f77,0.693745144014426,"High Visibility, Poor CTR - Needs Better Title/Meta"
content_f47b9a44cce5,client_6208ef0f77,0.693745144014426,"High Visibility, Poor CTR - Needs Better Title/Meta"
content_19844deccf29,client_6208ef0f77,0.693745144014426,"High Visibility, Poor CTR - Needs Better Title/Meta"
content_e00ac6e3f12e,client_6208ef0f77,0.6936950350101841,"High Visibility, Poor CTR - Needs Better Title/Meta"
content_7b12b2c530d6,client_3fdba35f04,0.6936749349912471,General Decay - Review Content Quality
content_8ad4a25c246c,client_4e07408562,0.6936607160853872,"High Visibility, Poor CTR - Needs Better Title/Meta"
content_f8ee56435645,client_6208ef0f77,0.693622902054379,"High Visibility, Poor CTR - Needs Better Title/Meta"
content_33c2582626ad,client_6208ef0f77,0.6935463233506044,"High Visibility, Poor CTR - Needs Better Title/Meta"
content_0ac65b26b9e1,client_4ec9599fc2,0.6935160875448613,General Decay - Review Content Quality
content_972b37f0c86d,client_19581e27de,0.6934592829244951,"High Visibility, Poor CTR - Needs Better Title/Meta"
content_cdf436b07716,client_6208ef0f77,0.6934070840091683,"High Visibility, Poor CTR - Needs Better Title/Meta"
content_a58216cd6937,client_6208ef0f77,0.6933876706978538,"High Visibility, Poor CTR - Needs Better Title/Meta"
content_0c690232cc6b,client_6208ef0f77,0.6933876706978538,"High Visibility, Poor CTR - Needs Better Title/Meta"
content_8211d4fc6fff,client_6208ef0f77,0.6933876706978538,"High Visibility, Poor CTR - Needs Better Title/Meta"
content_89e354a4d5b5,client_3fdba35f04,0.6933548766619676,General Decay - Review Content Quality
content_2e2a634851a0,client_d029fa3a95,0.6932595821547788,Stale & Low CTR - Needs Content Update
content_30eb41dff556,client_d029fa3a95,0.6932595821547788,Stale & Low CTR - Needs Content Update
content_460b11dcac6a,client_d029fa3a95,0.6932595821547788,Stale & Low CTR - Needs Content Update
content_1a798f06637b,client_3fdba35f04,0.6931394707595905,General Decay - Review Content Quality
content_312788662f55,client_6208ef0f77,0.6931391598914344,"High Visibility, Poor CTR - Needs Better Title/Meta"
content_3dad8d32a4bc,client_624b60c58c,0.6931263824125531,General Decay - Review Content Quality
content_6997934f17ed,client_6208ef0f77,0.693098618414755,"High Visibility, Poor CTR - Needs Better Title/Meta"
content_d555c52f2036,client_6208ef0f77,0.693098618414755,"High Visibility, Poor CTR - Needs Better Title/Meta"
content_2ad5b9d6ffd6,client_6208ef0f77,0.6930973392111937,"High Visibility, Poor CTR - Needs Better Title/Meta"
content_5a67177a8e65,client_6208ef0f77,0.6930973392111937,"High Visibility, Poor CTR - Needs Better Title/Meta"
content_6d9609b34434,client_6208ef0f77,0.6930647322894816,"High Visibility, Poor CTR - Needs Better Title/Meta"
content_6803351bd138,client_6208ef0f77,0.6930647322894816,"High Visibility, Poor CTR - Needs Better Title/Meta"
content_103f365d51f4,client_3fdba35f04,0.6930607600527823,General Decay - Review Content Quality
content_bf5df4b81c51,client_6208ef0f77,0.6930597490474176,"High Visibility, Poor CTR - Needs Better Title/Meta"
content_e7124789c60c,client_3fdba35f04,0.6930206428144448,"High Visibility, Poor CTR - Needs Better Title/Meta"
content_f427f138e9c6,client_8527a891e2,0.6929377209647253,General Decay - Review Content Quality
content_65668a45a72d,client_6208ef0f77,0.6928805699448038,"High Visibility, Poor CTR - Needs Better Title/Meta"
content_cd7612ec6e09,client_6208ef0f77,0.6928414851551861,"High Visibility, Poor CTR - Needs Better Title/Meta"
content_5883f3faa8e3,client_6208ef0f77,0.6928125165614278,"High Visibility, Poor CTR - Needs Better Title/Meta"
content_87bb23151f90,client_3fdba35f04,0.6928016238637089,General Decay - Review Content Quality
content_3a7998b2d281,client_6208ef0f77,0.6927955992316448,"High Visibility, Poor CTR - Needs Better Title/Meta"
content_50531dcfdbe5,client_6208ef0f77,0.6927752989161471,General Decay - Review Content Quality
content_2b7563b8cdfc,client_6208ef0f77,0.6926320464642592,"High Visibility, Poor CTR - Needs Better Title/Meta"
content_e2a70d32022c,client_6208ef0f77,0.6926219604746098,"High Visibility, Poor CTR - Needs Better Title/Meta"
content_6d020451e1b0,client_6208ef0f77,0.6926166560878143,"High Visibility, Poor CTR - Needs Better Title/Meta"
content_ba8b24ad7f60,client_6208ef0f77,0.6926031987873073,General Decay - Review Content Quality
content_dbb8224e0376,client_6208ef0f77,0.6925957684084315,"High Visibility, Poor CTR - Needs Better Title/Meta"
content_bd7c0867e933,client_6208ef0f77,0.6925166761354717,"High Visibility, Poor CTR - Needs Better Title/Meta"
content_a4fd2c3517e7,client_e629fa6598,0.6924484761126718,General Decay - Review Content Quality
content_8bb79651a584,client_6208ef0f77,0.6924422399324436,"High Visibility, Poor CTR - Needs Better Title/Meta"
content_b19b9cee5422,client_6208ef0f77,0.6923810204069241,"High Visibility, Poor CTR - Needs Better Title/Meta"
content_8467ea15ea5d,client_6208ef0f77,0.6923599352297073,"High Visibility, Poor CTR - Needs Better Title/Meta"
content_348dd92755fa,client_19581e27de,0.6923170549041877,"High Visibility, Poor CTR - Needs Better Title/Meta"
content_464c21835c14,client_6208ef0f77,0.6923163959844604,"High Visibility, Poor CTR - Needs Better Title/Meta"
content_db5c17103d58,client_6208ef0f77,0.6923163959844604,"High Visibility, Poor CTR - Needs Better Title/Meta"
content_96963b462656,client_4e07408562,0.69230511803625,"High Visibility, Poor CTR - Needs Better Title/Meta"
content_490657df47fa,client_3fdba35f04,0.6922529231111636,"High Visibility, Poor CTR - Needs Better Title/Meta"
content_394d4005ab73,client_3fdba35f04,0.6922249020000529,"High Visibility, Poor CTR - Needs Better Title/Meta"
content_6f057a523b5d,client_6208ef0f77,0.6921809198241017,"High Visibility, Poor CTR - Needs Better Title/Meta"
content_be33b90dcf01,client_6208ef0f77,0.6921688951681315,"High Visibility, Poor CTR - Needs Better Title/Meta"
content_423d7e74ff62,client_3fdba35f04,0.6920863753337382,General Decay - Review Content Quality
content_5fceaeaa11bf,client_8527a891e2,0.6919775020851042,General Decay - Review Content Quality
content_d43654617552,client_6208ef0f77,0.6919550820270594,"High Visibility, Poor CTR - Needs Better Title/Meta"
content_33f886c6b765,client_19581e27de,0.6919525254073643,"High Visibility, Poor CTR - Needs Better Title/Meta"
content_75175d878762,client_6208ef0f77,0.6919164084229474,"High Visibility, Poor CTR - Needs Better Title/Meta"
content_3c4420ed24d2,client_4ec9599fc2,0.691898109971273,"High Visibility, Poor CTR - Needs Better Title/Meta"
content_81f2f3657309,client_6208ef0f77,0.6918490765821786,"High Visibility, Poor CTR - Needs Better Title/Meta"
content_6606686cb1dd,client_4e07408562,0.6918377206573841,General Decay - Review Content Quality
content_96fd0f48507b,client_6208ef0f77,0.6918239279326993,"High Visibility, Poor CTR - Needs Better Title/Meta"
content_ee9cff20f623,client_6208ef0f77,0.6918191772397654,"High Visibility, Poor CTR - Needs Better Title/Meta"
content_94e728350f84,client_3fdba35f04,0.6917699397705093,"High Visibility, Poor CTR - Needs Better Title/Meta"
content_83f4b3f5b49e,client_6208ef0f77,0.6917694577826012,General Decay - Review Content Quality
content_4a397aac5c59,client_6208ef0f77,0.6917669999556874,"High Visibility, Poor CTR - Needs Better Title/Meta"
content_7bd0e1aa7b13,client_8722616204,0.6917669999556874,"High Visibility, Poor CTR - Needs Better Title/Meta"
content_fc2c801a737b,client_6208ef0f77,0.6917669999556874,"High Visibility, Poor CTR - Needs Better Title/Meta"
content_ad561001d2ee,client_6208ef0f77,0.6917669999556874,"High Visibility, Poor CTR - Needs Better Title/Meta"
content_3acbc02ae81e,client_19581e27de,0.6917669999556874,"High Visibility, Poor CTR - Needs Better Title/Meta"
content_685e48f567b5,client_624b60c58c,0.6917669999556874,General Decay - Review Content Quality
content_3ff647c911d0,client_624b60c58c,0.6917669999556874,General Decay - Review Content Quality
content_f99bfbf1adc1,client_6208ef0f77,0.6917332156036917,"High Visibility, Poor CTR - Needs Better Title/Meta"
content_eb52e9e443e8,client_3fdba35f04,0.6917276286402653,General Decay - Review Content Quality
content_d8a309ca8d17,client_6208ef0f77,0.691668591181228,"High Visibility, Poor CTR - Needs Better Title/Meta"
content_785f7a610f2a,client_6208ef0f77,0.691668591181228,"High Visibility, Poor CTR - Needs Better Title/Meta"
content_a028e9d6f5bd,client_6208ef0f77,0.691668591181228,"High Visibility, Poor CTR - Needs Better Title/Meta"
content_f86bab7c3153,client_6208ef0f77,0.6916661196957822,"High Visibility, Poor CTR - Needs Better Title/Meta"
content_c18fc7145363,client_6208ef0f77,0.6916367835552043,"High Visibility, Poor CTR - Needs Better Title/Meta"
content_a9d852951780,client_6208ef0f77,0.6916151445787031,"High Visibility, Poor CTR - Needs Better Title/Meta"
content_42634cb0c5a3,client_6208ef0f77,0.6916009068108946,"High Visibility, Poor CTR - Needs Better Title/Meta"
content_53b1fe682dee,client_3fdba35f04,0.6915802341264623,"High Visibility, Poor CTR - Needs Better Title/Meta"
content_30e51c260782,client_3fdba35f04,0.6915748469557071,General Decay - Review Content Quality
content_058efde65398,client_6208ef0f77,0.6915469421749049,"High Visibility, Poor CTR - Needs Better Title/Meta"
content_69ccf0b9d497,client_3fdba35f04,0.6915293905540648,"High Visibility, Poor CTR - Needs Better Title/Meta"
content_2d665182534d,client_6208ef0f77,0.6914936239736812,"High Visibility, Poor CTR - Needs Better Title/Meta"
content_bcf830db6e6d,client_6208ef0f77,0.6914151846251673,"High Visibility, Poor CTR - Needs Better Title/Meta"
content_18444c94821e,client_8527a891e2,0.6914022540091306,General Decay - Review Content Quality
content_e4fbe29d051d,client_6208ef0f77,0.6914006485333103,"High Visibility, Poor CTR - Needs Better Title/Meta"
content_4d26597851c4,client_6208ef0f77,0.6914006485333103,"High Visibility, Poor CTR - Needs Better Title/Meta"
content_35fa51e17977,client_6208ef0f77,0.6914006485333103,"High Visibility, Poor CTR - Needs Better Title/Meta"
content_74de17fdb849,client_19581e27de,0.6912731784812898,"High Visibility, Poor CTR - Needs Better Title/Meta"
content_91b789aecabe,client_6208ef0f77,0.6912717799344962,"High Visibility, Poor CTR - Needs Better Title/Meta"
content_4b92ccb3588f,client_6208ef0f77,0.6912717799344962,"High Visibility, Poor CTR - Needs Better Title/Meta"
content_8c75fa78ed3b,client_6208ef0f77,0.6912717799344962,"High Visibility, Poor CTR - Needs Better Title/Meta"
content_f1827cbe5a21,client_6208ef0f77,0.6912717799344962,"High Visibility, Poor CTR - Needs Better Title/Meta"
content_060789e791f4,client_6208ef0f77,0.6912717799344962,"High Visibility, Poor CTR - Needs Better Title/Meta"
content_72b17b760882,client_6208ef0f77,0.6912309124151043,"High Visibility, Poor CTR - Needs Better Title/Meta"
content_2f0eb61c63b8,client_3fdba35f04,0.691189704546264,"High Visibility, Poor CTR - Needs Better Title/Meta"
content_d205ff5017e4,client_6208ef0f77,0.691171372436533,"High Visibility, Poor CTR - Needs Better Title/Meta"
content_a27268d78883,client_6208ef0f77,0.691153032258893,General Decay - Review Content Quality
content_35887efa40cf,client_6208ef0f77,0.691153032258893,General Decay - Review Content Quality
content_69884e990157,client_8722616204,0.6911139519045393,"High Visibility, Poor CTR - Needs Better Title/Meta"
content_d800cce05023,client_8527a891e2,0.6911035174419929,"High Visibility, Poor CTR - Needs Better Title/Meta"
content_d089dc9500a8,client_624b60c58c,0.6910626763518729,"High Visibility, Poor CTR - Needs Better Title/Meta"
content_f353cfa165c8,client_19581e27de,0.6910626763518729,"High Visibility, Poor CTR - Needs Better Title/Meta"
content_928af3e22c80,client_7f2253d7e2,0.6910170053984075,Stale & Low CTR - Needs Content Update
content_0e1c5375bd59,client_3fdba35f04,0.6910161070735199,General Decay - Review Content Quality
content_de6382d4d794,client_6208ef0f77,0.6910074268765197,"High Visibility, Poor CTR - Needs Better Title/Meta"
content_77b3c8b69dff,client_3fdba35f04,0.6909560516295464,General Decay - Review Content Quality
content_c2a0bcefdd84,client_6208ef0f77,0.6909439286762697,General Decay - Review Content Quality
content_3348fef1a464,client_8527a891e2,0.6909439286762697,General Decay - Review Content Quality
content_dbc4f264275f,client_6208ef0f77,0.6907981513293189,"High Visibility, Poor CTR - Needs Better Title/Meta"
content_6d0ad374ff3a,client_6208ef0f77,0.69077538422805,"High Visibility, Poor CTR - Needs Better Title/Meta"
content_5feee3994adb,client_7f2253d7e2,0.6907636348824587,Stale & Low CTR - Needs Content Update
content_a089e21690a5,client_6208ef0f77,0.6907334764552214,"High Visibility, Poor CTR - Needs Better Title/Meta"
content_0aabae6c26ae,client_3fdba35f04,0.6907147049583401,General Decay - Review Content Quality
content_a85a3024c4f4,client_3fdba35f04,0.6907147049583401,General Decay - Review Content Quality
content_bdc8fb19b65a,client_4ec9599fc2,0.6907147049583401,General Decay - Review Content Quality
content_f47336c85dbb,client_6208ef0f77,0.6906708067355147,"High Visibility, Poor CTR - Needs Better Title/Meta"
content_86c98b7fffc0,client_6208ef0f77,0.6906553838001527,"High Visibility, Poor CTR - Needs Better Title/Meta"
content_5eba7a5beb28,client_3fdba35f04,0.6906514061908635,General Decay - Review Content Quality
content_a07e04a52f9c,client_3fdba35f04,0.6906514061908635,General Decay - Review Content Quality
content_f35e5543135b,client_4e07408562,0.6906514061908635,General Decay - Review Content Quality
content_6730a66dd62d,client_3fdba35f04,0.6906514061908635,General Decay - Review Content Quality
content_2ca39321e47e,client_6208ef0f77,0.6906438169310103,General Decay - Review Content Quality
content_6d9cb374fc56,client_6208ef0f77,0.6906438169310103,General Decay - Review Content Quality
content_3159d84a031c,client_6208ef0f77,0.6906438169310103,General Decay - Review Content Quality
content_881eb4b5ccf8,client_6208ef0f77,0.6906438169310103,General Decay - Review Content Quality
content_654a5ebf6b10,client_6208ef0f77,0.6906438169310103,General Decay - Review Content Quality
content_be417b6050a9,client_6208ef0f77,0.6906438169310103,General Decay - Review Content Quality
content_cfeacddb7714,client_6208ef0f77,0.6906438169310103,General Decay - Review Content Quality
content_495325b9d69e,client_6208ef0f77,0.6906438169310103,General Decay - Review Content Quality
content_6f114d5a41ca,client_6208ef0f77,0.6906438169310103,General Decay - Review Content Quality
content_6e1f9f682687,client_6208ef0f77,0.6906438169310103,General Decay - Review Content Quality
content_4b907ccca95c,client_6208ef0f77,0.6906438169310103,General Decay - Review Content Quality
content_65aaa3e3b127,client_6208ef0f77,0.6906438169310103,General Decay - Review Content Quality
content_10d9196ab84b,client_6208ef0f77,0.6906438169310103,General Decay - Review Content Quality
content_2a8062f63708,client_6208ef0f77,0.6906438169310103,General Decay - Review Content Quality
content_9f8d516ec4cc,client_6208ef0f77,0.6906438169310103,General Decay - Review Content Quality
content_3223518ad448,client_6208ef0f77,0.6906438169310103,General Decay - Review Content Quality
content_30c7796889fb,client_6208ef0f77,0.6906438169310103,General Decay - Review Content Quality
content_fbdecc7242f3,client_6208ef0f77,0.6906438169310103,General Decay - Review Content Quality
content_67a766790dd2,client_7f2253d7e2,0.6906275896984249,General Decay - Review Content Quality
content_de7e7c07df81,client_8527a891e2,0.6906223315753706,"High Visibility, Poor CTR - Needs Better Title/Meta"
content_242512083070,client_6208ef0f77,0.6906155195550562,"High Visibility, Poor CTR - Needs Better Title/Meta"
content_8f9ee6defeac,client_6208ef0f77,0.6906155195550562,"High Visibility, Poor CTR - Needs Better Title/Meta"
content_0b47dae0c7f9,client_8527a891e2,0.6905517177654464,"High Visibility, Poor CTR - Needs Better Title/Meta"
content_7def8fc1c1c9,client_6208ef0f77,0.6905265888112898,"High Visibility, Poor CTR - Needs Better Title/Meta"
content_29b4ae637103,client_3fdba35f04,0.6905236876019981,"High Visibility, Poor CTR - Needs Better Title/Meta"
content_db0405e56bf5,client_6208ef0f77,0.6904245680814647,General Decay - Review Content Quality
content_1425f976526a,client_6208ef0f77,0.6904245680814647,"High Visibility, Poor CTR - Needs Better Title/Meta"
content_4905723bb4b4,client_6208ef0f77,0.6904245680814647,"High Visibility, Poor CTR - Needs Better Title/Meta"
content_113ebfccd893,client_6208ef0f77,0.6904245680814647,General Decay - Review Content Quality
content_7c20ee05364f,client_6208ef0f77,0.6904245680814647,"High Visibility, Poor CTR - Needs Better Title/Meta"
content_5a41f5bbd3b2,client_6208ef0f77,0.6904245680814647,"High Visibility, Poor CTR - Needs Better Title/Meta"
content_198757833a19,client_6208ef0f77,0.690420328552213,"High Visibility, Poor CTR - Needs Better Title/Meta"
content_f31514b91eef,client_6208ef0f77,0.6903904292097998,"High Visibility, Poor CTR - Needs Better Title/Meta"
content_de211dc3ff40,client_6208ef0f77,0.6903904292097998,"High Visibility, Poor CTR - Needs Better Title/Meta"
content_0748fbd11749,client_4e07408562,0.6903431406161893,"High Visibility, Poor CTR - Needs Better Title/Meta"
content_57460b079188,client_6208ef0f77,0.6903062713423203,"High Visibility, Poor CTR - Needs Better Title/Meta"
content_32e51d7bb5fb,client_6208ef0f77,0.6902154644988414,"High Visibility, Poor CTR - Needs Better Title/Meta"
content_25d914894523,client_8527a891e2,0.6902154644988414,"High Visibility, Poor CTR - Needs Better Title/Meta"
content_76bfb7101267,client_6208ef0f77,0.6902154644988414,"High Visibility, Poor CTR - Needs Better Title/Meta"
content_d94eaed35f7c,client_6208ef0f77,0.6902154644988414,General Decay - Review Content Quality
content_4611d7b027c8,client_6208ef0f77,0.6902154644988414,"High Visibility, Poor CTR - Needs Better Title/Meta"
content_8085f2608c4d,client_6208ef0f77,0.6902154644988414,"High Visibility, Poor CTR - Needs Better Title/Meta"
content_aa3c3dca6c0b,client_8527a891e2,0.6902154644988414,"High Visibility, Poor CTR - Needs Better Title/Meta"
content_ce97b9838a78,client_8722616204,0.6902154644988414,"High Visibility, Poor CTR - Needs Better Title/Meta"
content_701f7861d94a,client_7f2253d7e2,0.6902052791083328,"High Visibility, Poor CTR - Needs Better Title/Meta"
content_16587d23acba,client_6208ef0f77,0.6902046193626064,"High Visibility, Poor CTR - Needs Better Title/Meta"
content_a6544458b585,client_8527a891e2,0.6901811731487151,General Decay - Review Content Quality
content_0ba155fc6151,client_8527a891e2,0.6901811731487151,General Decay - Review Content Quality
content_dccd497c872a,client_6208ef0f77,0.6901478758516114,"High Visibility, Poor CTR - Needs Better Title/Meta"
content_f3c613244cd1,client_6208ef0f77,0.6901349588878967,"High Visibility, Poor CTR - Needs Better Title/Meta"
content_b19e19f6230c,client_6208ef0f77,0.6901349588878967,"High Visibility, Poor CTR - Needs Better Title/Meta"
content_e11a2c8b9da9,client_6208ef0f77,0.6901196773286317,"High Visibility, Poor CTR - Needs Better Title/Meta"
content_9762f75ff577,client_6208ef0f77,0.6901064361907379,"High Visibility, Poor CTR - Needs Better Title/Meta"
content_1b11e93d8029,client_6208ef0f77,0.6900884567473569,"High Visibility, Poor CTR - Needs Better Title/Meta"
content_9d97b8f4b356,client_6208ef0f77,0.6900022574913726,"High Visibility, Poor CTR - Needs Better Title/Meta"
content_070119d023de,client_6208ef0f77,0.6900022574913726,"High Visibility, Poor CTR - Needs Better Title/Meta"
content_b6a3d57816db,client_3fdba35f04,0.6899470825870491,"High Visibility, Poor CTR - Needs Better Title/Meta"
content_a0db26d929cb,client_6208ef0f77,0.6899354300659656,"High Visibility, Poor CTR - Needs Better Title/Meta"
content_3c334d156819,client_4e07408562,0.6899329140352023,"High Visibility, Poor CTR - Needs Better Title/Meta"
content_35fcd2c96c90,client_6208ef0f77,0.6898907073784382,"High Visibility, Poor CTR - Needs Better Title/Meta"
content_608a29064264,client_6208ef0f77,0.689834576328323,"High Visibility, Poor CTR - Needs Better Title/Meta"
content_dd0473176913,client_6208ef0f77,0.6897202444776502,"High Visibility, Poor CTR - Needs Better Title/Meta"
content_36463ce6c065,client_6208ef0f77,0.6897202444776502,"High Visibility, Poor CTR - Needs Better Title/Meta"
content_5c5188e6e36d,client_6208ef0f77,0.6897202444776502,"High Visibility, Poor CTR - Needs Better Title/Meta"
content_78a82071f73e,client_6208ef0f77,0.6897202444776502,"High Visibility, Poor CTR - Needs Better Title/Meta"
content_03e21f0b57cc,client_6208ef0f77,0.6897202444776502,"High Visibility, Poor CTR - Needs Better Title/Meta"
content_afa500c4457d,client_6208ef0f77,0.6897202444776502,"High Visibility, Poor CTR - Needs Better Title/Meta"
content_b2274f7b5ba8,client_6208ef0f77,0.6897202444776502,"High Visibility, Poor CTR - Needs Better Title/Meta"
content_1e1bd14d7f3b,client_6208ef0f77,0.6897202444776502,"High Visibility, Poor CTR - Needs Better Title/Meta"
content_cca524745944,client_6208ef0f77,0.6897202444776502,"High Visibility, Poor CTR - Needs Better Title/Meta"
content_a3401faf8e72,client_6208ef0f77,0.6897202444776502,"High Visibility, Poor CTR - Needs Better Title/Meta"
content_5d7c6ff74d1f,client_6208ef0f77,0.6897202444776502,"High Visibility, Poor CTR - Needs Better Title/Meta"
content_c793d91da3ba,client_6208ef0f77,0.6897202444776502,"High Visibility, Poor CTR - Needs Better Title/Meta"
content_e91cbe8c137b,client_6208ef0f77,0.6897202444776502,"High Visibility, Poor CTR - Needs Better Title/Meta"
content_2cb4479587fa,client_6208ef0f77,0.6897104506167073,"High Visibility, Poor CTR - Needs Better Title/Meta"
content_d1744b4f5be3,client_624b60c58c,0.6896696193696318,General Decay - Review Content Quality
content_ebd349bad46d,client_6208ef0f77,0.6896014968020472,General Decay - Review Content Quality
content_93a23cbcacdd,client_6208ef0f77,0.6896014968020472,General Decay - Review Content Quality
content_b2a676a8af12,client_6208ef0f77,0.6896014968020472,General Decay - Review Content Quality
content_9af69d7db07b,client_6208ef0f77,0.6896014968020472,General Decay - Review Content Quality
content_28336f9471cc,client_6208ef0f77,0.6896014968020472,General Decay - Review Content Quality
content_adf705365c58,client_6208ef0f77,0.6896014968020472,General Decay - Review Content Quality
content_6670879bda95,client_3fdba35f04,0.6895951311860185,General Decay - Review Content Quality
content_fc613a537e6c,client_3fdba35f04,0.6895751702370825,"High Visibility, Poor CTR - Needs Better Title/Meta"
content_fbbacf50108d,client_8527a891e2,0.6895343812631362,"High Visibility, Poor CTR - Needs Better Title/Meta"
content_66cf1753f042,client_6208ef0f77,0.6895338764568774,"High Visibility, Poor CTR - Needs Better Title/Meta"
content_87abead28607,client_6208ef0f77,0.689511140895027,"High Visibility, Poor CTR - Needs Better Title/Meta"
content_a08589de571d,client_8527a891e2,0.689511140895027,"High Visibility, Poor CTR - Needs Better Title/Meta"
content_31a0049556d1,client_6208ef0f77,0.689511140895027,"High Visibility, Poor CTR - Needs Better Title/Meta"
content_4fd3782c94b9,client_6208ef0f77,0.689511140895027,"High Visibility, Poor CTR - Needs Better Title/Meta"
content_44f26dc2974f,client_6208ef0f77,0.689511140895027,"High Visibility, Poor CTR - Needs Better Title/Meta"
content_083bac35aa08,client_434c9b5ae5,0.6894939492756013,"High Visibility, Poor CTR - Needs Better Title/Meta"
content_5773c94c67f5,client_434c9b5ae5,0.6894939492756013,"High Visibility, Poor CTR - Needs Better Title/Meta"
content_4271bae07e03,client_6208ef0f77,0.689473262370922,"High Visibility, Poor CTR - Needs Better Title/Meta"
content_54d30b98b56d,client_6208ef0f77,0.6894719831673606,"High Visibility, Poor CTR - Needs Better Title/Meta"
content_fbccbd20055a,client_6208ef0f77,0.6894719831673606,"High Visibility, Poor CTR - Needs Better Title/Meta"
content_547278ea6381,client_6208ef0f77,0.6894719831673606,"High Visibility, Poor CTR - Needs Better Title/Meta"
content_9306ed9778f8,client_3fdba35f04,0.6894099959774513,"High Visibility, Poor CTR - Needs Better Title/Meta"
content_4a39de8115da,client_7f2253d7e2,0.689395883358907,General Decay - Review Content Quality
content_886649cf2f51,client_19581e27de,0.6893923932194239,General Decay - Review Content Quality
content_26180ae7ebe6,client_6208ef0f77,0.6893923932194239,General Decay - Review Content Quality
content_07582466406a,client_6208ef0f77,0.6893923932194239,General Decay - Review Content Quality
content_fce268398d80,client_6208ef0f77,0.6893923932194239,General Decay - Review Content Quality
content_abd058df82a4,client_19581e27de,0.6893241588762271,General Decay - Review Content Quality
content_dda6271a291c,client_6208ef0f77,0.6893241588762271,General Decay - Review Content Quality
content_2afe3078fb32,client_19581e27de,0.6893241588762271,General Decay - Review Content Quality
content_c109f6284c24,client_8527a891e2,0.6893241588762271,General Decay - Review Content Quality
content_4afd603ac784,client_6208ef0f77,0.6893204451072162,General Decay - Review Content Quality
content_92162831c907,client_6208ef0f77,0.6893116482644857,General Decay - Review Content Quality
content_704618d1b448,client_6208ef0f77,0.6893025571852459,"High Visibility, Poor CTR - Needs Better Title/Meta"
content_5a6962980c18,client_6208ef0f77,0.6893025571852459,"High Visibility, Poor CTR - Needs Better Title/Meta"
content_0eb4273ec881,client_6208ef0f77,0.6893025571852459,"High Visibility, Poor CTR - Needs Better Title/Meta"
content_0f8a2963d8b6,client_6208ef0f77,0.6893025571852459,"High Visibility, Poor CTR - Needs Better Title/Meta"
content_cb26d8669db0,client_6208ef0f77,0.6893025571852459,"High Visibility, Poor CTR - Needs Better Title/Meta"
content_1b1fc63709a3,client_d59eced1de,0.6892619661942626,General Decay - Review Content Quality
content_7fb66cd17356,client_8527a891e2,0.689251163338945,General Decay - Review Content Quality
content_2cb3084ef4fd,client_6208ef0f77,0.6891928617419468,"High Visibility, Poor CTR - Needs Better Title/Meta"
content_2f8845917995,client_6208ef0f77,0.6891346820147958,General Decay - Review Content Quality
content_7a0a16d06090,client_6208ef0f77,0.6890934536026226,"High Visibility, Poor CTR - Needs Better Title/Meta"
content_aad450b6b9fd,client_6208ef0f77,0.6890934536026226,"High Visibility, Poor CTR - Needs Better Title/Meta"
content_8cb88881aa65,client_6208ef0f77,0.6890144317333465,"High Visibility, Poor CTR - Needs Better Title/Meta"
content_e498dc17dc04,client_8527a891e2,0.6889837581593236,"High Visibility, Poor CTR - Needs Better Title/Meta"
content_b71099fd45c9,client_6208ef0f77,0.6889837581593236,"High Visibility, Poor CTR - Needs Better Title/Meta"
content_9f48fb0524e7,client_6208ef0f77,0.6889837581593236,"High Visibility, Poor CTR - Needs Better Title/Meta"
content_02fbff902725,client_6208ef0f77,0.6889785175850099,"High Visibility, Poor CTR - Needs Better Title/Meta"
content_bba7a7a249b2,client_6208ef0f77,0.6889583476901068,"High Visibility, Poor CTR - Needs Better Title/Meta"
content_34d6d80e0a51,client_19581e27de,0.6889564076290786,"High Visibility, Poor CTR - Needs Better Title/Meta"
content_ad22bbb7b57a,client_6208ef0f77,0.6889554752523872,"High Visibility, Poor CTR - Needs Better Title/Meta"
content_de6daf8fa5be,client_6208ef0f77,0.6889225089992983,"High Visibility, Poor CTR - Needs Better Title/Meta"
content_35cfcce9c07a,client_6208ef0f77,0.688920766131724,"High Visibility, Poor CTR - Needs Better Title/Meta"
content_8b9730806650,client_6208ef0f77,0.6889175496736115,"High Visibility, Poor CTR - Needs Better Title/Meta"
content_2fbdc5dd2f88,client_6208ef0f77,0.6889148468808394,"High Visibility, Poor CTR - Needs Better Title/Meta"
content_8e1c19c36233,client_3fdba35f04,0.6888961879513695,General Decay - Review Content Quality
content_4ab57ee5efab,client_3fdba35f04,0.6888480815755904,General Decay - Review Content Quality
content_29e868abd148,client_3fdba35f04,0.6887486348406461,General Decay - Review Content Quality
content_a72d8fc76054,client_6208ef0f77,0.6887319876154199,"High Visibility, Poor CTR - Needs Better Title/Meta"
content_5aa14ed789b2,client_7f2253d7e2,0.6886910940073263,"High Visibility, Poor CTR - Needs Better Title/Meta"
content_8c50c8b76450,client_8527a891e2,0.6886198352724127,"High Visibility, Poor CTR - Needs Better Title/Meta"
content_c0342d33095e,client_19581e27de,0.6886198352724127,"High Visibility, Poor CTR - Needs Better Title/Meta"
content_178b0367d8f4,client_434c9b5ae5,0.6886000252297546,General Decay - Review Content Quality
content_cb385644ae55,client_434c9b5ae5,0.6886000252297546,General Decay - Review Content Quality
content_24c504b57001,client_434c9b5ae5,0.6886000252297546,General Decay - Review Content Quality
content_e5bcdfaadccd,client_434c9b5ae5,0.6886000252297546,General Decay - Review Content Quality
content_bf212b1edf1a,client_434c9b5ae5,0.6886000252297546,General Decay - Review Content Quality
content_dc14f71fcf76,client_6208ef0f77,0.6885851788439743,"High Visibility, Poor CTR - Needs Better Title/Meta"
content_88dd228920df,client_8722616204,0.6885035291161422,General Decay - Review Content Quality
content_8707338e76a6,client_8722616204,0.6885035291161422,General Decay - Review Content Quality
content_08e18cccfb3e,client_6208ef0f77,0.6885035291161422,General Decay - Review Content Quality
content_2b1aebff3841,client_6208ef0f77,0.6885035291161422,General Decay - Review Content Quality
content_86d53cec4dd6,client_6208ef0f77,0.688488072390366,"High Visibility, Poor CTR - Needs Better Title/Meta"
content_623acf258441,client_6208ef0f77,0.6884507220345266,"High Visibility, Poor CTR - Needs Better Title/Meta"
content_cea0e5f75598,client_6208ef0f77,0.6884507220345266,"High Visibility, Poor CTR - Needs Better Title/Meta"
content_1227f9ecc008,client_6208ef0f77,0.6884507220345266,"High Visibility, Poor CTR - Needs Better Title/Meta"
content_b2815591ed29,client_6208ef0f77,0.6884507220345266,"High Visibility, Poor CTR - Needs Better Title/Meta"
content_e619c1cd0a84,client_6208ef0f77,0.6884507220345266,"High Visibility, Poor CTR - Needs Better Title/Meta"
content_f9f37772c928,client_6208ef0f77,0.6883795953634363,"High Visibility, Poor CTR - Needs Better Title/Meta"
content_8f07d5e3436e,client_6208ef0f77,0.6882794345555091,"High Visibility, Poor CTR - Needs Better Title/Meta"
content_77b574053fbf,client_6208ef0f77,0.6882794345555091,"High Visibility, Poor CTR - Needs Better Title/Meta"
content_382a99af15cd,client_6208ef0f77,0.6882794345555091,"High Visibility, Poor CTR - Needs Better Title/Meta"
content_9c5bd0aa307e,client_6208ef0f77,0.6882794345555091,"High Visibility, Poor CTR - Needs Better Title/Meta"
content_b9a3ac610c64,client_8527a891e2,0.6882789688077428,"High Visibility, Poor CTR - Needs Better Title/Meta"
content_32d99307d773,client_624b60c58c,0.6882789688077428,"High Visibility, Poor CTR - Needs Better Title/Meta"
content_a7f0498840e9,client_19581e27de,0.6882789688077428,"High Visibility, Poor CTR - Needs Better Title/Meta"
content_5ce1a9d3e4d7,client_8527a891e2,0.6882509070180892,"High Visibility, Poor CTR - Needs Better Title/Meta"
content_19bb461f2c74,client_3fdba35f04,0.6882194123041583,General Decay - Review Content Quality
content_f1c32dccd6bb,client_4ec9599fc2,0.6882194123041583,General Decay - Review Content Quality
content_7947d714b3b3,client_434c9b5ae5,0.6881869507757601,"High Visibility, Poor CTR - Needs Better Title/Meta"
content_34b33e6b67e1,client_434c9b5ae5,0.6881869507757601,General Decay - Review Content Quality
content_9066e7c9a8ba,client_434c9b5ae5,0.6881869507757601,General Decay - Review Content Quality
content_ab87b527fbea,client_434c9b5ae5,0.6881869507757601,General Decay - Review Content Quality
content_c6034a87a2ac,client_6208ef0f77,0.6881825058432471,"High Visibility, Poor CTR - Needs Better Title/Meta"
content_9ecb8746cc3f,client_3fdba35f04,0.688165244949703,General Decay - Review Content Quality
content_ad3389beec5f,client_19581e27de,0.6881606868799061,General Decay - Review Content Quality
content_e7979ef7bccd,client_6208ef0f77,0.6881606868799061,General Decay - Review Content Quality
content_d1d6e32a1680,client_6208ef0f77,0.6881606868799061,General Decay - Review Content Quality
content_8bf9c4807ad7,client_8527a891e2,0.6881606868799061,General Decay - Review Content Quality
content_3eb18dd39301,client_3fdba35f04,0.6881093602570063,General Decay - Review Content Quality
content_b27db044b0e6,client_4e07408562,0.6880868227743514,"High Visibility, Poor CTR - Needs Better Title/Meta"
content_93aaf9dc4672,client_4e07408562,0.6880868158077625,"High Visibility, Poor CTR - Needs Better Title/Meta"
content_3d6153505d1f,client_6208ef0f77,0.6880840400293458,"High Visibility, Poor CTR - Needs Better Title/Meta"
content_c18b0a2a9d3a,client_0b918943df,0.6880445344284898,"High Visibility, Poor CTR - Needs Better Title/Meta"
content_edf503934290,client_4e07408562,0.6880310575536122,"High Visibility, Poor CTR - Needs Better Title/Meta"
content_a949f15c0a39,client_4ec9599fc2,0.6879887565553434,General Decay - Review Content Quality
content_4f81a5e449e2,client_6208ef0f77,0.6879160986376129,"High Visibility, Poor CTR - Needs Better Title/Meta"
content_f155a0aa9e9e,client_434c9b5ae5,0.6878957016259402,"High Visibility, Poor CTR - Needs Better Title/Meta"
content_6541b51f5396,client_6208ef0f77,0.6878827911465965,"High Visibility, Poor CTR - Needs Better Title/Meta"
content_8068af9b4bb4,client_6208ef0f77,0.6878827911465965,"High Visibility, Poor CTR - Needs Better Title/Meta"
content_2ed36f238dcb,client_3fdba35f04,0.6878744248761653,General Decay - Review Content Quality
content_4f1bbacb887d,client_3fdba35f04,0.6878125143230907,General Decay - Review Content Quality
content_9705fda30577,client_6208ef0f77,0.6877969124857415,"High Visibility, Poor CTR - Needs Better Title/Meta"
content_482e0b912805,client_6208ef0f77,0.6877752924894773,"High Visibility, Poor CTR - Needs Better Title/Meta"
content_930ca3ad40e6,client_6208ef0f77,0.6877752924894773,"High Visibility, Poor CTR - Needs Better Title/Meta"
content_ceb2a4e185d5,client_19581e27de,0.6877726234193813,General Decay - Review Content Quality
content_edde2b869b34,client_8722616204,0.6877726234193813,General Decay - Review Content Quality
content_e1e3cc5865ee,client_4ec9599fc2,0.6877588409300165,"High Visibility, Poor CTR - Needs Better Title/Meta"
content_0e823afe1a30,client_3fdba35f04,0.6877520403635324,General Decay - Review Content Quality
content_cca221690495,client_4ec9599fc2,0.6877520403635324,General Decay - Review Content Quality
content_dd67c8aed1a8,client_3fdba35f04,0.6877516386375367,General Decay - Review Content Quality
content_408b65a74313,client_6208ef0f77,0.6876020986129359,"High Visibility, Poor CTR - Needs Better Title/Meta"
content_1bf0002f60cc,client_4e07408562,0.6875165127230863,"High Visibility, Poor CTR - Needs Better Title/Meta"
content_63a23761bec4,client_6208ef0f77,0.6875035308407241,General Decay - Review Content Quality
content_4ad2ab8e5811,client_6208ef0f77,0.6874888016436459,"High Visibility, Poor CTR - Needs Better Title/Meta"
content_588ad89bda71,client_6208ef0f77,0.6874856510473737,"High Visibility, Poor CTR - Needs Better Title/Meta"
content_34c0c51255aa,client_434c9b5ae5,0.6874826271719456,"High Visibility, Poor CTR - Needs Better Title/Meta"
content_e543b6897e49,client_3fdba35f04,0.6874809921450898,"High Visibility, Poor CTR - Needs Better Title/Meta"
content_bdbec75c1148,client_7f2253d7e2,0.6874605085367759,Stale & Low CTR - Needs Content Update
content_c97bec57fee6,client_624b60c58c,0.6874502406931771,"High Visibility, Poor CTR - Needs Better Title/Meta"
content_96ae3af4f7d6,client_4ec9599fc2,0.6874434921244926,General Decay - Review Content Quality
content_649b9a0a73ab,client_4ec9599fc2,0.6874434921244926,General Decay - Review Content Quality
content_076f6797f48a,client_6208ef0f77,0.687366641639224,"High Visibility, Poor CTR - Needs Better Title/Meta"
content_025b438e8c4b,client_6208ef0f77,0.6873638739577238,"High Visibility, Poor CTR - Needs Better Title/Meta"
content_cd743418495d,client_19581e27de,0.687350312829289,"High Visibility, Poor CTR - Needs Better Title/Meta"
content_5e898a63bff9,client_6208ef0f77,0.687290402285442,"High Visibility, Poor CTR - Needs Better Title/Meta"
content_fcfb13df26bf,client_4e07408562,0.6872332379436898,General Decay - Review Content Quality
content_a52f24b243fd,client_4e07408562,0.6871884269351376,"High Visibility, Poor CTR - Needs Better Title/Meta"
content_ff8e894f6177,client_02d20bbd7e,0.6871732388114238,General Decay - Review Content Quality
content_dec919f19002,client_6208ef0f77,0.6871337092805928,"High Visibility, Poor CTR - Needs Better Title/Meta"
content_a0744f34c5d8,client_e629fa6598,0.687133696511022,General Decay - Review Content Quality
content_4340e8d66f85,client_8722616204,0.6870682998155668,"High Visibility, Poor CTR - Needs Better Title/Meta"
content_baebed7147bb,client_6208ef0f77,0.6870682998155668,"High Visibility, Poor CTR - Needs Better Title/Meta"
content_c38b6bcd8a8b,client_19581e27de,0.6870682998155668,"High Visibility, Poor CTR - Needs Better Title/Meta"
content_1fb6a9c3aea4,client_3fdba35f04,0.6870171067176412,"High Visibility, Poor CTR - Needs Better Title/Meta"
content_edcf921d40c0,client_6208ef0f77,0.6869943941999277,General Decay - Review Content Quality
content_7868341d97dd,client_6208ef0f77,0.6869915828989509,"High Visibility, Poor CTR - Needs Better Title/Meta"
content_290452092d30,client_6208ef0f77,0.6869365369335201,"High Visibility, Poor CTR - Needs Better Title/Meta"
content_7aa903b378ca,client_6208ef0f77,0.6869365369335201,"High Visibility, Poor CTR - Needs Better Title/Meta"
content_0c3c401208c4,client_6208ef0f77,0.6869365369335201,"High Visibility, Poor CTR - Needs Better Title/Meta"
content_621c9aa67a06,client_6208ef0f77,0.6869365369335201,"High Visibility, Poor CTR - Needs Better Title/Meta"
content_8af064fb600e,client_6208ef0f77,0.6869365369335201,"High Visibility, Poor CTR - Needs Better Title/Meta"
content_063858a30a0e,client_6208ef0f77,0.6869365369335201,"High Visibility, Poor CTR - Needs Better Title/Meta"
content_56370916821b,client_3fdba35f04,0.6869314124121825,"High Visibility, Poor CTR - Needs Better Title/Meta"
content_d1f90c734a60,client_3fdba35f04,0.6869026434754001,"High Visibility, Poor CTR - Needs Better Title/Meta"
content_79bb47608e63,client_6208ef0f77,0.6868304194513958,"High Visibility, Poor CTR - Needs Better Title/Meta"
content_b925c292d21b,client_bdd2d3af3a,0.6866656439067458,General Decay - Review Content Quality
content_ddf7d7516f0f,client_434c9b5ae5,0.6866656439067458,General Decay - Review Content Quality
content_c38fb35c4bf3,client_3fdba35f04,0.6866025762347568,General Decay - Review Content Quality
content_48b6c9f3e108,client_6208ef0f77,0.6865865659992949,"High Visibility, Poor CTR - Needs Better Title/Meta"
content_87c4a4fb3471,client_6208ef0f77,0.6865808557963521,"High Visibility, Poor CTR - Needs Better Title/Meta"
content_9b1bf5ce33fa,client_6208ef0f77,0.6865739198059893,"High Visibility, Poor CTR - Needs Better Title/Meta"
content_1e783d1fd0c7,client_6208ef0f77,0.686559440085401,"High Visibility, Poor CTR - Needs Better Title/Meta"
content_eea80eacb125,client_6208ef0f77,0.686559440085401,"High Visibility, Poor CTR - Needs Better Title/Meta"
content_137d10031f6f,client_6208ef0f77,0.6865409170798634,General Decay - Review Content Quality
content_f24ad3e1c775,client_8527a891e2,0.6865409170798634,General Decay - Review Content Quality
content_9c0238397980,client_3fdba35f04,0.6865134739925182,"High Visibility, Poor CTR - Needs Better Title/Meta"
content_8fced14b140f,client_3fdba35f04,0.6864825179204088,General Decay - Review Content Quality
content_dccaa61dc3e1,client_4ec9599fc2,0.6864366368983132,General Decay - Review Content Quality
content_b41cecec1cd2,client_3fdba35f04,0.6863714433495983,General Decay - Review Content Quality
content_895d410ded9e,client_4ec9599fc2,0.6863540485258051,General Decay - Review Content Quality
content_3408f65286e4,client_8527a891e2,0.6863134024011588,General Decay - Review Content Quality
content_65b7c4178e8b,client_3fdba35f04,0.6863046793939447,"High Visibility, Poor CTR - Needs Better Title/Meta"
content_c9dca4c09ae3,client_6208ef0f77,0.6862805430077685,"High Visibility, Poor CTR - Needs Better Title/Meta"
content_e4d7e61826a7,client_3fdba35f04,0.68626023395068,"High Visibility, Poor CTR - Needs Better Title/Meta"
content_e939efba0dd6,client_624b60c58c,0.6862590264702187,General Decay - Review Content Quality
content_97fd095ebfd1,client_8527a891e2,0.6862549854010116,General Decay - Review Content Quality
content_ae802e35d9a9,client_e629fa6598,0.6862549854010116,General Decay - Review Content Quality
content_3d758391f2d4,client_434c9b5ae5,0.6862525694527513,General Decay - Review Content Quality
content_3d6236696109,client_434c9b5ae5,0.6862525694527513,General Decay - Review Content Quality
content_abe37bcc8db9,client_434c9b5ae5,0.6862525694527513,General Decay - Review Content Quality
content_21db40411fd7,client_6208ef0f77,0.6862472497915406,"High Visibility, Poor CTR - Needs Better Title/Meta"
content_bffd32d0b4b1,client_7f2253d7e2,0.6862097258539989,"High Visibility, Poor CTR - Needs Better Title/Meta"
content_320e04a02a9b,client_6208ef0f77,0.6861467481799138,"High Visibility, Poor CTR - Needs Better Title/Meta"
content_250723200759,client_6208ef0f77,0.6860814260448967,"High Visibility, Poor CTR - Needs Better Title/Meta"
content_19167461a1a4,client_6208ef0f77,0.6860745856902993,"High Visibility, Poor CTR - Needs Better Title/Meta"
content_c57e62649093,client_3fdba35f04,0.6858977017123877,"High Visibility, Poor CTR - Needs Better Title/Meta"
content_ca57e92eab6a,client_3fdba35f04,0.6858719113002961,General Decay - Review Content Quality
content_213b1547a1b5,client_8722616204,0.6857987773724432,"High Visibility, Poor CTR - Needs Better Title/Meta"
content_850cfeb92f69,client_8722616204,0.6857987773724432,"High Visibility, Poor CTR - Needs Better Title/Meta"
content_9fa39c4170b0,client_6208ef0f77,0.6857166869469037,"High Visibility, Poor CTR - Needs Better Title/Meta"
content_b802794c7063,client_6208ef0f77,0.6857048305940022,"High Visibility, Poor CTR - Needs Better Title/Meta"
content_21c7b1c8405c,client_6208ef0f77,0.6857048305940022,"High Visibility, Poor CTR - Needs Better Title/Meta"
content_fa6d9f01974d,client_6208ef0f77,0.685646738237238,"High Visibility, Poor CTR - Needs Better Title/Meta"
content_cdfb5f11cb6b,client_3fdba35f04,0.6855950107671225,General Decay - Review Content Quality
content_215cb44da4ba,client_6208ef0f77,0.685575089879506,"High Visibility, Poor CTR - Needs Better Title/Meta"
content_3b7cbb3b2cc9,client_6208ef0f77,0.6855628348689854,"High Visibility, Poor CTR - Needs Better Title/Meta"
content_c1999429c1e7,client_6208ef0f77,0.6855614154812577,"High Visibility, Poor CTR - Needs Better Title/Meta"
content_d76da4b6cfc6,client_19581e27de,0.6855276163624597,General Decay - Review Content Quality
content_918ac05c14ca,client_6208ef0f77,0.6855275293559844,"High Visibility, Poor CTR - Needs Better Title/Meta"
content_f04225a5ccde,client_3fdba35f04,0.6854981372082974,"High Visibility, Poor CTR - Needs Better Title/Meta"
content_d39f9fc177de,client_3fdba35f04,0.6854932019230958,General Decay - Review Content Quality
content_d1e6814b6ae7,client_6208ef0f77,0.685470155173114,"High Visibility, Poor CTR - Needs Better Title/Meta"
content_05edd345a7f6,client_4ec9599fc2,0.6854240086982173,General Decay - Review Content Quality
content_14c19947d715,client_4ec9599fc2,0.6854240086982173,General Decay - Review Content Quality
content_643b51c0a848,client_8527a891e2,0.6853147355564029,General Decay - Review Content Quality
content_f697fc3a64e3,client_8527a891e2,0.6852949589803137,"High Visibility, Poor CTR - Needs Better Title/Meta"
content_c786af2182a2,client_3fdba35f04,0.6852678721680081,"High Visibility, Poor CTR - Needs Better Title/Meta"
content_1dff5ee30a0c,client_6208ef0f77,0.685039999618309,"High Visibility, Poor CTR - Needs Better Title/Meta"
content_1fc9279f2bf2,client_3fdba35f04,0.6849750619535174,General Decay - Review Content Quality
content_0a94139dcb0a,client_3fdba35f04,0.6849687985671686,General Decay - Review Content Quality
content_3cdff06e3724,client_6208ef0f77,0.6848684252973287,"High Visibility, Poor CTR - Needs Better Title/Meta"
content_febce0c31b33,client_19581e27de,0.6848617719356322,General Decay - Review Content Quality
content_07556723bd1d,client_6208ef0f77,0.6848429204262048,"High Visibility, Poor CTR - Needs Better Title/Meta"
content_d4b98e1f63f0,client_3fdba35f04,0.6846375194445856,General Decay - Review Content Quality
content_c3e80bcd8720,client_6208ef0f77,0.6846338168435815,"High Visibility, Poor CTR - Needs Better Title/Meta"
content_1cab25c4c54a,client_4ec9599fc2,0.684525718364755,General Decay - Review Content Quality
content_793f6390a49f,client_6208ef0f77,0.6845198641395279,"High Visibility, Poor CTR - Needs Better Title/Meta"
content_d03335217ee7,client_4ec9599fc2,0.6844874985059919,General Decay - Review Content Quality
content_deae03dc2d26,client_4e07408562,0.6844206603149766,"High Visibility, Poor CTR - Needs Better Title/Meta"
content_5d4cd0c99100,client_6208ef0f77,0.6843132950385987,"High Visibility, Poor CTR - Needs Better Title/Meta"
content_2f4a8bd98509,client_6208ef0f77,0.6842990316909251,"High Visibility, Poor CTR - Needs Better Title/Meta"
content_73998fbede9e,client_6208ef0f77,0.6841752073084817,"High Visibility, Poor CTR - Needs Better Title/Meta"
content_ab297544311a,client_6208ef0f77,0.6841447205438378,"High Visibility, Poor CTR - Needs Better Title/Meta"
content_2aa11e7419fa,client_6208ef0f77,0.6841426219137935,"High Visibility, Poor CTR - Needs Better Title/Meta"
content_f40f929de9d1,client_3fdba35f04,0.6840719492203899,General Decay - Review Content Quality
content_f7bcee6ffc33,client_02d20bbd7e,0.6840227470511262,General Decay - Review Content Quality
content_53ef2442384b,client_6208ef0f77,0.6840198491467874,General Decay - Review Content Quality
content_1e68a9e6f492,client_6208ef0f77,0.6840198491467874,General Decay - Review Content Quality
content_a5123fd22804,client_6208ef0f77,0.6840198491467874,General Decay - Review Content Quality
content_0bcf5514ae1c,client_6208ef0f77,0.6839445925743607,"High Visibility, Poor CTR - Needs Better Title/Meta"
content_2833a1b8e20f,client_19581e27de,0.6838758547847498,"High Visibility, Poor CTR - Needs Better Title/Meta"
content_c69fa1dcd1a0,client_8722616204,0.6838144907188551,General Decay - Review Content Quality
content_f17a15787969,client_6208ef0f77,0.6838144907188551,General Decay - Review Content Quality
content_35ecb8968de9,client_6208ef0f77,0.6838144907188551,General Decay - Review Content Quality
content_61bc82e3da9b,client_6208ef0f77,0.6838144907188551,General Decay - Review Content Quality
content_f002785482f9,client_8722616204,0.6838144907188551,General Decay - Review Content Quality
content_fed9e6b55be5,client_6208ef0f77,0.6838107455641641,General Decay - Review Content Quality
content_a5ee91129637,client_8527a891e2,0.6838107455641641,General Decay - Review Content Quality
content_66873a8c0e75,client_6208ef0f77,0.6837803572419238,"High Visibility, Poor CTR - Needs Better Title/Meta"
content_674c6a89998c,client_6208ef0f77,0.6837589386590105,"High Visibility, Poor CTR - Needs Better Title/Meta"
content_035aa1e4a834,client_6208ef0f77,0.6837362937196317,"High Visibility, Poor CTR - Needs Better Title/Meta"
content_eda0d694fe3b,client_6208ef0f77,0.6837362937196317,"High Visibility, Poor CTR - Needs Better Title/Meta"
content_60e808358737,client_4ec9599fc2,0.6836731626732613,General Decay - Review Content Quality
content_49f408b3547d,client_6208ef0f77,0.6836355927492898,"High Visibility, Poor CTR - Needs Better Title/Meta"
content_149f0449518c,client_3fdba35f04,0.6834917493187613,General Decay - Review Content Quality
content_8cee4570f062,client_3fdba35f04,0.6834913341506338,General Decay - Review Content Quality
content_8f523a52fa57,client_8527a891e2,0.6834495465321089,General Decay - Review Content Quality
content_cb44903ae1d9,client_6208ef0f77,0.6834388339360706,"High Visibility, Poor CTR - Needs Better Title/Meta"
content_46fec0467a1c,client_6208ef0f77,0.6834065156101831,"High Visibility, Poor CTR - Needs Better Title/Meta"
content_d173a4758ef4,client_8527a891e2,0.683380354233394,General Decay - Review Content Quality
content_c3b817ff27c7,client_6208ef0f77,0.6833610581408567,General Decay - Review Content Quality
content_d4f399323c0d,client_f74efabef1,0.6833610581408567,General Decay - Review Content Quality
content_350cfe692130,client_3fdba35f04,0.6833348753210405,General Decay - Review Content Quality
content_b951e23ff4fc,client_6208ef0f77,0.6832126983791303,"High Visibility, Poor CTR - Needs Better Title/Meta"
content_f13a486a08f2,client_8527a891e2,0.6831889539754588,"High Visibility, Poor CTR - Needs Better Title/Meta"
content_eebf0c818dea,client_4e07408562,0.6830617168307191,"High Visibility, Poor CTR - Needs Better Title/Meta"
content_8301ec0f2f68,client_4e07408562,0.6830617168307191,"High Visibility, Poor CTR - Needs Better Title/Meta"
content_b42044589109,client_6208ef0f77,0.6828564427821019,"High Visibility, Poor CTR - Needs Better Title/Meta"
content_cb3a79ae65c3,client_4ec9599fc2,0.6828000925332215,General Decay - Review Content Quality
content_c6cffac60462,client_8527a891e2,0.682791947210423,General Decay - Review Content Quality
content_b45f91ebc732,client_4e07408562,0.6826711094399817,"High Visibility, Poor CTR - Needs Better Title/Meta"
content_4ce42a2dcd09,client_6208ef0f77,0.6826230210597822,"High Visibility, Poor CTR - Needs Better Title/Meta"
content_4731832fd6a5,client_6208ef0f77,0.6826055271992718,General Decay - Review Content Quality
content_452320173d83,client_6208ef0f77,0.6825977559543993,"High Visibility, Poor CTR - Needs Better Title/Meta"
content_ebf51d7079e2,client_19581e27de,0.682579808107339,"High Visibility, Poor CTR - Needs Better Title/Meta"
content_752cca4433ce,client_3fdba35f04,0.6825633661425428,"High Visibility, Poor CTR - Needs Better Title/Meta"
content_7c7f619c8613,client_6208ef0f77,0.682562324369064,"High Visibility, Poor CTR - Needs Better Title/Meta"
content_0be9c8b657e4,client_3fdba35f04,0.6825242319608367,General Decay - Review Content Quality
content_ac1eb519d342,client_6208ef0f77,0.6824876498239347,"High Visibility, Poor CTR - Needs Better Title/Meta"
content_37d52a7d751c,client_6208ef0f77,0.6824119144131986,"High Visibility, Poor CTR - Needs Better Title/Meta"
content_995a6a2e2453,client_3fdba35f04,0.6823803234210523,General Decay - Review Content Quality
content_334c10bf5d51,client_6208ef0f77,0.6823003330706469,"High Visibility, Poor CTR - Needs Better Title/Meta"
content_9245e8999177,client_6208ef0f77,0.6822771268572332,"High Visibility, Poor CTR - Needs Better Title/Meta"
content_3a91e8048e42,client_6208ef0f77,0.6822771268572332,"High Visibility, Poor CTR - Needs Better Title/Meta"
content_b5d1fbc91005,client_6208ef0f77,0.6822077156790064,"High Visibility, Poor CTR - Needs Better Title/Meta"
content_95fce768c537,client_6208ef0f77,0.6822057458638207,"High Visibility, Poor CTR - Needs Better Title/Meta"
content_1d94287ddba7,client_3fdba35f04,0.6821392394242498,"High Visibility, Poor CTR - Needs Better Title/Meta"
content_cf0550978312,client_3fdba35f04,0.6819768029319201,General Decay - Review Content Quality
content_ae99d35f0d93,client_19581e27de,0.681873565963265,"High Visibility, Poor CTR - Needs Better Title/Meta"
content_c8300a2e0cfa,client_8527a891e2,0.6816742029039871,General Decay - Review Content Quality
content_8014b82cd382,client_8722616204,0.6816742029039871,General Decay - Review Content Quality
content_8d8fda6bc171,client_624b60c58c,0.6816742029039871,General Decay - Review Content Quality
content_303f468a9201,client_8527a891e2,0.6816742029039871,General Decay - Review Content Quality
content_640b79ec7bab,client_8722616204,0.6816742029039871,General Decay - Review Content Quality
content_01e609bf549b,client_8722616204,0.6816742029039871,General Decay - Review Content Quality
content_5eabfc22996f,client_8527a891e2,0.6816742029039871,General Decay - Review Content Quality
content_34d828937b47,client_8527a891e2,0.6816742029039871,General Decay - Review Content Quality
content_7eebad462898,client_6208ef0f77,0.6816742029039871,General Decay - Review Content Quality
content_d728f675ea22,client_3fdba35f04,0.6815907367215527,General Decay - Review Content Quality
content_3b019d75395f,client_3fdba35f04,0.6815907367215527,General Decay - Review Content Quality
content_09cfe2ef706d,client_02d20bbd7e,0.6815907367215527,General Decay - Review Content Quality
content_98459221afa0,client_6208ef0f77,0.6815198486942231,General Decay - Review Content Quality
content_467784932d6c,client_6208ef0f77,0.6815198486942231,General Decay - Review Content Quality
content_0c01adef3232,client_6208ef0f77,0.6813820802789836,"High Visibility, Poor CTR - Needs Better Title/Meta"
content_f18fc48a329a,client_3fdba35f04,0.6813796488439436,General Decay - Review Content Quality
content_ad5347f06460,client_8527a891e2,0.6812207703259887,General Decay - Review Content Quality
content_95e25fad18ab,client_8722616204,0.6812207703259887,General Decay - Review Content Quality
content_49397d7b56dd,client_19581e27de,0.6812207703259887,General Decay - Review Content Quality
content_44924d362d90,client_8527a891e2,0.6812207703259887,General Decay - Review Content Quality
content_b702aff99574,client_8722616204,0.6812207703259887,General Decay - Review Content Quality
content_603b24b79c8a,client_19581e27de,0.6811729766963603,"High Visibility, Poor CTR - Needs Better Title/Meta"
content_63ccfce0f1e1,client_d59eced1de,0.6811265635734169,"High Visibility, Poor CTR - Needs Better Title/Meta"
content_a080d332032d,client_6208ef0f77,0.6809496405490494,"High Visibility, Poor CTR - Needs Better Title/Meta"
content_a259dfc6f451,client_6208ef0f77,0.6809224126184218,"High Visibility, Poor CTR - Needs Better Title/Meta"
content_a3299043fb71,client_6208ef0f77,0.6808349595145424,"High Visibility, Poor CTR - Needs Better Title/Meta"
content_9c8299b55f3c,client_624b60c58c,0.6807846832726185,"High Visibility, Poor CTR - Needs Better Title/Meta"
content_92e746841fe5,client_6208ef0f77,0.680726624294939,General Decay - Review Content Quality
content_944b59b45a71,client_6208ef0f77,0.6806945108475365,"High Visibility, Poor CTR - Needs Better Title/Meta"
content_9f239fd94c27,client_6208ef0f77,0.680572475977057,"High Visibility, Poor CTR - Needs Better Title/Meta"
content_b6d138ee00c3,client_6208ef0f77,0.6804541344756829,"High Visibility, Poor CTR - Needs Better Title/Meta"
content_b5db993ce36a,client_6208ef0f77,0.6803741520344702,"High Visibility, Poor CTR - Needs Better Title/Meta"
content_49954239c324,client_6208ef0f77,0.6803092094767011,"High Visibility, Poor CTR - Needs Better Title/Meta"
content_b8366b9ef4e8,client_6208ef0f77,0.6802280902571645,Stale & Low CTR - Needs Content Update
content_79208359b53f,client_3fdba35f04,0.6801868665224805,"High Visibility, Poor CTR - Needs Better Title/Meta"
content_bde4edabcc9b,client_6208ef0f77,0.6801422653703852,"High Visibility, Poor CTR - Needs Better Title/Meta"
content_ebae8967617b,client_6208ef0f77,0.6801204226617716,"High Visibility, Poor CTR - Needs Better Title/Meta"
content_c414e7fd06dc,client_6208ef0f77,0.6800107137780084,General Decay - Review Content Quality
content_b49efa4db88a,client_3fdba35f04,0.6799938114766497,"High Visibility, Poor CTR - Needs Better Title/Meta"
content_d610e73159b6,client_6208ef0f77,0.6798905147586539,"High Visibility, Poor CTR - Needs Better Title/Meta"
content_73cefde1b3af,client_624b60c58c,0.6798823777427778,General Decay - Review Content Quality
content_e5b7ee456c43,client_434c9b5ae5,0.6798349489408162,"High Visibility, Poor CTR - Needs Better Title/Meta"
content_699f5e98aebb,client_6208ef0f77,0.6797239262076835,"High Visibility, Poor CTR - Needs Better Title/Meta"
content_2f63ec48a481,client_6208ef0f77,0.6796878810888307,"High Visibility, Poor CTR - Needs Better Title/Meta"
content_b3fccc13da09,client_6208ef0f77,0.679687524773538,"High Visibility, Poor CTR - Needs Better Title/Meta"
content_92be72294629,client_6208ef0f77,0.6795141985757838,"High Visibility, Poor CTR - Needs Better Title/Meta"
content_f161f19bbead,client_8527a891e2,0.6795064309424506,General Decay - Review Content Quality
content_95701ef51a46,client_6208ef0f77,0.6794687070896285,"High Visibility, Poor CTR - Needs Better Title/Meta"
content_44714dd95833,client_6208ef0f77,0.6794354554480428,"High Visibility, Poor CTR - Needs Better Title/Meta"
content_32a092716216,client_6208ef0f77,0.6792540919505596,"High Visibility, Poor CTR - Needs Better Title/Meta"
content_a84bb3900115,client_6208ef0f77,0.6792158726046462,"High Visibility, Poor CTR - Needs Better Title/Meta"
content_5a56207ca818,client_6208ef0f77,0.6791749631192845,"High Visibility, Poor CTR - Needs Better Title/Meta"
content_4af9ddad2256,client_6208ef0f77,0.6791245122960622,"High Visibility, Poor CTR - Needs Better Title/Meta"
content_99b4b14ad910,client_8722616204,0.6790342918702217,General Decay - Review Content Quality
content_669035984578,client_4ec9599fc2,0.6790165250223005,General Decay - Review Content Quality
content_2656f4c96c51,client_6208ef0f77,0.6788725272912179,"High Visibility, Poor CTR - Needs Better Title/Meta"
content_bb97d9607540,client_4ec9599fc2,0.6788647883185562,General Decay - Review Content Quality
content_69dddf76ce2a,client_3fdba35f04,0.6787800056382761,"High Visibility, Poor CTR - Needs Better Title/Meta"
content_76d8e75967bb,client_624b60c58c,0.6786820700981754,General Decay - Review Content Quality
content_47e32c52e1eb,client_3fdba35f04,0.6786656234448659,General Decay - Review Content Quality
content_ae0598c271de,client_6208ef0f77,0.6785390718490305,"High Visibility, Poor CTR - Needs Better Title/Meta"
content_ce36ef7d1317,client_6208ef0f77,0.6785390718490305,"High Visibility, Poor CTR - Needs Better Title/Meta"
content_67eabbf4ef55,client_3fdba35f04,0.6784903015651301,General Decay - Review Content Quality
content_74cb5a290484,client_6208ef0f77,0.6784877654421376,"High Visibility, Poor CTR - Needs Better Title/Meta"
content_e001aa7571ff,client_6208ef0f77,0.6784831685063974,General Decay - Review Content Quality
content_f7c3e75bbcb2,client_6208ef0f77,0.6784633532418388,"High Visibility, Poor CTR - Needs Better Title/Meta"
content_ef7fce0f32a5,client_624b60c58c,0.6784343058241283,General Decay - Review Content Quality
content_e8c602e58a42,client_4ec9599fc2,0.6784343058241283,General Decay - Review Content Quality
content_ef298285d6bb,client_8527a891e2,0.6784343058241283,General Decay - Review Content Quality
content_2997929b0fd9,client_4ec9599fc2,0.6784343058241283,General Decay - Review Content Quality
content_bc437c20d7ed,client_19581e27de,0.6783507391054003,"High Visibility, Poor CTR - Needs Better Title/Meta"
content_cc72108d3f01,client_8527a891e2,0.6782976958869658,"High Visibility, Poor CTR - Needs Better Title/Meta"
content_2551931839b1,client_4ec9599fc2,0.6782595674650852,General Decay - Review Content Quality
content_d9b960a03f9d,client_3fdba35f04,0.6782299290221963,General Decay - Review Content Quality
content_5d56a595198f,client_3fdba35f04,0.6781964293467635,General Decay - Review Content Quality
content_f1f331c3cc6c,client_6208ef0f77,0.6781581212561982,"High Visibility, Poor CTR - Needs Better Title/Meta"
content_d870d85d03bd,client_6208ef0f77,0.6781341580996473,"High Visibility, Poor CTR - Needs Better Title/Meta"
content_22f32c06ad75,client_6208ef0f77,0.6781341580996473,"High Visibility, Poor CTR - Needs Better Title/Meta"
content_47ad75f6e937,client_8527a891e2,0.6781299027012812,General Decay - Review Content Quality
content_d728128f0229,client_6208ef0f77,0.6781190560793519,General Decay - Review Content Quality
content_f49660e074e9,client_8527a891e2,0.6781139520777749,"High Visibility, Poor CTR - Needs Better Title/Meta"
content_aedb33fc5592,client_6208ef0f77,0.6781086822946192,"High Visibility, Poor CTR - Needs Better Title/Meta"
content_af1d8167bda4,client_6208ef0f77,0.6781028762367065,"High Visibility, Poor CTR - Needs Better Title/Meta"
content_54baba704595,client_6208ef0f77,0.6780727811817393,"High Visibility, Poor CTR - Needs Better Title/Meta"
content_f41fcd1fbce5,client_8722616204,0.6780379136742112,"High Visibility, Poor CTR - Needs Better Title/Meta"
content_6226ee6adc91,client_d029fa3a95,0.6780271405434884,Stale & Low CTR - Needs Content Update
content_18368918809f,client_3fdba35f04,0.6780175322414336,"High Visibility, Poor CTR - Needs Better Title/Meta"
content_bc94c0502df9,client_3fdba35f04,0.6779321292439592,General Decay - Review Content Quality
content_661ea7b86418,client_3fdba35f04,0.6779198342815046,General Decay - Review Content Quality
content_68494b5c9b20,client_3fdba35f04,0.6778712308187491,"High Visibility, Poor CTR - Needs Better Title/Meta"
content_b9e93e46d22f,client_4ec9599fc2,0.6778256712907154,General Decay - Review Content Quality
content_6fedd340cb01,client_4e07408562,0.6778256712907154,General Decay - Review Content Quality
content_a5ad9caf5d01,client_3fdba35f04,0.6778246674064067,General Decay - Review Content Quality
content_4603dd3ef656,client_6208ef0f77,0.6778177025718332,"High Visibility, Poor CTR - Needs Better Title/Meta"
content_641a0abd89f3,client_3fdba35f04,0.6777296972521143,General Decay - Review Content Quality
content_8cfdd35d1aed,client_3fdba35f04,0.6776955158452573,General Decay - Review Content Quality
content_e3d855c9f08d,client_6208ef0f77,0.6776493118660651,"High Visibility, Poor CTR - Needs Better Title/Meta"
content_044ba01c048e,client_6208ef0f77,0.6773940693475954,"High Visibility, Poor CTR - Needs Better Title/Meta"
content_44ab236094a1,client_6208ef0f77,0.6773620777195194,"High Visibility, Poor CTR - Needs Better Title/Meta"
content_59ce991ea0fe,client_6208ef0f77,0.6773620777195194,"High Visibility, Poor CTR - Needs Better Title/Meta"
content_4a6607efcb46,client_6208ef0f77,0.6773109760845035,"High Visibility, Poor CTR - Needs Better Title/Meta"
content_fc941a913840,client_3fdba35f04,0.6771957287114418,General Decay - Review Content Quality
content_b3309ef1d4aa,client_3fdba35f04,0.6771373789039993,"High Visibility, Poor CTR - Needs Better Title/Meta"
content_3904bdd49725,client_3fdba35f04,0.6771310171642243,General Decay - Review Content Quality
content_a584ed9f3d1b,client_4ec9599fc2,0.6771310171642243,General Decay - Review Content Quality
content_59aaefe913d2,client_4ec9599fc2,0.6771310171642243,General Decay - Review Content Quality
content_5bb4b343e718,client_6208ef0f77,0.6770557952818177,"High Visibility, Poor CTR - Needs Better Title/Meta"
content_41e96bf2e994,client_6208ef0f77,0.676895825758604,"High Visibility, Poor CTR - Needs Better Title/Meta"
content_bc135bf3bfed,client_6208ef0f77,0.6767639211773532,"High Visibility, Poor CTR - Needs Better Title/Meta"
content_f26254fad8aa,client_434c9b5ae5,0.6767421663723592,General Decay - Review Content Quality
content_152ec3aa462e,client_6208ef0f77,0.6767318571646191,"High Visibility, Poor CTR - Needs Better Title/Meta"
content_cf80be61ebaf,client_6208ef0f77,0.6766099211631373,General Decay - Review Content Quality
content_975258bc8e7a,client_19581e27de,0.6765914507907616,"High Visibility, Poor CTR - Needs Better Title/Meta"
content_3415015690ae,client_6208ef0f77,0.6763940450855688,"High Visibility, Poor CTR - Needs Better Title/Meta"
content_d88da354897a,client_6208ef0f77,0.6763584433233477,"High Visibility, Poor CTR - Needs Better Title/Meta"
content_00acb02df998,client_6208ef0f77,0.6763113157452618,"High Visibility, Poor CTR - Needs Better Title/Meta"
content_825b0794d188,client_02d20bbd7e,0.6762940180092605,General Decay - Review Content Quality
content_0039f35523c0,client_3fdba35f04,0.6762679403411893,General Decay - Review Content Quality
content_87f1ffe0bedb,client_19581e27de,0.6762637001830076,"High Visibility, Poor CTR - Needs Better Title/Meta"
content_e2b702f4f92b,client_4ec9599fc2,0.6762105175629359,Stale & Low CTR - Needs Content Update
content_80deebdf15f3,client_6208ef0f77,0.6761849415029455,"High Visibility, Poor CTR - Needs Better Title/Meta"
content_19c233eee601,client_19581e27de,0.6761702580880115,"High Visibility, Poor CTR - Needs Better Title/Meta"
content_7ec8f9ac7f88,client_6208ef0f77,0.6761619111062851,"High Visibility, Poor CTR - Needs Better Title/Meta"
content_efe1c25a4004,client_19581e27de,0.6761499175039849,"High Visibility, Poor CTR - Needs Better Title/Meta"
content_8eb07931444b,client_4e07408562,0.6760549752247422,"High Visibility, Poor CTR - Needs Better Title/Meta"
content_bf58ef9ef6ea,client_6208ef0f77,0.676026167427839,"High Visibility, Poor CTR - Needs Better Title/Meta"
content_ee2159f9e537,client_6208ef0f77,0.676026167427839,"High Visibility, Poor CTR - Needs Better Title/Meta"
content_fbc307eb7c19,client_3fdba35f04,0.6759974101498517,General Decay - Review Content Quality
content_3ac7d1a69e35,client_6208ef0f77,0.675975811060882,"High Visibility, Poor CTR - Needs Better Title/Meta"
content_6aaf114d924b,client_6208ef0f77,0.675877026644899,"High Visibility, Poor CTR - Needs Better Title/Meta"
content_d59fd5fe3b83,client_8527a891e2,0.6757762009871167,General Decay - Review Content Quality
content_d13f3441716a,client_624b60c58c,0.6757762009871167,General Decay - Review Content Quality
content_f284b1c0ce6c,client_19581e27de,0.6757711069514272,"High Visibility, Poor CTR - Needs Better Title/Meta"
content_8e7325ceab32,client_3fdba35f04,0.6757677491971696,General Decay - Review Content Quality
content_7a613373433a,client_3fdba35f04,0.6757277234866871,"High Visibility, Poor CTR - Needs Better Title/Meta"
content_4f16c23a8f8d,client_4ec9599fc2,0.6757181881890817,General Decay - Review Content Quality
content_74829d8db4f8,client_4ec9599fc2,0.6757181881890817,General Decay - Review Content Quality
content_0e32afb161b0,client_8527a891e2,0.6755932288024712,General Decay - Review Content Quality
content_a144f70b7a97,client_6208ef0f77,0.6755279846034768,General Decay - Review Content Quality
content_07d2bcd4271f,client_3fdba35f04,0.6755135512077984,General Decay - Review Content Quality
content_6da95ceaa9bb,client_4e07408562,0.6753965552078882,General Decay - Review Content Quality
content_6138b6f254ec,client_19581e27de,0.6753227684091182,General Decay - Review Content Quality
content_982515d5e840,client_3fdba35f04,0.6753045375906395,General Decay - Review Content Quality
content_f43d175de7d4,client_6208ef0f77,0.6752390998354342,"High Visibility, Poor CTR - Needs Better Title/Meta"
content_c4bbb26dde65,client_6208ef0f77,0.6752390998354342,"High Visibility, Poor CTR - Needs Better Title/Meta"
content_7430d435aa25,client_6208ef0f77,0.6751043124189571,"High Visibility, Poor CTR - Needs Better Title/Meta"
content_ea19550656ef,client_3fdba35f04,0.6749795305355728,"High Visibility, Poor CTR - Needs Better Title/Meta"
content_dea28fbca35c,client_6208ef0f77,0.6748279774091344,"High Visibility, Poor CTR - Needs Better Title/Meta"
content_2eb69e60d6f2,client_6208ef0f77,0.6748208426924251,"High Visibility, Poor CTR - Needs Better Title/Meta"
content_0457ac011a2d,client_6208ef0f77,0.6747879731952767,"High Visibility, Poor CTR - Needs Better Title/Meta"
content_d97c776ab1eb,client_6208ef0f77,0.674769586252402,"High Visibility, Poor CTR - Needs Better Title/Meta"
content_f9b5ca91c2ed,client_8527a891e2,0.6746905224820678,General Decay - Review Content Quality
content_78226cac83fd,client_8527a891e2,0.6746905224820678,General Decay - Review Content Quality
content_f297b6d960a2,client_8527a891e2,0.6746905224820678,General Decay - Review Content Quality
content_9bb60dc56269,client_6208ef0f77,0.6746702558677545,"High Visibility, Poor CTR - Needs Better Title/Meta"
content_55645c6ba68f,client_6208ef0f77,0.6746347485795685,"High Visibility, Poor CTR - Needs Better Title/Meta"
content_dedba87b4f82,client_6208ef0f77,0.6744030839898456,"High Visibility, Poor CTR - Needs Better Title/Meta"
content_09e8e354b78e,client_6208ef0f77,0.6744030839898456,"High Visibility, Poor CTR - Needs Better Title/Meta"
content_8dc1021270bf,client_4e07408562,0.6742286073775996,General Decay - Review Content Quality
content_66beb49f7302,client_6208ef0f77,0.6742195714945812,"High Visibility, Poor CTR - Needs Better Title/Meta"
content_3fb63013308d,client_6208ef0f77,0.6742195714945812,"High Visibility, Poor CTR - Needs Better Title/Meta"
content_e0876bd3d34f,client_6208ef0f77,0.6742195714945812,"High Visibility, Poor CTR - Needs Better Title/Meta"
content_ebc1218e6383,client_f369cb89fc,0.6741470905377741,General Decay - Review Content Quality
content_706c12e66041,client_6208ef0f77,0.6740177627240986,"High Visibility, Poor CTR - Needs Better Title/Meta"
content_e385f54360f9,client_3fdba35f04,0.6739721485297739,"High Visibility, Poor CTR - Needs Better Title/Meta"
content_35d63627bf3e,client_8527a891e2,0.6739601666193202,"High Visibility, Poor CTR - Needs Better Title/Meta"
content_1de45147a2be,client_6208ef0f77,0.6739383275047587,"High Visibility, Poor CTR - Needs Better Title/Meta"
content_62f2e30b7532,client_6208ef0f77,0.6739304249757541,"High Visibility, Poor CTR - Needs Better Title/Meta"
content_ef28f5b1c077,client_6208ef0f77,0.6738912569396899,"High Visibility, Poor CTR - Needs Better Title/Meta"
content_a6ed59453f30,client_6208ef0f77,0.6738027712803505,"High Visibility, Poor CTR - Needs Better Title/Meta"
content_b1c1fe8265e0,client_4ec9599fc2,0.6737319773160709,General Decay - Review Content Quality
content_47fec3bc4b6d,client_19581e27de,0.6736889319822859,"High Visibility, Poor CTR - Needs Better Title/Meta"
content_142c4c729fa4,client_6208ef0f77,0.6736567771950962,General Decay - Review Content Quality
content_e3c6685b17a8,client_3fdba35f04,0.673650320039314,"High Visibility, Poor CTR - Needs Better Title/Meta"
content_c7c93b0f5df0,client_8527a891e2,0.673611890758563,"High Visibility, Poor CTR - Needs Better Title/Meta"
content_8090fb89b242,client_624b60c58c,0.6736025737175276,General Decay - Review Content Quality
content_2a2d12213e43,client_6208ef0f77,0.6735955869605312,"High Visibility, Poor CTR - Needs Better Title/Meta"
content_6fa36617dcfc,client_6208ef0f77,0.6734796994286332,"High Visibility, Poor CTR - Needs Better Title/Meta"
content_9d46a6de5e42,client_4e07408562,0.6734495108907314,General Decay - Review Content Quality
content_ca0d5adb5e39,client_6208ef0f77,0.6734178014280543,"High Visibility, Poor CTR - Needs Better Title/Meta"
content_296e5fe48d9e,client_6208ef0f77,0.6734000251010657,"High Visibility, Poor CTR - Needs Better Title/Meta"
content_f206d84de6f6,client_6208ef0f77,0.6733444833236938,"High Visibility, Poor CTR - Needs Better Title/Meta"
content_8223440cd40c,client_6208ef0f77,0.6732689011984041,"High Visibility, Poor CTR - Needs Better Title/Meta"
content_04e0568579de,client_8722616204,0.6732262549847775,General Decay - Review Content Quality
content_756eb14c4e60,client_6208ef0f77,0.673222831046245,"High Visibility, Poor CTR - Needs Better Title/Meta"
content_1980254ef582,client_8527a891e2,0.6731537752692988,General Decay - Review Content Quality
content_fdbebc902050,client_6208ef0f77,0.6730992309802345,"High Visibility, Poor CTR - Needs Better Title/Meta"
content_444e3caf7e18,client_8527a891e2,0.6730893397616202,"High Visibility, Poor CTR - Needs Better Title/Meta"
content_ded28514e22f,client_624b60c58c,0.6730893397616202,"High Visibility, Poor CTR - Needs Better Title/Meta"
content_a92999422ab7,client_6208ef0f77,0.6730567903425196,"High Visibility, Poor CTR - Needs Better Title/Meta"
content_d8063054a5a4,client_3fdba35f04,0.6729930112479326,"High Visibility, Poor CTR - Needs Better Title/Meta"
content_124763d39ca5,client_6208ef0f77,0.6729856412695906,"High Visibility, Poor CTR - Needs Better Title/Meta"
content_d4bcbcc3da99,client_6208ef0f77,0.6727676496723569,"High Visibility, Poor CTR - Needs Better Title/Meta"
content_8f0f8bef5314,client_6208ef0f77,0.6727127729964266,"High Visibility, Poor CTR - Needs Better Title/Meta"
content_7d39781ed590,client_6208ef0f77,0.6726642535986739,"High Visibility, Poor CTR - Needs Better Title/Meta"
content_cf6c0275304e,client_6208ef0f77,0.6726602441314489,"High Visibility, Poor CTR - Needs Better Title/Meta"
content_d0aa7416f77f,client_6208ef0f77,0.6725864084474172,"High Visibility, Poor CTR - Needs Better Title/Meta"
content_2ff48634c590,client_8527a891e2,0.6725502346671999,General Decay - Review Content Quality
content_6fa19b4611d7,client_8527a891e2,0.6725502346671999,General Decay - Review Content Quality
content_d10c7372129c,client_624b60c58c,0.6725502346671999,General Decay - Review Content Quality
content_b750c2382819,client_624b60c58c,0.6725502346671999,General Decay - Review Content Quality
content_0309d85ecdc7,client_8722616204,0.6725502346671999,General Decay - Review Content Quality
content_09227e80fef5,client_8527a891e2,0.6725390028758393,General Decay - Review Content Quality
content_0113d747b1d5,client_6208ef0f77,0.6725070165575983,"High Visibility, Poor CTR - Needs Better Title/Meta"
content_8df036e4a882,client_19581e27de,0.6724747216748471,"High Visibility, Poor CTR - Needs Better Title/Meta"
content_9576e5dcef33,client_3fdba35f04,0.6724721112586789,General Decay - Review Content Quality
content_0478bd1b2fb4,client_8527a891e2,0.6722395650417405,General Decay - Review Content Quality
content_1c553add3ec3,client_6208ef0f77,0.6721166399035036,"High Visibility, Poor CTR - Needs Better Title/Meta"
content_b50b28ed43cc,client_8722616204,0.6720968020892015,General Decay - Review Content Quality
content_39678687bb17,client_8722616204,0.6720968020892015,General Decay - Review Content Quality
content_e0cd6eaa019e,client_8527a891e2,0.6720968020892015,General Decay - Review Content Quality
content_3257b9127b46,client_8722616204,0.6720968020892015,General Decay - Review Content Quality
content_8ec3c8cda334,client_6208ef0f77,0.6720626025548984,"High Visibility, Poor CTR - Needs Better Title/Meta"
content_4f2bbce56a01,client_6208ef0f77,0.672061297504008,General Decay - Review Content Quality
content_943ee32c8a3e,client_6208ef0f77,0.6720510382606817,General Decay - Review Content Quality
content_3c1d87ccf4e8,client_6208ef0f77,0.6719854214020802,General Decay - Review Content Quality
content_656738ade014,client_19581e27de,0.671982803917485,General Decay - Review Content Quality
content_8a1c6e9a25e3,client_19581e27de,0.6719065905949125,General Decay - Review Content Quality
content_b4b2ef714d68,client_6208ef0f77,0.6718515067832047,"High Visibility, Poor CTR - Needs Better Title/Meta"
content_b06905d2acaa,client_6208ef0f77,0.6717984683885593,"High Visibility, Poor CTR - Needs Better Title/Meta"
content_658f2de1b119,client_6208ef0f77,0.6717469078873977,"High Visibility, Poor CTR - Needs Better Title/Meta"
content_9d59ea30751a,client_6208ef0f77,0.6717469078873977,"High Visibility, Poor CTR - Needs Better Title/Meta"
content_4b5da02271f2,client_6208ef0f77,0.6717469078873977,"High Visibility, Poor CTR - Needs Better Title/Meta"
content_4d129af88063,client_6208ef0f77,0.6717469078873977,"High Visibility, Poor CTR - Needs Better Title/Meta"
content_8a6d91669b6a,client_6208ef0f77,0.6717469078873977,"High Visibility, Poor CTR - Needs Better Title/Meta"
content_5f809692e49a,client_6208ef0f77,0.6717469078873977,"High Visibility, Poor CTR - Needs Better Title/Meta"
content_e3129baae407,client_6208ef0f77,0.6717469078873977,"High Visibility, Poor CTR - Needs Better Title/Meta"
content_e04ed077b51c,client_6208ef0f77,0.6717469078873977,"High Visibility, Poor CTR - Needs Better Title/Meta"
content_b5db823ecaf3,client_19581e27de,0.671734490421832,"High Visibility, Poor CTR - Needs Better Title/Meta"
content_55daca2efc58,client_6208ef0f77,0.6716745410006338,"High Visibility, Poor CTR - Needs Better Title/Meta"
content_8a70a2df0ffd,client_6208ef0f77,0.6716705686516938,"High Visibility, Poor CTR - Needs Better Title/Meta"
content_4312f830abbb,client_6208ef0f77,0.6716705686516938,"High Visibility, Poor CTR - Needs Better Title/Meta"
content_cb2a0e33a759,client_6208ef0f77,0.6716705686516938,"High Visibility, Poor CTR - Needs Better Title/Meta"
content_32cfb0b2fccf,client_6208ef0f77,0.6716620982856008,"High Visibility, Poor CTR - Needs Better Title/Meta"
content_2a039ced020f,client_6208ef0f77,0.6716246806732181,"High Visibility, Poor CTR - Needs Better Title/Meta"
content_eef2cca8e3c9,client_6208ef0f77,0.6716246806732181,"High Visibility, Poor CTR - Needs Better Title/Meta"
content_43e695cf4047,client_4ec9599fc2,0.6716086778625278,General Decay - Review Content Quality
content_bdccfa73c698,client_6208ef0f77,0.6715661298140582,"High Visibility, Poor CTR - Needs Better Title/Meta"
content_ec5e5f49929b,client_6208ef0f77,0.6715331600296018,"High Visibility, Poor CTR - Needs Better Title/Meta"
content_7f8528a29025,client_6208ef0f77,0.6715251134055649,"High Visibility, Poor CTR - Needs Better Title/Meta"
content_ecddc7fa6f5c,client_6208ef0f77,0.6715056581672352,"High Visibility, Poor CTR - Needs Better Title/Meta"
content_5dc21aa83c98,client_3fdba35f04,0.6714064481283777,"High Visibility, Poor CTR - Needs Better Title/Meta"
content_ed7d20b1950d,client_19581e27de,0.6713726879921909,"High Visibility, Poor CTR - Needs Better Title/Meta"
content_609b5344f168,client_6208ef0f77,0.6712395734052027,"High Visibility, Poor CTR - Needs Better Title/Meta"
content_7452c17267ef,client_6208ef0f77,0.6712255534345652,"High Visibility, Poor CTR - Needs Better Title/Meta"
content_4b5846808b1c,client_6208ef0f77,0.6711841906634848,"High Visibility, Poor CTR - Needs Better Title/Meta"
content_8b990312ba3e,client_6208ef0f77,0.6711634949430106,"High Visibility, Poor CTR - Needs Better Title/Meta"
content_995af2ea35c2,client_6208ef0f77,0.6710563873648312,"High Visibility, Poor CTR - Needs Better Title/Meta"
content_2c15243aca37,client_6208ef0f77,0.6710284355037871,General Decay - Review Content Quality
content_dea0d86223f3,client_8527a891e2,0.6710134874544308,General Decay - Review Content Quality
content_b7553fdf4ef1,client_8527a891e2,0.6710134874544308,General Decay - Review Content Quality
content_7172c0b0a2d3,client_8527a891e2,0.6710134874544308,General Decay - Review Content Quality
content_087cb2e219f2,client_6208ef0f77,0.670954657436426,"High Visibility, Poor CTR - Needs Better Title/Meta"
content_c26ea743fe05,client_6208ef0f77,0.670954657436426,General Decay - Review Content Quality
content_3ff02328d611,client_8527a891e2,0.6709310015577653,General Decay - Review Content Quality
content_684314aa14b6,client_6208ef0f77,0.670793172440463,"High Visibility, Poor CTR - Needs Better Title/Meta"
content_db779585797d,client_624b60c58c,0.6706378598982496,General Decay - Review Content Quality
content_f1739d64d7da,client_6208ef0f77,0.6705152015478798,"High Visibility, Poor CTR - Needs Better Title/Meta"
content_6309ca5784df,client_6208ef0f77,0.6704329368447852,General Decay - Review Content Quality
content_3226811fec58,client_6208ef0f77,0.6703134541004327,"High Visibility, Poor CTR - Needs Better Title/Meta"
content_f488400fca67,client_9400f1b21c,0.6702690237089763,Stale & Low CTR - Needs Content Update
content_f48309254bb6,client_19581e27de,0.6702023609393143,"High Visibility, Poor CTR - Needs Better Title/Meta"
content_fd1c9be3a841,client_8527a891e2,0.6701696673535754,General Decay - Review Content Quality
content_612fdfb2d646,client_6208ef0f77,0.6701315861570084,General Decay - Review Content Quality
content_305322f8fc14,client_6208ef0f77,0.6701315861570084,General Decay - Review Content Quality
content_9f6a7da9fd91,client_6208ef0f77,0.6701104955722116,"High Visibility, Poor CTR - Needs Better Title/Meta"
content_f820ed3065a2,client_6208ef0f77,0.6701104955722116,"High Visibility, Poor CTR - Needs Better Title/Meta"
content_b8a57a034e50,client_6208ef0f77,0.6701104955722116,"High Visibility, Poor CTR - Needs Better Title/Meta"
content_0e2489f0423e,client_6208ef0f77,0.6701104955722116,"High Visibility, Poor CTR - Needs Better Title/Meta"
content_1e355e0f503d,client_6208ef0f77,0.6699224825743851,General Decay - Review Content Quality
content_7b06c3ec3b03,client_4ec9599fc2,0.6699102252023418,General Decay - Review Content Quality
content_dd8e3a104de6,client_6208ef0f77,0.6698471846208953,General Decay - Review Content Quality
content_d02fcc3c5566,client_6208ef0f77,0.6698471846208953,General Decay - Review Content Quality
content_2d22e0215964,client_8527a891e2,0.6698223533211894,"High Visibility, Poor CTR - Needs Better Title/Meta"
content_a6568a7c07d7,client_6208ef0f77,0.6697771326387236,"High Visibility, Poor CTR - Needs Better Title/Meta"
content_f486371a03ec,client_6208ef0f77,0.6697286132409708,"High Visibility, Poor CTR - Needs Better Title/Meta"
content_1ae0e4e09d38,client_6208ef0f77,0.6697286132409708,"High Visibility, Poor CTR - Needs Better Title/Meta"
content_17869d321caa,client_6208ef0f77,0.6697186850717581,"High Visibility, Poor CTR - Needs Better Title/Meta"
content_b9383c4e20d3,client_7f2253d7e2,0.6696014215074608,"High Visibility, Poor CTR - Needs Better Title/Meta"
content_8414e2cf0509,client_3fdba35f04,0.6696009630252775,"High Visibility, Poor CTR - Needs Better Title/Meta"
content_fcee5ce966d3,client_6208ef0f77,0.6695754896490312,"High Visibility, Poor CTR - Needs Better Title/Meta"
content_e6c0c4e9ae59,client_8527a891e2,0.6695410012789454,General Decay - Review Content Quality
content_758eff1f6ae9,client_3fdba35f04,0.6693106242850084,General Decay - Review Content Quality
content_16a2d52cd13b,client_624b60c58c,0.6692640967554556,General Decay - Review Content Quality
content_79d9be0009f0,client_3fdba35f04,0.6692469738684974,"High Visibility, Poor CTR - Needs Better Title/Meta"
content_d5b605d1d6fc,client_6208ef0f77,0.6691428610170809,"High Visibility, Poor CTR - Needs Better Title/Meta"
content_e065718fcc12,client_6208ef0f77,0.6690885095076363,General Decay - Review Content Quality
content_618e46af6ba7,client_6208ef0f77,0.6690885095076363,"High Visibility, Poor CTR - Needs Better Title/Meta"
content_961bb71c7bbc,client_6208ef0f77,0.6690885095076363,"High Visibility, Poor CTR - Needs Better Title/Meta"
content_db9707562907,client_434c9b5ae5,0.6690327023855184,General Decay - Review Content Quality
content_afabd7346730,client_6208ef0f77,0.6690298449677485,General Decay - Review Content Quality
content_3581e6ef3e2a,client_6208ef0f77,0.668980811389488,"High Visibility, Poor CTR - Needs Better Title/Meta"
content_d72e17fe656d,client_6208ef0f77,0.668980811389488,"High Visibility, Poor CTR - Needs Better Title/Meta"
content_58c8c8598fd5,client_7f2253d7e2,0.6689784833733192,"High Visibility, Poor CTR - Needs Better Title/Meta"
content_df4fe7b483b9,client_19581e27de,0.6688273056928787,"High Visibility, Poor CTR - Needs Better Title/Meta"
content_a8619148cedd,client_3fdba35f04,0.6687736513817043,General Decay - Review Content Quality
content_691fc6b910e6,client_6208ef0f77,0.6687692769883767,Stale & Low CTR - Needs Content Update
content_36509478ff9c,client_6208ef0f77,0.6687357746423204,General Decay - Review Content Quality
content_c56286304830,client_3fdba35f04,0.6686520612054475,General Decay - Review Content Quality
content_278dbd3042fa,client_3fdba35f04,0.6686520612054475,General Decay - Review Content Quality
content_8cd0ff1ff7f7,client_6208ef0f77,0.6686461280907863,"High Visibility, Poor CTR - Needs Better Title/Meta"
content_d6c6505163b2,client_6208ef0f77,0.6686184705661039,"High Visibility, Poor CTR - Needs Better Title/Meta"
content_eb93b810c87b,client_3fdba35f04,0.6685625604731419,General Decay - Review Content Quality
content_6dfc5ae7b202,client_624b60c58c,0.6684947727695403,"High Visibility, Poor CTR - Needs Better Title/Meta"
content_d68863c1ca61,client_6208ef0f77,0.6684785315356032,"High Visibility, Poor CTR - Needs Better Title/Meta"
content_094930088da6,client_6208ef0f77,0.6684300121378505,"High Visibility, Poor CTR - Needs Better Title/Meta"
content_dba040df6919,client_6208ef0f77,0.6684300121378505,"High Visibility, Poor CTR - Needs Better Title/Meta"
content_efcca4291abe,client_6208ef0f77,0.6684300121378505,"High Visibility, Poor CTR - Needs Better Title/Meta"
content_35c28bac57e9,client_6208ef0f77,0.66836347563526,"High Visibility, Poor CTR - Needs Better Title/Meta"
content_f11e974ebf4b,client_8527a891e2,0.6683027127743425,General Decay - Review Content Quality
content_b143a96bc224,client_6208ef0f77,0.6682870299512156,General Decay - Review Content Quality
content_9b6603da9999,client_8722616204,0.6682654382282187,General Decay - Review Content Quality
content_4ab3f3be7f49,client_6208ef0f77,0.6682144281399645,"High Visibility, Poor CTR - Needs Better Title/Meta"
content_05b76f80d5eb,client_6208ef0f77,0.6682144281399645,"High Visibility, Poor CTR - Needs Better Title/Meta"
content_a75273435f50,client_6208ef0f77,0.6682144281399645,"High Visibility, Poor CTR - Needs Better Title/Meta"
content_e752a4e03dd3,client_6208ef0f77,0.6681326183539528,"High Visibility, Poor CTR - Needs Better Title/Meta"
content_1feea8df86a5,client_6208ef0f77,0.6681185429225401,"High Visibility, Poor CTR - Needs Better Title/Meta"
content_321ecbe651a7,client_19581e27de,0.6680836300281584,"High Visibility, Poor CTR - Needs Better Title/Meta"
content_0628102f4044,client_434c9b5ae5,0.6680574952464533,"High Visibility, Poor CTR - Needs Better Title/Meta"
content_dabc9953dae7,client_8527a891e2,0.6680563346455954,General Decay - Review Content Quality
content_448b237a29da,client_6208ef0f77,0.6679707764048328,"High Visibility, Poor CTR - Needs Better Title/Meta"
content_53446552be95,client_6208ef0f77,0.6679096500884234,"High Visibility, Poor CTR - Needs Better Title/Meta"
content_3f5c13f7d487,client_6208ef0f77,0.6679014925767872,"High Visibility, Poor CTR - Needs Better Title/Meta"
content_e3b5918900c2,client_6208ef0f77,0.6678761003798589,"High Visibility, Poor CTR - Needs Better Title/Meta"
content_6f2194f42b53,client_6208ef0f77,0.6677950169430872,"High Visibility, Poor CTR - Needs Better Title/Meta"
content_4a646c9d7475,client_6208ef0f77,0.6677945974906605,"High Visibility, Poor CTR - Needs Better Title/Meta"
content_23c5b757d704,client_02d20bbd7e,0.6677936402454193,General Decay - Review Content Quality
content_f2011d0e4e74,client_19581e27de,0.6677839482754172,General Decay - Review Content Quality
content_109f8f7c9d39,client_6208ef0f77,0.6677297915468398,"High Visibility, Poor CTR - Needs Better Title/Meta"
content_4614cad64754,client_4ec9599fc2,0.6675943888859186,General Decay - Review Content Quality
content_0c765bb8ec5d,client_6208ef0f77,0.6675324391521289,"High Visibility, Poor CTR - Needs Better Title/Meta"
content_f62c1f977a01,client_6208ef0f77,0.6674666262884814,"High Visibility, Poor CTR - Needs Better Title/Meta"
content_625731272085,client_19581e27de,0.6674075684357476,"High Visibility, Poor CTR - Needs Better Title/Meta"
content_9d34d7ce11c4,client_6208ef0f77,0.6673221075979202,"High Visibility, Poor CTR - Needs Better Title/Meta"
content_7e1f78c66a44,client_8527a891e2,0.6673180533451499,"High Visibility, Poor CTR - Needs Better Title/Meta"
content_4c8ea2454a36,client_6208ef0f77,0.6673009078122304,"High Visibility, Poor CTR - Needs Better Title/Meta"
content_33ff31dd0c82,client_6208ef0f77,0.6672953129825864,"High Visibility, Poor CTR - Needs Better Title/Meta"
content_e82d8d94b98c,client_3fdba35f04,0.6672774778472774,General Decay - Review Content Quality
content_c30c8488c0d1,client_4e07408562,0.6672699583115401,General Decay - Review Content Quality
content_6afa1847de23,client_6208ef0f77,0.6672575227058581,"High Visibility, Poor CTR - Needs Better Title/Meta"
content_9d91845c81bf,client_6208ef0f77,0.6670364421067048,"High Visibility, Poor CTR - Needs Better Title/Meta"
content_63844289113b,client_6208ef0f77,0.6669158270368439,"High Visibility, Poor CTR - Needs Better Title/Meta"
content_1a0d2b167a04,client_6208ef0f77,0.666905559878075,"High Visibility, Poor CTR - Needs Better Title/Meta"
content_ce40481d43a2,client_6208ef0f77,0.666905559878075,"High Visibility, Poor CTR - Needs Better Title/Meta"
content_295cfd51e2cf,client_6208ef0f77,0.6667473566217729,"High Visibility, Poor CTR - Needs Better Title/Meta"
content_15a444ef7e12,client_6208ef0f77,0.6667093678727114,General Decay - Review Content Quality
content_84bedcadb00b,client_6208ef0f77,0.6666355898053503,"High Visibility, Poor CTR - Needs Better Title/Meta"
content_99291453fe51,client_4ec9599fc2,0.666634714528274,General Decay - Review Content Quality
content_7facccc4d115,client_6208ef0f77,0.6666186299602542,"High Visibility, Poor CTR - Needs Better Title/Meta"
content_da708a6f57ff,client_8527a891e2,0.6665589064429425,General Decay - Review Content Quality
content_ff4f2f542546,client_624b60c58c,0.6665546180553154,General Decay - Review Content Quality
content_6061fcc16d85,client_3fdba35f04,0.6665546180553154,General Decay - Review Content Quality
content_3693ab0b0f2f,client_19581e27de,0.6665221867668475,"High Visibility, Poor CTR - Needs Better Title/Meta"
content_af1794a9ace6,client_19581e27de,0.6665221867668475,"High Visibility, Poor CTR - Needs Better Title/Meta"
content_990df00f57b7,client_19581e27de,0.6664365648455529,"High Visibility, Poor CTR - Needs Better Title/Meta"
content_828ec809b205,client_8527a891e2,0.6664365648455529,General Decay - Review Content Quality
content_3fa23f876da6,client_6208ef0f77,0.6664337682221246,"High Visibility, Poor CTR - Needs Better Title/Meta"
content_783762262329,client_6208ef0f77,0.666426486222727,General Decay - Review Content Quality
content_d65d57ac03ab,client_6208ef0f77,0.6663268594342695,"High Visibility, Poor CTR - Needs Better Title/Meta"
content_1cd4d043f993,client_8527a891e2,0.6663252744027717,General Decay - Review Content Quality
content_bf738ccfd3ff,client_6208ef0f77,0.6663052677112726,General Decay - Review Content Quality
content_954a68707b9e,client_6208ef0f77,0.6663052677112726,General Decay - Review Content Quality
content_08366e95bd39,client_8527a891e2,0.6662820254705349,General Decay - Review Content Quality
content_80963ab19b76,client_6208ef0f77,0.666253954986183,General Decay - Review Content Quality
content_a88e7fcb96bd,client_6208ef0f77,0.6661725567405614,"High Visibility, Poor CTR - Needs Better Title/Meta"
content_84d4fd5b082a,client_624b60c58c,0.666164308434649,"High Visibility, Poor CTR - Needs Better Title/Meta"
content_39b320079448,client_d59eced1de,0.6660017006738197,General Decay - Review Content Quality
content_dcba430284bf,client_6208ef0f77,0.6659967118794659,"High Visibility, Poor CTR - Needs Better Title/Meta"
content_41eb625c4aca,client_434c9b5ae5,0.665978577053904,General Decay - Review Content Quality
content_31b0eb7d0ce8,client_4ec9599fc2,0.6659495974423028,General Decay - Review Content Quality
content_3f30e812f2e7,client_624b60c58c,0.6659495974423028,General Decay - Review Content Quality
content_2bf8d468839c,client_6208ef0f77,0.665948192481713,"High Visibility, Poor CTR - Needs Better Title/Meta"
content_3e15844feb83,client_6208ef0f77,0.6659312744345314,"High Visibility, Poor CTR - Needs Better Title/Meta"
content_e08b0d03b72b,client_4ec9599fc2,0.6658832970317544,General Decay - Review Content Quality
content_71b7ee813988,client_6208ef0f77,0.6657603090763256,"High Visibility, Poor CTR - Needs Better Title/Meta"
content_83474c046810,client_6208ef0f77,0.665732608483827,"High Visibility, Poor CTR - Needs Better Title/Meta"
content_f93df1a77c96,client_6208ef0f77,0.665732608483827,"High Visibility, Poor CTR - Needs Better Title/Meta"
content_5f6eb48cf474,client_6208ef0f77,0.665732608483827,"High Visibility, Poor CTR - Needs Better Title/Meta"
content_c8353bb0e3ef,client_4ec9599fc2,0.6656981345120425,General Decay - Review Content Quality
content_7b949ba4ab8b,client_6208ef0f77,0.665639113670114,General Decay - Review Content Quality
content_264eb37f89e7,client_6208ef0f77,0.665639113670114,"High Visibility, Poor CTR - Needs Better Title/Meta"
content_758a89548943,client_3fdba35f04,0.665604782570534,"High Visibility, Poor CTR - Needs Better Title/Meta"
content_5021c9814581,client_3fdba35f04,0.6655250676712599,General Decay - Review Content Quality
content_ce89c78c756e,client_3fdba35f04,0.6655196817266621,"High Visibility, Poor CTR - Needs Better Title/Meta"
content_2c89a50beb66,client_6208ef0f77,0.6655037881548519,General Decay - Review Content Quality
content_eea0194e50eb,client_19581e27de,0.665499369285021,"High Visibility, Poor CTR - Needs Better Title/Meta"
content_f03ad19b39e0,client_6208ef0f77,0.6654300100874907,General Decay - Review Content Quality
content_7f03ffbf817a,client_6208ef0f77,0.6654084183644939,General Decay - Review Content Quality
content_384f92a94aee,client_8527a891e2,0.6653806456127402,"High Visibility, Poor CTR - Needs Better Title/Meta"
content_d68bd67315c8,client_6208ef0f77,0.6653773365275539,"High Visibility, Poor CTR - Needs Better Title/Meta"
content_3768fac391de,client_6208ef0f77,0.665344649761785,General Decay - Review Content Quality
content_b6252ab3a378,client_3fdba35f04,0.6652780240781605,General Decay - Review Content Quality
content_d4c047dde584,client_3fdba35f04,0.6652780240781605,General Decay - Review Content Quality
content_95f61c3874fe,client_6208ef0f77,0.6652164377676715,"High Visibility, Poor CTR - Needs Better Title/Meta"
content_f0325c124ec2,client_6208ef0f77,0.6651993147818707,General Decay - Review Content Quality
content_a99b34711704,client_6208ef0f77,0.6651780830049888,"High Visibility, Poor CTR - Needs Better Title/Meta"
content_a0eeb9201f04,client_19581e27de,0.665155381604267,"High Visibility, Poor CTR - Needs Better Title/Meta"
content_751307cb3f64,client_6208ef0f77,0.665067843173373,"High Visibility, Poor CTR - Needs Better Title/Meta"
content_51a5eda310dd,client_3fdba35f04,0.6650152817494953,"High Visibility, Poor CTR - Needs Better Title/Meta"
content_20002b27ae80,client_6208ef0f77,0.6649945116667729,"High Visibility, Poor CTR - Needs Better Title/Meta"
content_51ab2032df03,client_19581e27de,0.6648804944900455,General Decay - Review Content Quality
content_d6cb79fc2e17,client_6208ef0f77,0.6648215239482276,"High Visibility, Poor CTR - Needs Better Title/Meta"
content_705b85b3ee00,client_6208ef0f77,0.6648160423906966,General Decay - Review Content Quality
content_41fd9c8c5892,client_8527a891e2,0.6648088896266424,General Decay - Review Content Quality
content_5ac6d845e451,client_e29c9c180c,0.6647535562322915,General Decay - Review Content Quality
content_4ff3642417fb,client_3fdba35f04,0.664723638973832,General Decay - Review Content Quality
content_8354c4db1f1c,client_6208ef0f77,0.6647056956269861,"High Visibility, Poor CTR - Needs Better Title/Meta"
content_c4e98c49b3c5,client_8722616204,0.6646871631680732,General Decay - Review Content Quality
content_6c76f70a8155,client_4ec9599fc2,0.6646709678597834,General Decay - Review Content Quality
content_a8fc20bec97d,client_6208ef0f77,0.6646617437584122,"High Visibility, Poor CTR - Needs Better Title/Meta"
content_10be05e1b818,client_6208ef0f77,0.6646617437584122,"High Visibility, Poor CTR - Needs Better Title/Meta"
content_11cdd31470f2,client_6208ef0f77,0.6645719816374296,"High Visibility, Poor CTR - Needs Better Title/Meta"
content_bcd1f2ff027a,client_6208ef0f77,0.66450847298439,"High Visibility, Poor CTR - Needs Better Title/Meta"
content_945ac5beb154,client_6208ef0f77,0.6643296334442852,"High Visibility, Poor CTR - Needs Better Title/Meta"
content_ffaa037af992,client_6208ef0f77,0.6642841087255417,"High Visibility, Poor CTR - Needs Better Title/Meta"
content_d3b3eb6ab1f9,client_6208ef0f77,0.6642841087255417,"High Visibility, Poor CTR - Needs Better Title/Meta"
content_969746da270d,client_8722616204,0.6642806556629567,General Decay - Review Content Quality
content_d774f47c2773,client_6208ef0f77,0.6642502226002683,"High Visibility, Poor CTR - Needs Better Title/Meta"
content_9fca7063dd52,client_6208ef0f77,0.6642488032125407,"High Visibility, Poor CTR - Needs Better Title/Meta"
content_c8e778a52755,client_19581e27de,0.6641757051384646,"High Visibility, Poor CTR - Needs Better Title/Meta"
content_d951985a1391,client_8527a891e2,0.6641749445170411,General Decay - Review Content Quality
content_8b08ec7fc725,client_8527a891e2,0.6641471920976758,General Decay - Review Content Quality
content_8e2065c2459e,client_6208ef0f77,0.6640804864820624,"High Visibility, Poor CTR - Needs Better Title/Meta"
content_dcaed25f4272,client_7f2253d7e2,0.6639328468421657,"High Visibility, Poor CTR - Needs Better Title/Meta"
content_a2fa217e191f,client_6208ef0f77,0.6637575505590216,"High Visibility, Poor CTR - Needs Better Title/Meta"
content_dafd7fb90b5b,client_4ec9599fc2,0.6635203147892497,General Decay - Review Content Quality
content_dfc0f884345a,client_6208ef0f77,0.6634561640405526,"High Visibility, Poor CTR - Needs Better Title/Meta"
content_729ef89db380,client_6208ef0f77,0.6634561640405526,"High Visibility, Poor CTR - Needs Better Title/Meta"
content_46ea88ce3b83,client_6208ef0f77,0.6633563509635623,"High Visibility, Poor CTR - Needs Better Title/Meta"
content_d0514841218d,client_6208ef0f77,0.6633422767529747,"High Visibility, Poor CTR - Needs Better Title/Meta"
content_c59a88cfdb46,client_4ec9599fc2,0.6632554186211992,General Decay - Review Content Quality
content_77d4d5930e5e,client_7f2253d7e2,0.6632030377151541,Stale & Low CTR - Needs Content Update
content_983b1cc30807,client_6208ef0f77,0.6631984287210589,"High Visibility, Poor CTR - Needs Better Title/Meta"
content_19882bd6373d,client_8527a891e2,0.6631792290032285,"High Visibility, Poor CTR - Needs Better Title/Meta"
content_9ebf12976038,client_6208ef0f77,0.6631475586574056,"High Visibility, Poor CTR - Needs Better Title/Meta"
content_0a4b2d987e4b,client_6208ef0f77,0.6630981004708717,"High Visibility, Poor CTR - Needs Better Title/Meta"
content_8f2c10c4f379,client_6208ef0f77,0.6630479318689482,"High Visibility, Poor CTR - Needs Better Title/Meta"
content_0fc9bf9122fb,client_3fdba35f04,0.6630457857282751,General Decay - Review Content Quality
content_cf7ed01bfc99,client_3fdba35f04,0.6630152620230113,General Decay - Review Content Quality
content_4524b1ded2c3,client_6208ef0f77,0.66300594231615,"High Visibility, Poor CTR - Needs Better Title/Meta"
content_d9b5c47d0f9e,client_6208ef0f77,0.6629384550747823,"High Visibility, Poor CTR - Needs Better Title/Meta"
content_471a545c1a4b,client_3fdba35f04,0.6629153249099705,General Decay - Review Content Quality
content_aeecaf63b74f,client_4ec9599fc2,0.6628610850441682,General Decay - Review Content Quality
content_94b131e1af07,client_6208ef0f77,0.6628154483432787,"High Visibility, Poor CTR - Needs Better Title/Meta"
content_e812e80a0de8,client_6208ef0f77,0.6627965584995564,"High Visibility, Poor CTR - Needs Better Title/Meta"
content_ae62a4fba956,client_7f2253d7e2,0.6627917150914492,"High Visibility, Poor CTR - Needs Better Title/Meta"
content_c4a655c62f37,client_624b60c58c,0.6627715539898709,"High Visibility, Poor CTR - Needs Better Title/Meta"
content_026300c5cc1e,client_3fdba35f04,0.6627541429526118,General Decay - Review Content Quality
content_433e980f7076,client_3fdba35f04,0.6627541429526118,General Decay - Review Content Quality
content_c79f62fbd5a1,client_6208ef0f77,0.6627360374992618,"High Visibility, Poor CTR - Needs Better Title/Meta"
content_3728ab9836d3,client_6208ef0f77,0.6626295422008363,"High Visibility, Poor CTR - Needs Better Title/Meta"
content_10bc1c036346,client_6208ef0f77,0.6626081329807048,"High Visibility, Poor CTR - Needs Better Title/Meta"
content_5c22e6455800,client_4ec9599fc2,0.6625855100140794,General Decay - Review Content Quality
content_df1fdc78c5be,client_6208ef0f77,0.6625162452315463,General Decay - Review Content Quality
content_43b40ab6bbfb,client_6208ef0f77,0.6625091330979122,"High Visibility, Poor CTR - Needs Better Title/Meta"
content_3538e71354dc,client_4e07408562,0.6625056341597174,"High Visibility, Poor CTR - Needs Better Title/Meta"
content_f73a78acccc3,client_6208ef0f77,0.6625031956447138,General Decay - Review Content Quality
content_c3a415aefc2d,client_8527a891e2,0.6624405039435627,General Decay - Review Content Quality
content_00510154d432,client_3fdba35f04,0.6623157945527987,"High Visibility, Poor CTR - Needs Better Title/Meta"
content_dff3a7e0db49,client_6208ef0f77,0.6622590021248291,"High Visibility, Poor CTR - Needs Better Title/Meta"
content_bc805f67c328,client_4ec9599fc2,0.6621749949709459,General Decay - Review Content Quality
content_d2a3eff9a970,client_3fdba35f04,0.6621749949709459,General Decay - Review Content Quality
content_3596dbcf83da,client_1a6562590e,0.6621749949709459,General Decay - Review Content Quality
content_2ba4b9c76714,client_6208ef0f77,0.662126443740717,"High Visibility, Poor CTR - Needs Better Title/Meta"
content_d39f11da091b,client_6208ef0f77,0.6620703859677194,"High Visibility, Poor CTR - Needs Better Title/Meta"
content_420f30e62d90,client_8527a891e2,0.6620659097997934,General Decay - Review Content Quality
content_7e9948d35d26,client_8722616204,0.6620236046734693,General Decay - Review Content Quality
content_fd93c477fff0,client_f369cb89fc,0.6620122284444565,"High Visibility, Poor CTR - Needs Better Title/Meta"
content_85fd92fe33ef,client_8527a891e2,0.6619738151624479,General Decay - Review Content Quality
content_cabee522a468,client_4ec9599fc2,0.6619661025090595,General Decay - Review Content Quality
content_2ffd442e361b,client_6208ef0f77,0.6619490840365936,"High Visibility, Poor CTR - Needs Better Title/Meta"
content_17e4e0d30ff5,client_6208ef0f77,0.6619419789395461,"High Visibility, Poor CTR - Needs Better Title/Meta"
content_11da248ff221,client_d029fa3a95,0.6619399507762216,Stale & Low CTR - Needs Content Update
content_1a4ae9dc2f72,client_d029fa3a95,0.6619399507762216,Stale & Low CTR - Needs Content Update
content_0173fb0dc986,client_d029fa3a95,0.6619399507762216,Stale & Low CTR - Needs Content Update
content_d5fe8e70ce86,client_d029fa3a95,0.6619399507762216,Stale & Low CTR - Needs Content Update
content_56d7248c0b43,client_d029fa3a95,0.6619399507762216,Stale & Low CTR - Needs Content Update
content_3ecbb0944cbf,client_d029fa3a95,0.6619399507762216,Stale & Low CTR - Needs Content Update
content_aed00c791cf9,client_4ec9599fc2,0.6619353084656937,General Decay - Review Content Quality
content_46d1d96a365d,client_8527a891e2,0.6619353084656937,General Decay - Review Content Quality
content_df1fa766cac2,client_9400f1b21c,0.6618336921368579,Stale & Low CTR - Needs Content Update
content_1b3514e82b59,client_6208ef0f77,0.6618280916519681,"High Visibility, Poor CTR - Needs Better Title/Meta"
content_6baf06e6e0f1,client_8527a891e2,0.6617705765352839,General Decay - Review Content Quality
content_ad79628ea677,client_8527a891e2,0.6617123290524113,General Decay - Review Content Quality
content_fc57ac5c3a0d,client_6208ef0f77,0.6616503450278731,"High Visibility, Poor CTR - Needs Better Title/Meta"
content_873621db1cd6,client_4e07408562,0.6616167123315823,General Decay - Review Content Quality
content_31ba0aebc4d0,client_6208ef0f77,0.6615505229372489,"High Visibility, Poor CTR - Needs Better Title/Meta"
content_3a79e7b36ad6,client_3fdba35f04,0.6614775489754572,General Decay - Review Content Quality
content_ec73037020e6,client_3fdba35f04,0.6614775489754572,General Decay - Review Content Quality
content_46b39282a7ee,client_3fdba35f04,0.6614775489754572,General Decay - Review Content Quality
content_6498e4cc835a,client_3fdba35f04,0.6614775489754572,General Decay - Review Content Quality
content_a3d42ebe6926,client_4ec9599fc2,0.6614775489754572,General Decay - Review Content Quality
content_aa9804bfd2d0,client_3fdba35f04,0.6614775489754572,General Decay - Review Content Quality
content_e003b4eaa80a,client_3fdba35f04,0.6614775489754572,General Decay - Review Content Quality
content_5603023f7224,client_3fdba35f04,0.6614775489754572,General Decay - Review Content Quality
content_c0d07cddf157,client_3fdba35f04,0.6614775489754572,General Decay - Review Content Quality
content_3546c7b868f1,client_19581e27de,0.661420891728171,"High Visibility, Poor CTR - Needs Better Title/Meta"
content_d6294a8a1685,client_6208ef0f77,0.6613849424028087,"High Visibility, Poor CTR - Needs Better Title/Meta"
content_de2940f76414,client_3fdba35f04,0.6613322714080582,"High Visibility, Poor CTR - Needs Better Title/Meta"
content_ce5eefe9fae2,client_f369cb89fc,0.6612569637670507,General Decay - Review Content Quality
content_3f29e7dc1465,client_3fdba35f04,0.661153024131395,General Decay - Review Content Quality
content_ee16a6223688,client_6208ef0f77,0.661132016343438,General Decay - Review Content Quality
content_c5457c3ee4bd,client_6208ef0f77,0.6611160590741061,"High Visibility, Poor CTR - Needs Better Title/Meta"
content_481a5b957b11,client_6208ef0f77,0.660974150561024,"High Visibility, Poor CTR - Needs Better Title/Meta"
content_e29f60c32881,client_6208ef0f77,0.660903975780438,"High Visibility, Poor CTR - Needs Better Title/Meta"
content_78b1c955565a,client_e629fa6598,0.6608197616296032,General Decay - Review Content Quality
content_f0d98be4b42c,client_4e07408562,0.6607586322927855,"High Visibility, Poor CTR - Needs Better Title/Meta"
content_581f85ef23d3,client_6208ef0f77,0.6606591963968326,"High Visibility, Poor CTR - Needs Better Title/Meta"
content_615f9ffe9296,client_6208ef0f77,0.6606538688926368,"High Visibility, Poor CTR - Needs Better Title/Meta"
content_83263791a59e,client_6208ef0f77,0.6605781982177618,"High Visibility, Poor CTR - Needs Better Title/Meta"
content_d8376fb9539e,client_8722616204,0.6605122885098038,"High Visibility, Poor CTR - Needs Better Title/Meta"
content_e9b1a31fec8c,client_6208ef0f77,0.6604109153134208,"High Visibility, Poor CTR - Needs Better Title/Meta"
content_081e2f53e395,client_6208ef0f77,0.6602584850131887,General Decay - Review Content Quality
content_09fd5aa2c7d5,client_6208ef0f77,0.6602447108684453,"High Visibility, Poor CTR - Needs Better Title/Meta"
content_ee55ce453594,client_19581e27de,0.660228179553868,"High Visibility, Poor CTR - Needs Better Title/Meta"
content_e7934f79c694,client_3fdba35f04,0.6601956780926399,"High Visibility, Poor CTR - Needs Better Title/Meta"
content_c2d929d83eaa,client_7f2253d7e2,0.6601725516288388,Stale & Low CTR - Needs Content Update
content_f38b1995eb3a,client_8527a891e2,0.6601537004549333,"High Visibility, Poor CTR - Needs Better Title/Meta"
content_e26c69b93667,client_6208ef0f77,0.6599184835054275,General Decay - Review Content Quality
content_92e4ff85d469,client_6208ef0f77,0.6599145085969296,"High Visibility, Poor CTR - Needs Better Title/Meta"
content_742a93b7e9d5,client_6208ef0f77,0.6599145085969296,"High Visibility, Poor CTR - Needs Better Title/Meta"
content_d40c4eb311c0,client_3fdba35f04,0.6599041551672294,General Decay - Review Content Quality
content_a466b8ddcbbf,client_6208ef0f77,0.6598707573018021,"High Visibility, Poor CTR - Needs Better Title/Meta"
content_d0badc80c9f1,client_6208ef0f77,0.6598685648985723,General Decay - Review Content Quality
content_d661e9eee4b6,client_d029fa3a95,0.6597996629613536,Stale & Low CTR - Needs Content Update
content_0af51f20a3da,client_d029fa3a95,0.6597996629613536,Stale & Low CTR - Needs Content Update
content_9b7a283bd1c9,client_d029fa3a95,0.6597996629613536,Stale & Low CTR - Needs Content Update
content_b81e0f46cea9,client_d029fa3a95,0.6597996629613536,Stale & Low CTR - Needs Content Update
content_b57917487e5a,client_d029fa3a95,0.6597996629613536,Stale & Low CTR - Needs Content Update
content_20110cdfc619,client_3fdba35f04,0.659677535266905,"High Visibility, Poor CTR - Needs Better Title/Meta"
content_95ed93a83f93,client_6208ef0f77,0.659548515515996,"High Visibility, Poor CTR - Needs Better Title/Meta"
content_8303580796f9,client_3fdba35f04,0.6595431676524484,General Decay - Review Content Quality
content_6b56a0830317,client_0b918943df,0.6595318041676284,General Decay - Review Content Quality
content_4a50087c06cb,client_6208ef0f77,0.6595215426605984,"High Visibility, Poor CTR - Needs Better Title/Meta"
content_481069f86108,client_8527a891e2,0.6594236768047048,"High Visibility, Poor CTR - Needs Better Title/Meta"
content_a2af364e7667,client_3fdba35f04,0.6592453106255718,General Decay - Review Content Quality
content_f562786a3f25,client_434c9b5ae5,0.6592122540152943,General Decay - Review Content Quality
content_172f49e4a936,client_6208ef0f77,0.6591889765692994,"High Visibility, Poor CTR - Needs Better Title/Meta"
content_1eb7da13edaf,client_3fdba35f04,0.6591795220225138,General Decay - Review Content Quality
content_ec1dc95b0101,client_4ec9599fc2,0.6591071351541018,General Decay - Review Content Quality
content_9029c9f20f02,client_19581e27de,0.6590598941891802,"High Visibility, Poor CTR - Needs Better Title/Meta"
content_31caf5b41bd3,client_3fdba35f04,0.6589794993988238,General Decay - Review Content Quality
content_0dedae17b399,client_3fdba35f04,0.6587833239520875,General Decay - Review Content Quality
content_e3ff1b093148,client_d029fa3a95,0.658741324689934,Stale & Low CTR - Needs Content Update
content_730128ff8af6,client_624b60c58c,0.6587139944528615,"High Visibility, Poor CTR - Needs Better Title/Meta"
content_f8d20d27773f,client_4e07408562,0.6585764751672996,"High Visibility, Poor CTR - Needs Better Title/Meta"
content_a5a2fbc76336,client_8527a891e2,0.6585690727219717,General Decay - Review Content Quality
content_32ce847012a1,client_6208ef0f77,0.6584649527015293,"High Visibility, Poor CTR - Needs Better Title/Meta"
content_1d4f0e0d7b93,client_f74efabef1,0.6584624956558303,General Decay - Review Content Quality
content_5a8f3ec3f361,client_6208ef0f77,0.658400323495923,"High Visibility, Poor CTR - Needs Better Title/Meta"
content_25ff6043653f,client_8527a891e2,0.6583948020238191,General Decay - Review Content Quality
content_08680a075d9f,client_8527a891e2,0.6583948020238191,General Decay - Review Content Quality
content_48cecb04b88e,client_8527a891e2,0.6583948020238191,General Decay - Review Content Quality
content_67e3384da24b,client_3fdba35f04,0.6581528736507819,General Decay - Review Content Quality
content_797cb8b2c397,client_8527a891e2,0.6580977590032866,General Decay - Review Content Quality
content_6d8de6a669be,client_6208ef0f77,0.658041493076001,General Decay - Review Content Quality
content_d422a3839ecb,client_19581e27de,0.658041493076001,General Decay - Review Content Quality
content_698fe3b450ac,client_8527a891e2,0.658041493076001,General Decay - Review Content Quality
content_94d1f783deed,client_4e07408562,0.6579266215971142,"High Visibility, Poor CTR - Needs Better Title/Meta"
content_a8a42d1738e1,client_624b60c58c,0.6578572534021885,General Decay - Review Content Quality
content_f08a01075f03,client_6208ef0f77,0.6578250496088692,"High Visibility, Poor CTR - Needs Better Title/Meta"
content_64cdd152883f,client_6208ef0f77,0.6577923737355156,General Decay - Review Content Quality
content_553e061fbdb6,client_6208ef0f77,0.6577923737355156,General Decay - Review Content Quality
content_60f028266daa,client_f369cb89fc,0.657783797938098,General Decay - Review Content Quality
content_a6b8c4fb779b,client_f369cb89fc,0.657783797938098,General Decay - Review Content Quality
content_d568d1e63382,client_6208ef0f77,0.6577483457929684,"High Visibility, Poor CTR - Needs Better Title/Meta"
content_9aac6f2de8c0,client_8722616204,0.6577282770837043,General Decay - Review Content Quality
content_7a49e476dea2,client_8722616204,0.6577282770837043,General Decay - Review Content Quality
content_252c9fb06d60,client_8722616204,0.6576767739836926,General Decay - Review Content Quality
content_0b508cdc922a,client_6208ef0f77,0.6575832701528923,General Decay - Review Content Quality
content_41636666dbe3,client_3fdba35f04,0.6575392764297302,"High Visibility, Poor CTR - Needs Better Title/Meta"
content_5d93f3338fad,client_6208ef0f77,0.657457786147038,"High Visibility, Poor CTR - Needs Better Title/Meta"
content_69ce2b6411b3,client_6208ef0f77,0.657408794887339,General Decay - Review Content Quality
content_130c9d60b528,client_7f2253d7e2,0.6574084282071,"High Visibility, Poor CTR - Needs Better Title/Meta"
content_ace1680995f5,client_8527a891e2,0.6573225557689194,General Decay - Review Content Quality
content_58ada09fac74,client_6208ef0f77,0.6571736163299445,"High Visibility, Poor CTR - Needs Better Title/Meta"
content_55f4fb4808c6,client_8527a891e2,0.6569387534605917,"High Visibility, Poor CTR - Needs Better Title/Meta"
content_12f4cdf36d45,client_8527a891e2,0.6568870516481207,General Decay - Review Content Quality
content_9e5b6828d9db,client_6208ef0f77,0.6568756890615315,"High Visibility, Poor CTR - Needs Better Title/Meta"
content_7056707a3a96,client_6208ef0f77,0.65679944955763,General Decay - Review Content Quality
content_f45787e64ac2,client_4e07408562,0.6567939212784331,General Decay - Review Content Quality
content_00301091b634,client_4ec9599fc2,0.6567522782947508,General Decay - Review Content Quality
content_2d72e738a10f,client_6208ef0f77,0.6566993271889753,"High Visibility, Poor CTR - Needs Better Title/Meta"
content_b7ff130882bc,client_3fdba35f04,0.6566602486655279,"High Visibility, Poor CTR - Needs Better Title/Meta"
content_f16670ed6ccb,client_6208ef0f77,0.6566170043515426,"High Visibility, Poor CTR - Needs Better Title/Meta"
content_c07c8a4f96f4,client_02d20bbd7e,0.6565025132472466,General Decay - Review Content Quality
content_31abe4905f87,client_8722616204,0.6563519006865558,General Decay - Review Content Quality
content_35c45cb034ab,client_8527a891e2,0.6562207373015592,General Decay - Review Content Quality
content_01e6f180a032,client_8527a891e2,0.6562184923277731,General Decay - Review Content Quality
content_6de6590b5119,client_19581e27de,0.6561915731627552,"High Visibility, Poor CTR - Needs Better Title/Meta"
content_3ab1025df66a,client_3fdba35f04,0.6560339862072209,"High Visibility, Poor CTR - Needs Better Title/Meta"
content_42e063dd7f01,client_19581e27de,0.656031795163436,"High Visibility, Poor CTR - Needs Better Title/Meta"
content_abeed37df387,client_3fdba35f04,0.6559164794500612,"High Visibility, Poor CTR - Needs Better Title/Meta"
content_13cc10e066da,client_6208ef0f77,0.6557614014471266,"High Visibility, Poor CTR - Needs Better Title/Meta"
content_3455095b2ffd,client_d59eced1de,0.6557009359831035,General Decay - Review Content Quality
content_9d8938c08193,client_6208ef0f77,0.6556837185417826,"High Visibility, Poor CTR - Needs Better Title/Meta"
content_762b1eb1edd2,client_624b60c58c,0.6556757869736327,General Decay - Review Content Quality
content_a44700af797f,client_f74efabef1,0.6556196686162795,"High Visibility, Poor CTR - Needs Better Title/Meta"
content_caa7b5899897,client_6208ef0f77,0.6555890857052102,"High Visibility, Poor CTR - Needs Better Title/Meta"
content_bfd5fbed5749,client_8527a891e2,0.655477081321285,General Decay - Review Content Quality
content_88b02797ac10,client_3fdba35f04,0.6553790469198105,General Decay - Review Content Quality
content_aebca97d67b6,client_6208ef0f77,0.6553738510314602,General Decay - Review Content Quality
content_23c991971e63,client_6208ef0f77,0.6553738510314602,General Decay - Review Content Quality
content_d4e8eb6a4adb,client_3fdba35f04,0.6553161024724997,"High Visibility, Poor CTR - Needs Better Title/Meta"
content_c53eafdb8772,client_8722616204,0.6552685070724711,General Decay - Review Content Quality
content_03534877a109,client_8722616204,0.6552685070724711,General Decay - Review Content Quality
content_648501791189,client_8722616204,0.6552685070724711,General Decay - Review Content Quality
content_ab608c204a51,client_e29c9c180c,0.6552685070724711,General Decay - Review Content Quality
content_6f01dc56c2b4,client_19581e27de,0.6552582512796373,General Decay - Review Content Quality
content_a0e05ced166b,client_3fdba35f04,0.6551883377999446,"High Visibility, Poor CTR - Needs Better Title/Meta"
content_33a6f60938ab,client_8527a891e2,0.6551647474488369,"High Visibility, Poor CTR - Needs Better Title/Meta"
content_11267b0c9023,client_6208ef0f77,0.6550439439912226,"High Visibility, Poor CTR - Needs Better Title/Meta"
content_1d715ee44c14,client_6208ef0f77,0.6549987718814393,"High Visibility, Poor CTR - Needs Better Title/Meta"
content_9e0abcad7411,client_6208ef0f77,0.6548971093389788,"High Visibility, Poor CTR - Needs Better Title/Meta"
content_696f7cd298e3,client_434c9b5ae5,0.6548931863842185,"High Visibility, Poor CTR - Needs Better Title/Meta"
content_18d83d6ef368,client_7f2253d7e2,0.6548301055855247,"High Visibility, Poor CTR - Needs Better Title/Meta"
content_ef8db4dccf1f,client_6208ef0f77,0.654743807995808,"High Visibility, Poor CTR - Needs Better Title/Meta"
content_7d428d4b9435,client_6208ef0f77,0.6545937538993701,"High Visibility, Poor CTR - Needs Better Title/Meta"
content_3c9411f7646b,client_6208ef0f77,0.6545534619280563,"High Visibility, Poor CTR - Needs Better Title/Meta"
content_e00136c98eaf,client_19581e27de,0.6545534619280563,"High Visibility, Poor CTR - Needs Better Title/Meta"
content_295186bc2d8e,client_6208ef0f77,0.6545507797520426,General Decay - Review Content Quality
content_3d8327fa7935,client_6208ef0f77,0.6543557138434182,General Decay - Review Content Quality
content_3e53db8cbce1,client_6208ef0f77,0.6543416761694193,General Decay - Review Content Quality
content_04e23a62208e,client_624b60c58c,0.6542116128716877,General Decay - Review Content Quality
content_6d865ecb282a,client_8527a891e2,0.6542116128716877,General Decay - Review Content Quality
content_9bfa20e2423d,client_8722616204,0.6542116128716877,General Decay - Review Content Quality
content_ea379287633b,client_6208ef0f77,0.6541460423680111,"High Visibility, Poor CTR - Needs Better Title/Meta"
content_e2b997fb1c03,client_6208ef0f77,0.6541122825923731,General Decay - Review Content Quality
content_f5e9f7bed9f9,client_3fdba35f04,0.6539540847526668,General Decay - Review Content Quality
content_44557b9dc693,client_6208ef0f77,0.6539031790097498,General Decay - Review Content Quality
content_a1f8fe3ed192,client_6208ef0f77,0.6538223155746142,General Decay - Review Content Quality
content_81ef864fbe6f,client_6208ef0f77,0.6538072597007365,"High Visibility, Poor CTR - Needs Better Title/Meta"
content_efd6595121e0,client_8722616204,0.6537593721562565,General Decay - Review Content Quality
content_a9b751a2d0fc,client_6208ef0f77,0.6537331583467959,"High Visibility, Poor CTR - Needs Better Title/Meta"
content_7fbcb3c2bf89,client_8527a891e2,0.6537305533443604,General Decay - Review Content Quality
content_9d55fd7b3fcd,client_7f2253d7e2,0.6537283370639577,"High Visibility, Poor CTR - Needs Better Title/Meta"
content_afebc742f223,client_6208ef0f77,0.6535850914406397,General Decay - Review Content Quality
content_4e9c08766775,client_6208ef0f77,0.6535815090269168,"High Visibility, Poor CTR - Needs Better Title/Meta"
content_78c5a03d7736,client_6208ef0f77,0.6534636282892231,"High Visibility, Poor CTR - Needs Better Title/Meta"
content_0043afd4da06,client_19581e27de,0.6533759878580164,General Decay - Review Content Quality
content_1cda9ca37c2d,client_6208ef0f77,0.6533759878580164,General Decay - Review Content Quality
content_9935b649795f,client_8527a891e2,0.6533367935064172,General Decay - Review Content Quality
content_cbf9656ef485,client_6208ef0f77,0.6532892113129555,General Decay - Review Content Quality
content_da96396814db,client_6208ef0f77,0.6531265462528648,"High Visibility, Poor CTR - Needs Better Title/Meta"
content_a2c09f3b23c1,client_6208ef0f77,0.6531265462528648,"High Visibility, Poor CTR - Needs Better Title/Meta"
content_e3961acd7739,client_6208ef0f77,0.6531170794509528,General Decay - Review Content Quality
content_343da68385ec,client_6208ef0f77,0.6531072660490729,"High Visibility, Poor CTR - Needs Better Title/Meta"
content_330a9f2d60d6,client_624b60c58c,0.6530392386864172,General Decay - Review Content Quality
content_5ce3e322ef45,client_8722616204,0.6530392386864172,General Decay - Review Content Quality
content_db75f42ccc18,client_8722616204,0.6530392386864172,General Decay - Review Content Quality
content_666322f6ad11,client_8722616204,0.6530392386864172,General Decay - Review Content Quality
content_fd3aafde5713,client_6208ef0f77,0.6530392386864172,General Decay - Review Content Quality
content_392ea1b60f6a,client_6208ef0f77,0.6530240044265474,General Decay - Review Content Quality
content_1409266736ef,client_4ec9599fc2,0.653005648113431,General Decay - Review Content Quality
content_58a109c09f8d,client_6208ef0f77,0.6530019264712104,"High Visibility, Poor CTR - Needs Better Title/Meta"
content_df85ad600423,client_6208ef0f77,0.6529970910930978,"High Visibility, Poor CTR - Needs Better Title/Meta"
content_6c0f53f2f180,client_624b60c58c,0.6528727626715116,General Decay - Review Content Quality
content_a58229c4f2ee,client_4ec9599fc2,0.6528727626715116,General Decay - Review Content Quality
content_5a3ff6c13f43,client_8527a891e2,0.6528727626715116,General Decay - Review Content Quality
content_e3bf40f57461,client_6208ef0f77,0.652826076824115,General Decay - Review Content Quality
content_a34d943a132c,client_d029fa3a95,0.6528159825394343,Stale & Low CTR - Needs Content Update
content_9106162c6861,client_d029fa3a95,0.6528159825394343,Stale & Low CTR - Needs Content Update
content_cb6def8a18a2,client_624b60c58c,0.6527372873396792,General Decay - Review Content Quality
content_c603f96701f4,client_624b60c58c,0.6527307837496226,General Decay - Review Content Quality
content_26566ec22c0c,client_6208ef0f77,0.6525545635188739,"High Visibility, Poor CTR - Needs Better Title/Meta"
content_d61cd3f4cd54,client_6208ef0f77,0.6525529165785988,General Decay - Review Content Quality
content_c24a29cb4c2a,client_6208ef0f77,0.6525518562011586,"High Visibility, Poor CTR - Needs Better Title/Meta"
content_ec1f3d01d0ee,client_19581e27de,0.652550093198172,General Decay - Review Content Quality
content_7d60293ce0a0,client_3fdba35f04,0.6525002699800144,"High Visibility, Poor CTR - Needs Better Title/Meta"
content_53fae7fec5f8,client_6208ef0f77,0.6524403337608792,General Decay - Review Content Quality
content_03fe06e24d6e,client_6208ef0f77,0.6524403337608792,General Decay - Review Content Quality
content_ecad3628aef2,client_6208ef0f77,0.6524164781230444,General Decay - Review Content Quality
content_d5151ee52da5,client_6208ef0f77,0.6523815056524731,General Decay - Review Content Quality
content_b6ce2bd3721e,client_3fdba35f04,0.6523509870727814,General Decay - Review Content Quality
content_6ba1b979aee3,client_3fdba35f04,0.652237897792515,General Decay - Review Content Quality
content_9d04f7cee5bb,client_6208ef0f77,0.652119498228842,"High Visibility, Poor CTR - Needs Better Title/Meta"
content_66bbdc2e2fca,client_8527a891e2,0.6521064654148928,"High Visibility, Poor CTR - Needs Better Title/Meta"
content_754f60740fb5,client_8527a891e2,0.6519631619129048,General Decay - Review Content Quality
content_f10c67d2ab31,client_19581e27de,0.6519293329628116,"High Visibility, Poor CTR - Needs Better Title/Meta"
content_99a50129593d,client_6208ef0f77,0.6518858198835156,"High Visibility, Poor CTR - Needs Better Title/Meta"
content_e41f0e70fded,client_6208ef0f77,0.6518858198835156,"High Visibility, Poor CTR - Needs Better Title/Meta"
content_65fb42ca4bbe,client_6208ef0f77,0.6518858198835156,"High Visibility, Poor CTR - Needs Better Title/Meta"
content_074ba6ead17b,client_d029fa3a95,0.6518467708641877,Stale & Low CTR - Needs Content Update
content_06d7546ebe1b,client_6208ef0f77,0.6517563422151175,"High Visibility, Poor CTR - Needs Better Title/Meta"
content_2053f3506ce3,client_6208ef0f77,0.6517534384261036,General Decay - Review Content Quality
content_7b280fe2ed8a,client_6208ef0f77,0.6516937598883178,General Decay - Review Content Quality
content_dd95369c8726,client_6208ef0f77,0.6516937598883178,General Decay - Review Content Quality
content_630a607a674d,client_6208ef0f77,0.6516937598883178,General Decay - Review Content Quality
content_6df70fe00f9b,client_6208ef0f77,0.6516767163008923,"High Visibility, Poor CTR - Needs Better Title/Meta"
content_0508d3d7079c,client_6208ef0f77,0.6516767163008923,"High Visibility, Poor CTR - Needs Better Title/Meta"
content_206eeede50f6,client_6208ef0f77,0.6516767163008923,"High Visibility, Poor CTR - Needs Better Title/Meta"
content_552a9396d8dc,client_8527a891e2,0.6515724720470543,General Decay - Review Content Quality
content_72c39b26f02b,client_6208ef0f77,0.6515652122313546,"High Visibility, Poor CTR - Needs Better Title/Meta"
content_26aaf62c0a5d,client_6208ef0f77,0.6515416389954267,"High Visibility, Poor CTR - Needs Better Title/Meta"
content_25649b1ef065,client_6208ef0f77,0.6515211007912071,"High Visibility, Poor CTR - Needs Better Title/Meta"
content_0724f6a314b0,client_6208ef0f77,0.6515185446819755,"High Visibility, Poor CTR - Needs Better Title/Meta"
content_53519f7cdbab,client_6208ef0f77,0.6514846563056945,General Decay - Review Content Quality
content_a0a18b72111a,client_6208ef0f77,0.6514846563056945,General Decay - Review Content Quality
content_531185a719af,client_624b60c58c,0.651478968216254,General Decay - Review Content Quality
content_a9784de463d9,client_8527a891e2,0.651478968216254,General Decay - Review Content Quality
content_9dc0f5372b8f,client_6208ef0f77,0.651478968216254,General Decay - Review Content Quality
content_b3ffe1be8edc,client_6208ef0f77,0.651478968216254,General Decay - Review Content Quality
content_9848e9246b4d,client_6208ef0f77,0.651478968216254,General Decay - Review Content Quality
content_12bf573b4af4,client_6208ef0f77,0.651478968216254,General Decay - Review Content Quality
content_6b6043235074,client_6208ef0f77,0.651461261306499,"High Visibility, Poor CTR - Needs Better Title/Meta"
content_ca7cbd81df3c,client_6208ef0f77,0.6514402846775912,"High Visibility, Poor CTR - Needs Better Title/Meta"
content_2f39ca7b1cd1,client_6208ef0f77,0.6512231955403925,"High Visibility, Poor CTR - Needs Better Title/Meta"
content_c5fe0417cdb0,client_6208ef0f77,0.6511119832093495,"High Visibility, Poor CTR - Needs Better Title/Meta"
content_d3d85c7cc072,client_6208ef0f77,0.6511119832093495,"High Visibility, Poor CTR - Needs Better Title/Meta"
content_ce59581533ca,client_8527a891e2,0.6511008272559242,General Decay - Review Content Quality
content_170bae0f7904,client_6208ef0f77,0.651077339317564,"High Visibility, Poor CTR - Needs Better Title/Meta"
content_11cc6f77700f,client_6208ef0f77,0.6510611856198064,"High Visibility, Poor CTR - Needs Better Title/Meta"
content_9154bca5c190,client_8527a891e2,0.6510046049413638,General Decay - Review Content Quality
content_24b8d8860ad9,client_8527a891e2,0.6510046049413638,General Decay - Review Content Quality
content_b2df860b928d,client_8527a891e2,0.6508989508715491,General Decay - Review Content Quality
content_7808a4811a26,client_6208ef0f77,0.6508837166116794,General Decay - Review Content Quality
content_a8494c8830bb,client_8722616204,0.6508837166116794,General Decay - Review Content Quality
content_4a93113b6f2a,client_6208ef0f77,0.6508733707849139,"High Visibility, Poor CTR - Needs Better Title/Meta"
content_0f1d5c82c777,client_6208ef0f77,0.6508733707849139,"High Visibility, Poor CTR - Needs Better Title/Meta"
content_e793e8775723,client_6208ef0f77,0.6508706886089002,General Decay - Review Content Quality
content_9613fb44be49,client_6208ef0f77,0.6508706886089002,General Decay - Review Content Quality
content_508273c914c5,client_6208ef0f77,0.6508706886089002,General Decay - Review Content Quality
content_b16f7a2bf209,client_6208ef0f77,0.6508706886089002,General Decay - Review Content Quality
content_71586c20ea08,client_3fdba35f04,0.6507072635368398,"High Visibility, Poor CTR - Needs Better Title/Meta"
content_cd27391ecd03,client_d029fa3a95,0.6506756947245662,Stale & Low CTR - Needs Content Update
content_dd2e06be1af4,client_d029fa3a95,0.6506756947245662,Stale & Low CTR - Needs Content Update
content_13811c7e9cf5,client_6208ef0f77,0.6506756227002755,General Decay - Review Content Quality
content_6a06cceeb86d,client_8527a891e2,0.6506615850262769,General Decay - Review Content Quality
content_2c962da2da80,client_6208ef0f77,0.6506579157905205,General Decay - Review Content Quality
content_a2a5be3cb212,client_6208ef0f77,0.6506558969368365,General Decay - Review Content Quality
content_3ef8a99234a7,client_4ec9599fc2,0.6506405243216261,General Decay - Review Content Quality
content_38d75361615f,client_8527a891e2,0.6506405243216261,General Decay - Review Content Quality
content_54bd2e27a6bf,client_6208ef0f77,0.6506242514444284,"High Visibility, Poor CTR - Needs Better Title/Meta"
content_217ab13a19c2,client_8527a891e2,0.6505794686751838,General Decay - Review Content Quality
content_ffd6816424b1,client_8527a891e2,0.6505794686751838,General Decay - Review Content Quality
content_a8ee3b8ed390,client_624b60c58c,0.6504455182935507,General Decay - Review Content Quality
content_95da084160cd,client_6208ef0f77,0.6504371944344718,General Decay - Review Content Quality
content_840a5e7eeacb,client_6208ef0f77,0.6503342844266696,"High Visibility, Poor CTR - Needs Better Title/Meta"
content_a179d79bf1f9,client_6208ef0f77,0.6503232098712708,"High Visibility, Poor CTR - Needs Better Title/Meta"
content_793edc5b585c,client_6208ef0f77,0.6502199435788549,"High Visibility, Poor CTR - Needs Better Title/Meta"
content_2ec7394caeca,client_3fdba35f04,0.6502099989159302,"High Visibility, Poor CTR - Needs Better Title/Meta"
content_7e724899f969,client_8722616204,0.6502094457731303,General Decay - Review Content Quality
content_4b5eba9551d2,client_6208ef0f77,0.6501251808440464,"High Visibility, Poor CTR - Needs Better Title/Meta"
content_668bea7107e6,client_19581e27de,0.6501240034407695,"High Visibility, Poor CTR - Needs Better Title/Meta"
content_8158a0aaa6df,client_6208ef0f77,0.6500970602926951,"High Visibility, Poor CTR - Needs Better Title/Meta"
content_ff4cc06c5be7,client_6208ef0f77,0.6500816718005861,"High Visibility, Poor CTR - Needs Better Title/Meta"
content_e6ae86be17f1,client_624b60c58c,0.6500772920950146,General Decay - Review Content Quality
content_667eb5ec4c55,client_6208ef0f77,0.6500508763531633,"High Visibility, Poor CTR - Needs Better Title/Meta"
